{
    "counter": {
        "ACTIVE": 176500,
        "INACTIVE": 2,
        "INVALID": 0,
        "MALICIOUS": 0,
        "SANE": 0,
        "VALID": 0,
        "total": 176502
    },
    "percentage": {
        "ACTIVE": 99.9988668683641,
        "INACTIVE": 0.0011331316359021427,
        "INVALID": 0.0,
        "MALICIOUS": 0.0,
        "SANE": 0.0,
        "VALID": 0.0,
        "total": 100.0
    }
}