{
    "counter": {
        "ACTIVE": 148457,
        "INACTIVE": 1,
        "INVALID": 0,
        "MALICIOUS": 0,
        "SANE": 0,
        "VALID": 0,
        "total": 148458
    },
    "percentage": {
        "ACTIVE": 99.99932640881596,
        "INACTIVE": 0.0006735911840385833,
        "INVALID": 0.0,
        "MALICIOUS": 0.0,
        "SANE": 0.0,
        "VALID": 0.0,
        "total": 100.0
    }
}