{
    "counter": {
        "ACTIVE": 123268,
        "INACTIVE": 1,
        "INVALID": 0,
        "MALICIOUS": 0,
        "SANE": 0,
        "VALID": 0,
        "total": 123269
    },
    "percentage": {
        "ACTIVE": 99.999188766032,
        "INACTIVE": 0.0008112339679887076,
        "INVALID": 0.0,
        "MALICIOUS": 0.0,
        "SANE": 0.0,
        "VALID": 0.0,
        "total": 100.0
    }
}