{
    "counter": {
        "ACTIVE": 2455,
        "INACTIVE": 1,
        "INVALID": 0,
        "MALICIOUS": 0,
        "SANE": 0,
        "VALID": 0,
        "total": 2456
    },
    "percentage": {
        "ACTIVE": 99.95928338762215,
        "INACTIVE": 0.42016806722689076,
        "INVALID": 0,
        "MALICIOUS": 0,
        "SANE": 0,
        "VALID": 0,
        "total": 100.37945145484905
    }
}