{
    "counter": {
        "ACTIVE": 2781,
        "INACTIVE": 2,
        "INVALID": 0,
        "MALICIOUS": 0,
        "SANE": 0,
        "VALID": 0,
        "total": 2783
    },
    "percentage": {
        "ACTIVE": 99.92813510600072,
        "INACTIVE": 0.18467220683287167,
        "INVALID": 0,
        "MALICIOUS": 0,
        "SANE": 0,
        "VALID": 0,
        "total": 100.1128073128336
    }
}