{
    "counter": {
        "ACTIVE": 185291,
        "INACTIVE": 2,
        "INVALID": 0,
        "MALICIOUS": 0,
        "SANE": 0,
        "VALID": 0,
        "total": 185293
    },
    "percentage": {
        "ACTIVE": 99.99892062841013,
        "INACTIVE": 0.0010793715898603834,
        "INVALID": 0.0,
        "MALICIOUS": 0.0,
        "SANE": 0.0,
        "VALID": 0.0,
        "total": 100.0
    }
}