{
    "counter": {
        "ACTIVE": 2068,
        "INACTIVE": 5,
        "INVALID": 0,
        "MALICIOUS": 0,
        "SANE": 0,
        "VALID": 0,
        "total": 2073
    },
    "percentage": {
        "ACTIVE": 99.75880366618428,
        "INACTIVE": 0.37650602409638556,
        "INVALID": 0,
        "MALICIOUS": 0,
        "SANE": 0,
        "VALID": 0,
        "total": 100.13530969028066
    }
}