{
    "counter": {
        "ACTIVE": 166983,
        "INACTIVE": 1,
        "INVALID": 0,
        "MALICIOUS": 0,
        "SANE": 0,
        "VALID": 0,
        "total": 166984
    },
    "percentage": {
        "ACTIVE": 99.999401140229,
        "INACTIVE": 0.0005988597709960236,
        "INVALID": 0.0,
        "MALICIOUS": 0.0,
        "SANE": 0.0,
        "VALID": 0.0,
        "total": 100.0
    }
}