{
    "counter": {
        "ACTIVE": 184734,
        "INACTIVE": 2,
        "INVALID": 0,
        "MALICIOUS": 0,
        "SANE": 0,
        "VALID": 0,
        "total": 184736
    },
    "percentage": {
        "ACTIVE": 99.99891737398234,
        "INACTIVE": 0.0010826260176684567,
        "INVALID": 0.0,
        "MALICIOUS": 0.0,
        "SANE": 0.0,
        "VALID": 0.0,
        "total": 100.0
    }
}