{
    "counter": {
        "ACTIVE": 2775,
        "INACTIVE": 1,
        "INVALID": 0,
        "MALICIOUS": 0,
        "SANE": 0,
        "VALID": 0,
        "total": 2776
    },
    "percentage": {
        "ACTIVE": 99.96397694524495,
        "INACTIVE": 0.11890606420927467,
        "INVALID": 0,
        "MALICIOUS": 0,
        "SANE": 0,
        "VALID": 0,
        "total": 100.08288300945422
    }
}