{
    "counter": {
        "ACTIVE": 165635,
        "INACTIVE": 1,
        "INVALID": 0,
        "MALICIOUS": 0,
        "SANE": 0,
        "VALID": 0,
        "total": 165636
    },
    "percentage": {
        "ACTIVE": 99.99939626651211,
        "INACTIVE": 0.0006037334878891062,
        "INVALID": 0.0,
        "MALICIOUS": 0.0,
        "SANE": 0.0,
        "VALID": 0.0,
        "total": 100.0
    }
}