{
    "counter": {
        "ACTIVE": 2744,
        "INACTIVE": 5,
        "INVALID": 0,
        "MALICIOUS": 0,
        "SANE": 0,
        "VALID": 0,
        "total": 2749
    },
    "percentage": {
        "ACTIVE": 99.81811567842853,
        "INACTIVE": 0.1866368047779022,
        "INVALID": 0,
        "MALICIOUS": 0,
        "SANE": 0,
        "VALID": 0,
        "total": 100.00475248320643
    }
}