{
    "counter": {
        "ACTIVE": 185803,
        "INACTIVE": 2,
        "INVALID": 0,
        "MALICIOUS": 0,
        "SANE": 0,
        "VALID": 0,
        "total": 185805
    },
    "percentage": {
        "ACTIVE": 99.99892360270175,
        "INACTIVE": 0.0010763972982427814,
        "INVALID": 0.0,
        "MALICIOUS": 0.0,
        "SANE": 0.0,
        "VALID": 0.0,
        "total": 100.0
    }
}