{
    "counter": {
        "ACTIVE": 183095,
        "INACTIVE": 2,
        "INVALID": 0,
        "MALICIOUS": 0,
        "SANE": 0,
        "VALID": 0,
        "total": 183097
    },
    "percentage": {
        "ACTIVE": 99.99890768281294,
        "INACTIVE": 0.0010923171870647799,
        "INVALID": 0.0,
        "MALICIOUS": 0.0,
        "SANE": 0.0,
        "VALID": 0.0,
        "total": 100.0
    }
}