{
    "counter": {
        "ACTIVE": 170579,
        "INACTIVE": 1,
        "INVALID": 0,
        "MALICIOUS": 0,
        "SANE": 0,
        "VALID": 0,
        "total": 170580
    },
    "percentage": {
        "ACTIVE": 99.99941376480244,
        "INACTIVE": 0.0005862351975612616,
        "INVALID": 0.0,
        "MALICIOUS": 0.0,
        "SANE": 0.0,
        "VALID": 0.0,
        "total": 100.0
    }
}