{
    "counter": {
        "ACTIVE": 167883,
        "INACTIVE": 1,
        "INVALID": 0,
        "MALICIOUS": 0,
        "SANE": 0,
        "VALID": 0,
        "total": 167884
    },
    "percentage": {
        "ACTIVE": 99.99940435062305,
        "INACTIVE": 0.0005956493769507517,
        "INVALID": 0.0,
        "MALICIOUS": 0.0,
        "SANE": 0.0,
        "VALID": 0.0,
        "total": 100.0
    }
}