{
    "counter": {
        "ACTIVE": 142703,
        "INACTIVE": 1,
        "INVALID": 0,
        "MALICIOUS": 0,
        "SANE": 0,
        "VALID": 0,
        "total": 142704
    },
    "percentage": {
        "ACTIVE": 99.99929924879471,
        "INACTIVE": 0.0007007512052920731,
        "INVALID": 0.0,
        "MALICIOUS": 0.0,
        "SANE": 0.0,
        "VALID": 0.0,
        "total": 100.0
    }
}