{
    "counter": {
        "ACTIVE": 1972,
        "INACTIVE": 15,
        "INVALID": 0,
        "MALICIOUS": 0,
        "SANE": 0,
        "VALID": 0,
        "total": 1987
    },
    "percentage": {
        "ACTIVE": 99.2450931051837,
        "INACTIVE": 0.8228195282501372,
        "INVALID": 0,
        "MALICIOUS": 0,
        "SANE": 0,
        "VALID": 0,
        "total": 100.06791263343383
    }
}