{
    "counter": {
        "ACTIVE": 178464,
        "INACTIVE": 2,
        "INVALID": 0,
        "MALICIOUS": 0,
        "SANE": 0,
        "VALID": 0,
        "total": 178466
    },
    "percentage": {
        "ACTIVE": 99.99887933836136,
        "INACTIVE": 0.001120661638631448,
        "INVALID": 0.0,
        "MALICIOUS": 0.0,
        "SANE": 0.0,
        "VALID": 0.0,
        "total": 100.0
    }
}