{
    "counter": {
        "ACTIVE": 2747,
        "INACTIVE": 27,
        "INVALID": 0,
        "MALICIOUS": 0,
        "SANE": 0,
        "VALID": 0,
        "total": 2774
    },
    "percentage": {
        "ACTIVE": 99.02667627974044,
        "INACTIVE": 0.9857612267250822,
        "INVALID": 0,
        "MALICIOUS": 0,
        "SANE": 0,
        "VALID": 0,
        "total": 100.01243750646553
    }
}