{
    "counter": {
        "ACTIVE": 192180,
        "INACTIVE": 2,
        "INVALID": 0,
        "MALICIOUS": 0,
        "SANE": 0,
        "VALID": 0,
        "total": 192182
    },
    "percentage": {
        "ACTIVE": 99.99895931981143,
        "INACTIVE": 0.0010406801885712502,
        "INVALID": 0.0,
        "MALICIOUS": 0.0,
        "SANE": 0.0,
        "VALID": 0.0,
        "total": 100.0
    }
}