{
    "counter": {
        "ACTIVE": 2668,
        "INACTIVE": 1,
        "INVALID": 0,
        "MALICIOUS": 0,
        "SANE": 0,
        "VALID": 0,
        "total": 2669
    },
    "percentage": {
        "ACTIVE": 99.96253278381417,
        "INACTIVE": 0.10277492291880781,
        "INVALID": 0,
        "MALICIOUS": 0,
        "SANE": 0,
        "VALID": 0,
        "total": 100.06530770673298
    }
}