{
    "counter": {
        "ACTIVE": 2733,
        "INACTIVE": 8,
        "INVALID": 0,
        "MALICIOUS": 0,
        "SANE": 0,
        "VALID": 0,
        "total": 2741
    },
    "percentage": {
        "ACTIVE": 99.70813571689165,
        "INACTIVE": 0.29839612085042894,
        "INVALID": 0,
        "MALICIOUS": 0,
        "SANE": 0,
        "VALID": 0,
        "total": 100.00653183774207
    }
}