{
    "counter": {
        "ACTIVE": 108110,
        "INACTIVE": 1,
        "INVALID": 0,
        "MALICIOUS": 0,
        "SANE": 0,
        "VALID": 0,
        "total": 108111
    },
    "percentage": {
        "ACTIVE": 99.99907502474309,
        "INACTIVE": 0.0009249752569118776,
        "INVALID": 0.0,
        "MALICIOUS": 0.0,
        "SANE": 0.0,
        "VALID": 0.0,
        "total": 100.0
    }
}