{
    "counter": {
        "ACTIVE": 1899,
        "INACTIVE": 7,
        "INVALID": 0,
        "MALICIOUS": 0,
        "SANE": 0,
        "VALID": 0,
        "total": 1906
    },
    "percentage": {
        "ACTIVE": 99.6327387198321,
        "INACTIVE": 0.4132231404958678,
        "INVALID": 0,
        "MALICIOUS": 0,
        "SANE": 0,
        "VALID": 0,
        "total": 100.04596186032798
    }
}