{
    "counter": {
        "ACTIVE": 189344,
        "INACTIVE": 2,
        "INVALID": 0,
        "MALICIOUS": 0,
        "SANE": 0,
        "VALID": 0,
        "total": 189346
    },
    "percentage": {
        "ACTIVE": 99.9989437326376,
        "INACTIVE": 0.0010562673623947694,
        "INVALID": 0.0,
        "MALICIOUS": 0.0,
        "SANE": 0.0,
        "VALID": 0.0,
        "total": 100.0
    }
}