{
    "counter": {
        "ACTIVE": 135317,
        "INACTIVE": 1,
        "INVALID": 0,
        "MALICIOUS": 0,
        "SANE": 0,
        "VALID": 0,
        "total": 135318
    },
    "percentage": {
        "ACTIVE": 99.99926100001478,
        "INACTIVE": 0.0007389999852200003,
        "INVALID": 0.0,
        "MALICIOUS": 0.0,
        "SANE": 0.0,
        "VALID": 0.0,
        "total": 100.0
    }
}