{
    "counter": {
        "ACTIVE": 1970,
        "INACTIVE": 28,
        "INVALID": 0,
        "MALICIOUS": 0,
        "SANE": 0,
        "VALID": 0,
        "total": 1998
    },
    "percentage": {
        "ACTIVE": 98.5985985985986,
        "INACTIVE": 1.408450704225352,
        "INVALID": 0,
        "MALICIOUS": 0,
        "SANE": 0,
        "VALID": 0,
        "total": 100.00704930282396
    }
}