{
    "counter": {
        "ACTIVE": 2730,
        "INACTIVE": 8,
        "INVALID": 0,
        "MALICIOUS": 0,
        "SANE": 0,
        "VALID": 0,
        "total": 2738
    },
    "percentage": {
        "ACTIVE": 99.70781592403215,
        "INACTIVE": 0.29640607632456467,
        "INVALID": 0,
        "MALICIOUS": 0,
        "SANE": 0,
        "VALID": 0,
        "total": 100.0042220003567
    }
}