{
    "counter": {
        "ACTIVE": 2442,
        "INACTIVE": 5,
        "INVALID": 0,
        "MALICIOUS": 0,
        "SANE": 0,
        "VALID": 0,
        "total": 2447
    },
    "percentage": {
        "ACTIVE": 99.79566816510012,
        "INACTIVE": 0.3465003465003465,
        "INVALID": 0,
        "MALICIOUS": 0,
        "SANE": 0,
        "VALID": 0,
        "total": 100.14216851160047
    }
}