{
    "counter": {
        "ACTIVE": 992,
        "INACTIVE": 5,
        "INVALID": 0,
        "MALICIOUS": 0,
        "SANE": 0,
        "VALID": 0,
        "total": 997
    },
    "percentage": {
        "ACTIVE": 99.49849548645938,
        "INACTIVE": 0.7800312012480499,
        "INVALID": 0,
        "MALICIOUS": 0,
        "SANE": 0,
        "VALID": 0,
        "total": 100.27852668770743
    }
}