{
    "counter": {
        "ACTIVE": 2386,
        "INACTIVE": 5,
        "INVALID": 0,
        "MALICIOUS": 0,
        "SANE": 0,
        "VALID": 0,
        "total": 2391
    },
    "percentage": {
        "ACTIVE": 99.79088247595149,
        "INACTIVE": 0.22075055187637968,
        "INVALID": 0,
        "MALICIOUS": 0,
        "SANE": 0,
        "VALID": 0,
        "total": 100.01163302782787
    }
}