{
    "counter": {
        "ACTIVE": 137386,
        "INACTIVE": 1,
        "INVALID": 0,
        "MALICIOUS": 0,
        "SANE": 0,
        "VALID": 0,
        "total": 137387
    },
    "percentage": {
        "ACTIVE": 99.99927212909519,
        "INACTIVE": 0.0007278709048163217,
        "INVALID": 0.0,
        "MALICIOUS": 0.0,
        "SANE": 0.0,
        "VALID": 0.0,
        "total": 100.0
    }
}