{
    "counter": {
        "ACTIVE": 164063,
        "INACTIVE": 1,
        "INVALID": 0,
        "MALICIOUS": 0,
        "SANE": 0,
        "VALID": 0,
        "total": 164064
    },
    "percentage": {
        "ACTIVE": 99.99939048176321,
        "INACTIVE": 0.0006095182367856447,
        "INVALID": 0.0,
        "MALICIOUS": 0.0,
        "SANE": 0.0,
        "VALID": 0.0,
        "total": 100.0
    }
}