{
    "counter": {
        "ACTIVE": 461,
        "INACTIVE": 6,
        "INVALID": 0,
        "MALICIOUS": 0,
        "SANE": 0,
        "VALID": 0,
        "total": 467
    },
    "percentage": {
        "ACTIVE": 98.71520342612419,
        "INACTIVE": 1.4492753623188406,
        "INVALID": 0,
        "MALICIOUS": 0,
        "SANE": 0,
        "VALID": 0,
        "total": 100.16447878844303
    }
}