{
    "counter": {
        "ACTIVE": 1976,
        "INACTIVE": 6,
        "INVALID": 0,
        "MALICIOUS": 0,
        "SANE": 0,
        "VALID": 0,
        "total": 1982
    },
    "percentage": {
        "ACTIVE": 99.69727547931383,
        "INACTIVE": 0.32751091703056767,
        "INVALID": 0,
        "MALICIOUS": 0,
        "SANE": 0,
        "VALID": 0,
        "total": 100.0247863963444
    }
}