{
    "counter": {
        "ACTIVE": 175700,
        "INACTIVE": 2,
        "INVALID": 0,
        "MALICIOUS": 0,
        "SANE": 0,
        "VALID": 0,
        "total": 175702
    },
    "percentage": {
        "ACTIVE": 99.99886170903007,
        "INACTIVE": 0.0011382909699377355,
        "INVALID": 0.0,
        "MALICIOUS": 0.0,
        "SANE": 0.0,
        "VALID": 0.0,
        "total": 100.0
    }
}