{
    "counter": {
        "ACTIVE": 2138,
        "INACTIVE": 3,
        "INVALID": 0,
        "MALICIOUS": 0,
        "SANE": 0,
        "VALID": 0,
        "total": 2141
    },
    "percentage": {
        "ACTIVE": 99.85987856141989,
        "INACTIVE": 0.25210084033613445,
        "INVALID": 0,
        "MALICIOUS": 0,
        "SANE": 0,
        "VALID": 0,
        "total": 100.11197940175603
    }
}