{
    "counter": {
        "ACTIVE": 128835,
        "INACTIVE": 1,
        "INVALID": 0,
        "MALICIOUS": 0,
        "SANE": 0,
        "VALID": 0,
        "total": 128836
    },
    "percentage": {
        "ACTIVE": 99.99922381942935,
        "INACTIVE": 0.0007761805706479556,
        "INVALID": 0.0,
        "MALICIOUS": 0.0,
        "SANE": 0.0,
        "VALID": 0.0,
        "total": 100.0
    }
}