{
    "counter": {
        "ACTIVE": 181625,
        "INACTIVE": 2,
        "INVALID": 0,
        "MALICIOUS": 0,
        "SANE": 0,
        "VALID": 0,
        "total": 181627
    },
    "percentage": {
        "ACTIVE": 99.9988988421325,
        "INACTIVE": 0.0011011578674976737,
        "INVALID": 0.0,
        "MALICIOUS": 0.0,
        "SANE": 0.0,
        "VALID": 0.0,
        "total": 100.0
    }
}