{
    "counter": {
        "ACTIVE": 190150,
        "INACTIVE": 2,
        "INVALID": 0,
        "MALICIOUS": 0,
        "SANE": 0,
        "VALID": 0,
        "total": 190152
    },
    "percentage": {
        "ACTIVE": 99.99894820985317,
        "INACTIVE": 0.0010517901468299045,
        "INVALID": 0.0,
        "MALICIOUS": 0.0,
        "SANE": 0.0,
        "VALID": 0.0,
        "total": 100.0
    }
}