{
    "counter": {
        "ACTIVE": 163718,
        "INACTIVE": 1,
        "INVALID": 0,
        "MALICIOUS": 0,
        "SANE": 0,
        "VALID": 0,
        "total": 163719
    },
    "percentage": {
        "ACTIVE": 99.99938919734423,
        "INACTIVE": 0.0006108026557699473,
        "INVALID": 0.0,
        "MALICIOUS": 0.0,
        "SANE": 0.0,
        "VALID": 0.0,
        "total": 100.0
    }
}