{
    "counter": {
        "ACTIVE": 171574,
        "INACTIVE": 1,
        "INVALID": 0,
        "MALICIOUS": 0,
        "SANE": 0,
        "VALID": 0,
        "total": 171575
    },
    "percentage": {
        "ACTIVE": 99.99941716450532,
        "INACTIVE": 0.0005828354946816261,
        "INVALID": 0.0,
        "MALICIOUS": 0.0,
        "SANE": 0.0,
        "VALID": 0.0,
        "total": 100.0
    }
}