{
    "counter": {
        "ACTIVE": 1079,
        "INACTIVE": 3,
        "INVALID": 0,
        "MALICIOUS": 0,
        "SANE": 0,
        "VALID": 0,
        "total": 1082
    },
    "percentage": {
        "ACTIVE": 99.72273567467653,
        "INACTIVE": 0.4966887417218543,
        "INVALID": 0,
        "MALICIOUS": 0,
        "SANE": 0,
        "VALID": 0,
        "total": 100.21942441639838
    }
}