{
    "counter": {
        "ACTIVE": 191094,
        "INACTIVE": 2,
        "INVALID": 0,
        "MALICIOUS": 0,
        "SANE": 0,
        "VALID": 0,
        "total": 191096
    },
    "percentage": {
        "ACTIVE": 99.99895340561812,
        "INACTIVE": 0.001046594381881358,
        "INVALID": 0.0,
        "MALICIOUS": 0.0,
        "SANE": 0.0,
        "VALID": 0.0,
        "total": 100.0
    }
}