{
    "counter": {
        "ACTIVE": 2434,
        "INACTIVE": 9,
        "INVALID": 0,
        "MALICIOUS": 0,
        "SANE": 0,
        "VALID": 0,
        "total": 2443
    },
    "percentage": {
        "ACTIVE": 99.63160049119935,
        "INACTIVE": 0.37672666387609877,
        "INVALID": 0,
        "MALICIOUS": 0,
        "SANE": 0,
        "VALID": 0,
        "total": 100.00832715507545
    }
}