{
    "counter": {
        "ACTIVE": 168208,
        "INACTIVE": 1,
        "INVALID": 0,
        "MALICIOUS": 0,
        "SANE": 0,
        "VALID": 0,
        "total": 168209
    },
    "percentage": {
        "ACTIVE": 99.99940550148922,
        "INACTIVE": 0.0005944985107812305,
        "INVALID": 0.0,
        "MALICIOUS": 0.0,
        "SANE": 0.0,
        "VALID": 0.0,
        "total": 100.0
    }
}