{
    "counter": {
        "ACTIVE": 2743,
        "INACTIVE": 1,
        "INVALID": 0,
        "MALICIOUS": 0,
        "SANE": 0,
        "VALID": 0,
        "total": 2744
    },
    "percentage": {
        "ACTIVE": 99.96355685131195,
        "INACTIVE": 0.036968576709796676,
        "INVALID": 0,
        "MALICIOUS": 0,
        "SANE": 0,
        "VALID": 0,
        "total": 100.00052542802175
    }
}