{
    "counter": {
        "ACTIVE": 178136,
        "INACTIVE": 2,
        "INVALID": 0,
        "MALICIOUS": 0,
        "SANE": 0,
        "VALID": 0,
        "total": 178138
    },
    "percentage": {
        "ACTIVE": 99.9988772749217,
        "INACTIVE": 0.0011227250783100741,
        "INVALID": 0.0,
        "MALICIOUS": 0.0,
        "SANE": 0.0,
        "VALID": 0.0,
        "total": 100.0
    }
}