{
    "counter": {
        "ACTIVE": 176741,
        "INACTIVE": 2,
        "INVALID": 0,
        "MALICIOUS": 0,
        "SANE": 0,
        "VALID": 0,
        "total": 176743
    },
    "percentage": {
        "ACTIVE": 99.99886841345909,
        "INACTIVE": 0.0011315865409096825,
        "INVALID": 0.0,
        "MALICIOUS": 0.0,
        "SANE": 0.0,
        "VALID": 0.0,
        "total": 100.0
    }
}