{
    "counter": {
        "ACTIVE": 193212,
        "INACTIVE": 2,
        "INVALID": 0,
        "MALICIOUS": 0,
        "SANE": 0,
        "VALID": 0,
        "total": 193214
    },
    "percentage": {
        "ACTIVE": 99.99896487832144,
        "INACTIVE": 0.001035121678553314,
        "INVALID": 0.0,
        "MALICIOUS": 0.0,
        "SANE": 0.0,
        "VALID": 0.0,
        "total": 100.0
    }
}