{
    "counter": {
        "ACTIVE": 1954,
        "INACTIVE": 4,
        "INVALID": 0,
        "MALICIOUS": 0,
        "SANE": 0,
        "VALID": 0,
        "total": 1958
    },
    "percentage": {
        "ACTIVE": 99.79570990806945,
        "INACTIVE": 0.21680216802168023,
        "INVALID": 0,
        "MALICIOUS": 0,
        "SANE": 0,
        "VALID": 0,
        "total": 100.01251207609114
    }
}