{
    "counter": {
        "ACTIVE": 2767,
        "INACTIVE": 1,
        "INVALID": 0,
        "MALICIOUS": 0,
        "SANE": 0,
        "VALID": 0,
        "total": 2768
    },
    "percentage": {
        "ACTIVE": 99.96387283236994,
        "INACTIVE": 0.09267840593141798,
        "INVALID": 0,
        "MALICIOUS": 0,
        "SANE": 0,
        "VALID": 0,
        "total": 100.05655123830137
    }
}