{
    "counter": {
        "ACTIVE": 157998,
        "INACTIVE": 1,
        "INVALID": 0,
        "MALICIOUS": 0,
        "SANE": 0,
        "VALID": 0,
        "total": 157999
    },
    "percentage": {
        "ACTIVE": 99.9993670846018,
        "INACTIVE": 0.0006329153981987228,
        "INVALID": 0.0,
        "MALICIOUS": 0.0,
        "SANE": 0.0,
        "VALID": 0.0,
        "total": 100.0
    }
}