{
    "counter": {
        "ACTIVE": 2444,
        "INACTIVE": 1052,
        "INVALID": 0,
        "MALICIOUS": 0,
        "SANE": 0,
        "VALID": 0,
        "total": 3496
    },
    "percentage": {
        "ACTIVE": 69.92846924177397,
        "INACTIVE": 30.091533180778033,
        "INVALID": 0,
        "MALICIOUS": 0,
        "SANE": 0,
        "VALID": 0,
        "total": 100.020002422552
    }
}