{
    "counter": {
        "ACTIVE": 2532,
        "INACTIVE": 1,
        "INVALID": 0,
        "MALICIOUS": 0,
        "SANE": 0,
        "VALID": 0,
        "total": 2533
    },
    "percentage": {
        "ACTIVE": 99.96052112120016,
        "INACTIVE": 0.10277492291880781,
        "INVALID": 0,
        "MALICIOUS": 0,
        "SANE": 0,
        "VALID": 0,
        "total": 100.06329604411897
    }
}