{
    "counter": {
        "ACTIVE": 2439,
        "INACTIVE": 9,
        "INVALID": 0,
        "MALICIOUS": 0,
        "SANE": 0,
        "VALID": 0,
        "total": 2448
    },
    "percentage": {
        "ACTIVE": 99.63235294117646,
        "INACTIVE": 0.37672666387609877,
        "INVALID": 0,
        "MALICIOUS": 0,
        "SANE": 0,
        "VALID": 0,
        "total": 100.00907960505256
    }
}