{
    "counter": {
        "ACTIVE": 166633,
        "INACTIVE": 1,
        "INVALID": 0,
        "MALICIOUS": 0,
        "SANE": 0,
        "VALID": 0,
        "total": 166634
    },
    "percentage": {
        "ACTIVE": 99.99939988237695,
        "INACTIVE": 0.0006001176230541187,
        "INVALID": 0.0,
        "MALICIOUS": 0.0,
        "SANE": 0.0,
        "VALID": 0.0,
        "total": 100.0
    }
}