{
    "counter": {
        "ACTIVE": 134090,
        "INACTIVE": 1,
        "INVALID": 0,
        "MALICIOUS": 0,
        "SANE": 0,
        "VALID": 0,
        "total": 134091
    },
    "percentage": {
        "ACTIVE": 99.99925423779374,
        "INACTIVE": 0.000745762206262911,
        "INVALID": 0.0,
        "MALICIOUS": 0.0,
        "SANE": 0.0,
        "VALID": 0.0,
        "total": 100.0
    }
}