{
    "counter": {
        "ACTIVE": 467,
        "INACTIVE": 1,
        "INVALID": 0,
        "MALICIOUS": 0,
        "SANE": 0,
        "VALID": 0,
        "total": 468
    },
    "percentage": {
        "ACTIVE": 99.78632478632478,
        "INACTIVE": 0.2506265664160401,
        "INVALID": 0,
        "MALICIOUS": 0,
        "SANE": 0,
        "VALID": 0,
        "total": 100.03695135274083
    }
}