{
    "counter": {
        "ACTIVE": 147127,
        "INACTIVE": 1,
        "INVALID": 0,
        "MALICIOUS": 0,
        "SANE": 0,
        "VALID": 0,
        "total": 147128
    },
    "percentage": {
        "ACTIVE": 99.9993203197216,
        "INACTIVE": 0.0006796802783970421,
        "INVALID": 0.0,
        "MALICIOUS": 0.0,
        "SANE": 0.0,
        "VALID": 0.0,
        "total": 100.0
    }
}