{
    "counter": {
        "ACTIVE": 130174,
        "INACTIVE": 1,
        "INVALID": 0,
        "MALICIOUS": 0,
        "SANE": 0,
        "VALID": 0,
        "total": 130175
    },
    "percentage": {
        "ACTIVE": 99.99923180334166,
        "INACTIVE": 0.0007681966583445362,
        "INVALID": 0.0,
        "MALICIOUS": 0.0,
        "SANE": 0.0,
        "VALID": 0.0,
        "total": 100.0
    }
}