{
    "counter": {
        "ACTIVE": 2768,
        "INACTIVE": 6,
        "INVALID": 0,
        "MALICIOUS": 0,
        "SANE": 0,
        "VALID": 0,
        "total": 2774
    },
    "percentage": {
        "ACTIVE": 99.78370583994233,
        "INACTIVE": 0.23885350318471338,
        "INVALID": 0,
        "MALICIOUS": 0,
        "SANE": 0,
        "VALID": 0,
        "total": 100.02255934312704
    }
}