{
    "counter": {
        "ACTIVE": 178769,
        "INACTIVE": 2,
        "INVALID": 0,
        "MALICIOUS": 0,
        "SANE": 0,
        "VALID": 0,
        "total": 178771
    },
    "percentage": {
        "ACTIVE": 99.99888125031465,
        "INACTIVE": 0.001118749685351651,
        "INVALID": 0.0,
        "MALICIOUS": 0.0,
        "SANE": 0.0,
        "VALID": 0.0,
        "total": 100.0
    }
}