{
    "counter": {
        "ACTIVE": 117431,
        "INACTIVE": 1,
        "INVALID": 0,
        "MALICIOUS": 0,
        "SANE": 0,
        "VALID": 0,
        "total": 117432
    },
    "percentage": {
        "ACTIVE": 99.99914844335446,
        "INACTIVE": 0.0008515566455480619,
        "INVALID": 0.0,
        "MALICIOUS": 0.0,
        "SANE": 0.0,
        "VALID": 0.0,
        "total": 100.0
    }
}