{
    "counter": {
        "ACTIVE": 2427,
        "INACTIVE": 8,
        "INVALID": 0,
        "MALICIOUS": 0,
        "SANE": 0,
        "VALID": 0,
        "total": 2435
    },
    "percentage": {
        "ACTIVE": 99.67145790554414,
        "INACTIVE": 0.36849378166743435,
        "INVALID": 0,
        "MALICIOUS": 0,
        "SANE": 0,
        "VALID": 0,
        "total": 100.03995168721158
    }
}