{
    "counter": {
        "ACTIVE": 184002,
        "INACTIVE": 2,
        "INVALID": 0,
        "MALICIOUS": 0,
        "SANE": 0,
        "VALID": 0,
        "total": 184004
    },
    "percentage": {
        "ACTIVE": 99.99891306710724,
        "INACTIVE": 0.0010869328927632007,
        "INVALID": 0.0,
        "MALICIOUS": 0.0,
        "SANE": 0.0,
        "VALID": 0.0,
        "total": 100.0
    }
}