{
    "counter": {
        "ACTIVE": 164773,
        "INACTIVE": 1,
        "INVALID": 0,
        "MALICIOUS": 0,
        "SANE": 0,
        "VALID": 0,
        "total": 164774
    },
    "percentage": {
        "ACTIVE": 99.99939310813599,
        "INACTIVE": 0.0006068918640076711,
        "INVALID": 0.0,
        "MALICIOUS": 0.0,
        "SANE": 0.0,
        "VALID": 0.0,
        "total": 100.0
    }
}