{
    "counter": {
        "ACTIVE": 2373,
        "INACTIVE": 12,
        "INVALID": 0,
        "MALICIOUS": 0,
        "SANE": 0,
        "VALID": 0,
        "total": 2385
    },
    "percentage": {
        "ACTIVE": 99.49685534591195,
        "INACTIVE": 0.5747126436781609,
        "INVALID": 0,
        "MALICIOUS": 0,
        "SANE": 0,
        "VALID": 0,
        "total": 100.07156798959011
    }
}