{
    "counter": {
        "ACTIVE": 2434,
        "INACTIVE": 10,
        "INVALID": 0,
        "MALICIOUS": 0,
        "SANE": 0,
        "VALID": 0,
        "total": 2444
    },
    "percentage": {
        "ACTIVE": 99.59083469721767,
        "INACTIVE": 0.5017561465127948,
        "INVALID": 0,
        "MALICIOUS": 0,
        "SANE": 0,
        "VALID": 0,
        "total": 100.09259084373046
    }
}