{
    "counter": {
        "ACTIVE": 122748,
        "INACTIVE": 1,
        "INVALID": 0,
        "MALICIOUS": 0,
        "SANE": 0,
        "VALID": 0,
        "total": 122749
    },
    "percentage": {
        "ACTIVE": 99.99918532941206,
        "INACTIVE": 0.0008146705879477634,
        "INVALID": 0.0,
        "MALICIOUS": 0.0,
        "SANE": 0.0,
        "VALID": 0.0,
        "total": 100.0
    }
}