{
    "counter": {
        "ACTIVE": 527,
        "INACTIVE": 3,
        "INVALID": 0,
        "MALICIOUS": 0,
        "SANE": 0,
        "VALID": 0,
        "total": 530
    },
    "percentage": {
        "ACTIVE": 99.43396226415095,
        "INACTIVE": 0.6535947712418301,
        "INVALID": 0,
        "MALICIOUS": 0,
        "SANE": 0,
        "VALID": 0,
        "total": 100.08755703539278
    }
}