{
    "counter": {
        "ACTIVE": 2751,
        "INACTIVE": 3,
        "INVALID": 0,
        "MALICIOUS": 0,
        "SANE": 0,
        "VALID": 0,
        "total": 2754
    },
    "percentage": {
        "ACTIVE": 99.89106753812636,
        "INACTIVE": 0.11049723756906077,
        "INVALID": 0,
        "MALICIOUS": 0,
        "SANE": 0,
        "VALID": 0,
        "total": 100.00156477569543
    }
}