{
    "counter": {
        "ACTIVE": 152949,
        "INACTIVE": 1,
        "INVALID": 0,
        "MALICIOUS": 0,
        "SANE": 0,
        "VALID": 0,
        "total": 152950
    },
    "percentage": {
        "ACTIVE": 99.99934619156588,
        "INACTIVE": 0.0006538084341288003,
        "INVALID": 0.0,
        "MALICIOUS": 0.0,
        "SANE": 0.0,
        "VALID": 0.0,
        "total": 100.0
    }
}