{
    "counter": {
        "ACTIVE": 2756,
        "INACTIVE": 2,
        "INVALID": 0,
        "MALICIOUS": 0,
        "SANE": 0,
        "VALID": 0,
        "total": 2758
    },
    "percentage": {
        "ACTIVE": 99.92748368382887,
        "INACTIVE": 0.10411244143675169,
        "INVALID": 0,
        "MALICIOUS": 0,
        "SANE": 0,
        "VALID": 0,
        "total": 100.03159612526562
    }
}