{
    "counter": {
        "ACTIVE": 1954,
        "INACTIVE": 8,
        "INVALID": 0,
        "MALICIOUS": 0,
        "SANE": 0,
        "VALID": 0,
        "total": 1962
    },
    "percentage": {
        "ACTIVE": 99.59225280326197,
        "INACTIVE": 0.418848167539267,
        "INVALID": 0,
        "MALICIOUS": 0,
        "SANE": 0,
        "VALID": 0,
        "total": 100.01110097080124
    }
}