{
    "counter": {
        "ACTIVE": 136514,
        "INACTIVE": 1,
        "INVALID": 0,
        "MALICIOUS": 0,
        "SANE": 0,
        "VALID": 0,
        "total": 136515
    },
    "percentage": {
        "ACTIVE": 99.99926747976413,
        "INACTIVE": 0.000732520235871516,
        "INVALID": 0.0,
        "MALICIOUS": 0.0,
        "SANE": 0.0,
        "VALID": 0.0,
        "total": 100.0
    }
}