{
    "counter": {
        "ACTIVE": 2103,
        "INACTIVE": 1,
        "INVALID": 0,
        "MALICIOUS": 0,
        "SANE": 0,
        "VALID": 0,
        "total": 2104
    },
    "percentage": {
        "ACTIVE": 99.95247148288973,
        "INACTIVE": 0.10245901639344263,
        "INVALID": 0,
        "MALICIOUS": 0,
        "SANE": 0,
        "VALID": 0,
        "total": 100.05493049928317
    }
}