{
    "counter": {
        "ACTIVE": 190460,
        "INACTIVE": 2,
        "INVALID": 0,
        "MALICIOUS": 0,
        "SANE": 0,
        "VALID": 0,
        "total": 190462
    },
    "percentage": {
        "ACTIVE": 99.99894992176917,
        "INACTIVE": 0.0010500782308281967,
        "INVALID": 0.0,
        "MALICIOUS": 0.0,
        "SANE": 0.0,
        "VALID": 0.0,
        "total": 100.0
    }
}