{
    "counter": {
        "ACTIVE": 170907,
        "INACTIVE": 1,
        "INVALID": 0,
        "MALICIOUS": 0,
        "SANE": 0,
        "VALID": 0,
        "total": 170908
    },
    "percentage": {
        "ACTIVE": 99.99941488988227,
        "INACTIVE": 0.0005851101177241556,
        "INVALID": 0.0,
        "MALICIOUS": 0.0,
        "SANE": 0.0,
        "VALID": 0.0,
        "total": 100.0
    }
}