{
    "counter": {
        "ACTIVE": 2757,
        "INACTIVE": 3,
        "INVALID": 0,
        "MALICIOUS": 0,
        "SANE": 0,
        "VALID": 0,
        "total": 2760
    },
    "percentage": {
        "ACTIVE": 99.8913043478261,
        "INACTIVE": 0.15856236786469344,
        "INVALID": 0,
        "MALICIOUS": 0,
        "SANE": 0,
        "VALID": 0,
        "total": 100.04986671569078
    }
}