{
    "counter": {
        "ACTIVE": 165021,
        "INACTIVE": 1,
        "INVALID": 0,
        "MALICIOUS": 0,
        "SANE": 0,
        "VALID": 0,
        "total": 165022
    },
    "percentage": {
        "ACTIVE": 99.99939402019125,
        "INACTIVE": 0.0006059798087527723,
        "INVALID": 0.0,
        "MALICIOUS": 0.0,
        "SANE": 0.0,
        "VALID": 0.0,
        "total": 100.0
    }
}