{
    "counter": {
        "ACTIVE": 1240,
        "INACTIVE": 5,
        "INVALID": 0,
        "MALICIOUS": 0,
        "SANE": 0,
        "VALID": 0,
        "total": 1245
    },
    "percentage": {
        "ACTIVE": 99.59839357429719,
        "INACTIVE": 0.42955326460481097,
        "INVALID": 0,
        "MALICIOUS": 0,
        "SANE": 0,
        "VALID": 0,
        "total": 100.027946838902
    }
}