{
    "counter": {
        "ACTIVE": 111403,
        "INACTIVE": 1,
        "INVALID": 0,
        "MALICIOUS": 0,
        "SANE": 0,
        "VALID": 0,
        "total": 111404
    },
    "percentage": {
        "ACTIVE": 99.99910236616279,
        "INACTIVE": 0.0008976338372051273,
        "INVALID": 0.0,
        "MALICIOUS": 0.0,
        "SANE": 0.0,
        "VALID": 0.0,
        "total": 100.0
    }
}