{
    "counter": {
        "ACTIVE": 2741,
        "INACTIVE": 5,
        "INVALID": 0,
        "MALICIOUS": 0,
        "SANE": 0,
        "VALID": 0,
        "total": 2746
    },
    "percentage": {
        "ACTIVE": 99.81791697013838,
        "INACTIVE": 0.1852537977028529,
        "INVALID": 0,
        "MALICIOUS": 0,
        "SANE": 0,
        "VALID": 0,
        "total": 100.00317076784124
    }
}