{
    "counter": {
        "ACTIVE": 107135,
        "INACTIVE": 1,
        "INVALID": 0,
        "MALICIOUS": 0,
        "SANE": 0,
        "VALID": 0,
        "total": 107136
    },
    "percentage": {
        "ACTIVE": 99.9990666069295,
        "INACTIVE": 0.0009333930704898447,
        "INVALID": 0.0,
        "MALICIOUS": 0.0,
        "SANE": 0.0,
        "VALID": 0.0,
        "total": 100.0
    }
}