{
    "counter": {
        "ACTIVE": 175385,
        "INACTIVE": 2,
        "INVALID": 0,
        "MALICIOUS": 0,
        "SANE": 0,
        "VALID": 0,
        "total": 175387
    },
    "percentage": {
        "ACTIVE": 99.99885966462736,
        "INACTIVE": 0.0011403353726330914,
        "INVALID": 0.0,
        "MALICIOUS": 0.0,
        "SANE": 0.0,
        "VALID": 0.0,
        "total": 100.0
    }
}