{
    "counter": {
        "ACTIVE": 2760,
        "INACTIVE": 3,
        "INVALID": 0,
        "MALICIOUS": 0,
        "SANE": 0,
        "VALID": 0,
        "total": 2763
    },
    "percentage": {
        "ACTIVE": 99.8914223669924,
        "INACTIVE": 0.12295081967213115,
        "INVALID": 0,
        "MALICIOUS": 0,
        "SANE": 0,
        "VALID": 0,
        "total": 100.01437318666453
    }
}