{
    "counter": {
        "ACTIVE": 140123,
        "INACTIVE": 1,
        "INVALID": 0,
        "MALICIOUS": 0,
        "SANE": 0,
        "VALID": 0,
        "total": 140124
    },
    "percentage": {
        "ACTIVE": 99.99928634637892,
        "INACTIVE": 0.0007136536210784733,
        "INVALID": 0.0,
        "MALICIOUS": 0.0,
        "SANE": 0.0,
        "VALID": 0.0,
        "total": 100.0
    }
}