{
    "counter": {
        "ACTIVE": 2035,
        "INACTIVE": 5,
        "INVALID": 0,
        "MALICIOUS": 0,
        "SANE": 0,
        "VALID": 0,
        "total": 2040
    },
    "percentage": {
        "ACTIVE": 99.75490196078431,
        "INACTIVE": 0.3465003465003465,
        "INVALID": 0,
        "MALICIOUS": 0,
        "SANE": 0,
        "VALID": 0,
        "total": 100.10140230728466
    }
}