{
    "counter": {
        "ACTIVE": 156378,
        "INACTIVE": 1,
        "INVALID": 0,
        "MALICIOUS": 0,
        "SANE": 0,
        "VALID": 0,
        "total": 156379
    },
    "percentage": {
        "ACTIVE": 99.99936052794813,
        "INACTIVE": 0.0006394720518739729,
        "INVALID": 0.0,
        "MALICIOUS": 0.0,
        "SANE": 0.0,
        "VALID": 0.0,
        "total": 100.0
    }
}