{
    "counter": {
        "ACTIVE": 2734,
        "INACTIVE": 1,
        "INVALID": 0,
        "MALICIOUS": 0,
        "SANE": 0,
        "VALID": 0,
        "total": 2735
    },
    "percentage": {
        "ACTIVE": 99.96343692870201,
        "INACTIVE": 0.054914881933003847,
        "INVALID": 0,
        "MALICIOUS": 0,
        "SANE": 0,
        "VALID": 0,
        "total": 100.01835181063501
    }
}