{
    "counter": {
        "ACTIVE": 2428,
        "INACTIVE": 9,
        "INVALID": 0,
        "MALICIOUS": 0,
        "SANE": 0,
        "VALID": 0,
        "total": 2437
    },
    "percentage": {
        "ACTIVE": 99.63069347558474,
        "INACTIVE": 0.47745358090185674,
        "INVALID": 0,
        "MALICIOUS": 0,
        "SANE": 0,
        "VALID": 0,
        "total": 100.10814705648659
    }
}