{
    "counter": {
        "ACTIVE": 2429,
        "INACTIVE": 31,
        "INVALID": 0,
        "MALICIOUS": 0,
        "SANE": 0,
        "VALID": 0,
        "total": 2460
    },
    "percentage": {
        "ACTIVE": 98.73983739837398,
        "INACTIVE": 1.277297074577668,
        "INVALID": 0,
        "MALICIOUS": 0,
        "SANE": 0,
        "VALID": 0,
        "total": 100.01713447295165
    }
}