{
    "counter": {
        "ACTIVE": 127878,
        "INACTIVE": 1,
        "INVALID": 0,
        "MALICIOUS": 0,
        "SANE": 0,
        "VALID": 0,
        "total": 127879
    },
    "percentage": {
        "ACTIVE": 99.9992180107758,
        "INACTIVE": 0.0007819892241884907,
        "INVALID": 0.0,
        "MALICIOUS": 0.0,
        "SANE": 0.0,
        "VALID": 0.0,
        "total": 100.0
    }
}