{
    "counter": {
        "ACTIVE": 193431,
        "INACTIVE": 2,
        "INVALID": 0,
        "MALICIOUS": 0,
        "SANE": 0,
        "VALID": 0,
        "total": 193433
    },
    "percentage": {
        "ACTIVE": 99.9989660502603,
        "INACTIVE": 0.001033949739703153,
        "INVALID": 0.0,
        "MALICIOUS": 0.0,
        "SANE": 0.0,
        "VALID": 0.0,
        "total": 100.0
    }
}