{
    "counter": {
        "ACTIVE": 119347,
        "INACTIVE": 1,
        "INVALID": 0,
        "MALICIOUS": 0,
        "SANE": 0,
        "VALID": 0,
        "total": 119348
    },
    "percentage": {
        "ACTIVE": 99.99916211415356,
        "INACTIVE": 0.000837885846432282,
        "INVALID": 0.0,
        "MALICIOUS": 0.0,
        "SANE": 0.0,
        "VALID": 0.0,
        "total": 100.0
    }
}