{
    "counter": {
        "ACTIVE": 140802,
        "INACTIVE": 1,
        "INVALID": 0,
        "MALICIOUS": 0,
        "SANE": 0,
        "VALID": 0,
        "total": 140803
    },
    "percentage": {
        "ACTIVE": 99.99928978785964,
        "INACTIVE": 0.0007102121403663274,
        "INVALID": 0.0,
        "MALICIOUS": 0.0,
        "SANE": 0.0,
        "VALID": 0.0,
        "total": 100.0
    }
}