{
    "counter": {
        "ACTIVE": 139484,
        "INACTIVE": 1,
        "INVALID": 0,
        "MALICIOUS": 0,
        "SANE": 0,
        "VALID": 0,
        "total": 139485
    },
    "percentage": {
        "ACTIVE": 99.99928307703337,
        "INACTIVE": 0.0007169229666272359,
        "INVALID": 0.0,
        "MALICIOUS": 0.0,
        "SANE": 0.0,
        "VALID": 0.0,
        "total": 100.0
    }
}