{
    "counter": {
        "ACTIVE": 150004,
        "INACTIVE": 1,
        "INVALID": 0,
        "MALICIOUS": 0,
        "SANE": 0,
        "VALID": 0,
        "total": 150005
    },
    "percentage": {
        "ACTIVE": 99.99933335555481,
        "INACTIVE": 0.0006666444451851605,
        "INVALID": 0.0,
        "MALICIOUS": 0.0,
        "SANE": 0.0,
        "VALID": 0.0,
        "total": 100.0
    }
}