{
    "counter": {
        "ACTIVE": 143132,
        "INACTIVE": 1,
        "INVALID": 0,
        "MALICIOUS": 0,
        "SANE": 0,
        "VALID": 0,
        "total": 143133
    },
    "percentage": {
        "ACTIVE": 99.99930134909489,
        "INACTIVE": 0.0006986509051022476,
        "INVALID": 0.0,
        "MALICIOUS": 0.0,
        "SANE": 0.0,
        "VALID": 0.0,
        "total": 100.0
    }
}