{
    "counter": {
        "ACTIVE": 2445,
        "INACTIVE": 4,
        "INVALID": 0,
        "MALICIOUS": 0,
        "SANE": 0,
        "VALID": 0,
        "total": 2449
    },
    "percentage": {
        "ACTIVE": 99.83666802776644,
        "INACTIVE": 0.21680216802168023,
        "INVALID": 0,
        "MALICIOUS": 0,
        "SANE": 0,
        "VALID": 0,
        "total": 100.05347019578812
    }
}