{
    "counter": {
        "ACTIVE": 2425,
        "INACTIVE": 5,
        "INVALID": 0,
        "MALICIOUS": 0,
        "SANE": 0,
        "VALID": 0,
        "total": 2430
    },
    "percentage": {
        "ACTIVE": 99.79423868312757,
        "INACTIVE": 0.22665457842248413,
        "INVALID": 0,
        "MALICIOUS": 0,
        "SANE": 0,
        "VALID": 0,
        "total": 100.02089326155006
    }
}