{
    "counter": {
        "ACTIVE": 131385,
        "INACTIVE": 1,
        "INVALID": 0,
        "MALICIOUS": 0,
        "SANE": 0,
        "VALID": 0,
        "total": 131386
    },
    "percentage": {
        "ACTIVE": 99.99923888389935,
        "INACTIVE": 0.0007611161006499932,
        "INVALID": 0.0,
        "MALICIOUS": 0.0,
        "SANE": 0.0,
        "VALID": 0.0,
        "total": 100.0
    }
}