{
    "counter": {
        "ACTIVE": 160275,
        "INACTIVE": 1,
        "INVALID": 0,
        "MALICIOUS": 0,
        "SANE": 0,
        "VALID": 0,
        "total": 160276
    },
    "percentage": {
        "ACTIVE": 99.99937607626843,
        "INACTIVE": 0.0006239237315630537,
        "INVALID": 0.0,
        "MALICIOUS": 0.0,
        "SANE": 0.0,
        "VALID": 0.0,
        "total": 100.0
    }
}