{
    "counter": {
        "ACTIVE": 2739,
        "INACTIVE": 8,
        "INVALID": 0,
        "MALICIOUS": 0,
        "SANE": 0,
        "VALID": 0,
        "total": 2747
    },
    "percentage": {
        "ACTIVE": 99.70877320713505,
        "INACTIVE": 0.29839612085042894,
        "INVALID": 0,
        "MALICIOUS": 0,
        "SANE": 0,
        "VALID": 0,
        "total": 100.00716932798548
    }
}