{
    "counter": {
        "ACTIVE": 142293,
        "INACTIVE": 1,
        "INVALID": 0,
        "MALICIOUS": 0,
        "SANE": 0,
        "VALID": 0,
        "total": 142294
    },
    "percentage": {
        "ACTIVE": 99.9992972296794,
        "INACTIVE": 0.0007027703206038202,
        "INVALID": 0.0,
        "MALICIOUS": 0.0,
        "SANE": 0.0,
        "VALID": 0.0,
        "total": 100.0
    }
}