{
    "counter": {
        "ACTIVE": 182501,
        "INACTIVE": 2,
        "INVALID": 0,
        "MALICIOUS": 0,
        "SANE": 0,
        "VALID": 0,
        "total": 182503
    },
    "percentage": {
        "ACTIVE": 99.99890412760338,
        "INACTIVE": 0.0010958723966181378,
        "INVALID": 0.0,
        "MALICIOUS": 0.0,
        "SANE": 0.0,
        "VALID": 0.0,
        "total": 100.0
    }
}