{
    "counter": {
        "ACTIVE": 136196,
        "INACTIVE": 1,
        "INVALID": 0,
        "MALICIOUS": 0,
        "SANE": 0,
        "VALID": 0,
        "total": 136197
    },
    "percentage": {
        "ACTIVE": 99.99926576943692,
        "INACTIVE": 0.0007342305630814188,
        "INVALID": 0.0,
        "MALICIOUS": 0.0,
        "SANE": 0.0,
        "VALID": 0.0,
        "total": 100.0
    }
}