{
    "counter": {
        "ACTIVE": 2757,
        "INACTIVE": 2,
        "INVALID": 0,
        "MALICIOUS": 0,
        "SANE": 0,
        "VALID": 0,
        "total": 2759
    },
    "percentage": {
        "ACTIVE": 99.92750996737948,
        "INACTIVE": 0.11086474501108648,
        "INVALID": 0,
        "MALICIOUS": 0,
        "SANE": 0,
        "VALID": 0,
        "total": 100.03837471239056
    }
}