{
    "counter": {
        "ACTIVE": 2429,
        "INACTIVE": 3,
        "INVALID": 0,
        "MALICIOUS": 0,
        "SANE": 0,
        "VALID": 0,
        "total": 2432
    },
    "percentage": {
        "ACTIVE": 99.87664473684211,
        "INACTIVE": 0.16731734523145567,
        "INVALID": 0,
        "MALICIOUS": 0,
        "SANE": 0,
        "VALID": 0,
        "total": 100.04396208207356
    }
}