{
    "counter": {
        "ACTIVE": 1282,
        "INACTIVE": 7,
        "INVALID": 0,
        "MALICIOUS": 0,
        "SANE": 0,
        "VALID": 0,
        "total": 1289
    },
    "percentage": {
        "ACTIVE": 99.45694336695112,
        "INACTIVE": 0.5455962587685113,
        "INVALID": 0,
        "MALICIOUS": 0,
        "SANE": 0,
        "VALID": 0,
        "total": 100.00253962571963
    }
}