{
    "counter": {
        "ACTIVE": 2270,
        "INACTIVE": 1,
        "INVALID": 0,
        "MALICIOUS": 0,
        "SANE": 0,
        "VALID": 0,
        "total": 2271
    },
    "percentage": {
        "ACTIVE": 99.95596653456627,
        "INACTIVE": 0.044033465433729636,
        "INVALID": 0.0,
        "MALICIOUS": 0.0,
        "SANE": 0.0,
        "VALID": 0.0,
        "total": 100.0
    }
}