{
    "counter": {
        "ACTIVE": 658,
        "INACTIVE": 5,
        "INVALID": 0,
        "MALICIOUS": 0,
        "SANE": 0,
        "VALID": 0,
        "total": 663
    },
    "percentage": {
        "ACTIVE": 99.24585218702866,
        "INACTIVE": 0.8223684210526315,
        "INVALID": 0,
        "MALICIOUS": 0,
        "SANE": 0,
        "VALID": 0,
        "total": 100.06822060808129
    }
}