{
    "counter": {
        "ACTIVE": 114171,
        "INACTIVE": 1,
        "INVALID": 0,
        "MALICIOUS": 0,
        "SANE": 0,
        "VALID": 0,
        "total": 114172
    },
    "percentage": {
        "ACTIVE": 99.99912412850786,
        "INACTIVE": 0.000875871492134674,
        "INVALID": 0.0,
        "MALICIOUS": 0.0,
        "SANE": 0.0,
        "VALID": 0.0,
        "total": 100.0
    }
}