{
    "counter": {
        "ACTIVE": 2446,
        "INACTIVE": 8,
        "INVALID": 0,
        "MALICIOUS": 0,
        "SANE": 0,
        "VALID": 0,
        "total": 2454
    },
    "percentage": {
        "ACTIVE": 99.67400162999185,
        "INACTIVE": 0.4181913225300575,
        "INVALID": 0,
        "MALICIOUS": 0,
        "SANE": 0,
        "VALID": 0,
        "total": 100.09219295252191
    }
}