{
    "counter": {
        "ACTIVE": 137822,
        "INACTIVE": 1,
        "INVALID": 0,
        "MALICIOUS": 0,
        "SANE": 0,
        "VALID": 0,
        "total": 137823
    },
    "percentage": {
        "ACTIVE": 99.99927443169862,
        "INACTIVE": 0.0007255683013720496,
        "INVALID": 0.0,
        "MALICIOUS": 0.0,
        "SANE": 0.0,
        "VALID": 0.0,
        "total": 100.0
    }
}