{
    "counter": {
        "ACTIVE": 2444,
        "INACTIVE": 17,
        "INVALID": 0,
        "MALICIOUS": 0,
        "SANE": 0,
        "VALID": 0,
        "total": 2461
    },
    "percentage": {
        "ACTIVE": 99.30922389272654,
        "INACTIVE": 0.7609668755595345,
        "INVALID": 0,
        "MALICIOUS": 0,
        "SANE": 0,
        "VALID": 0,
        "total": 100.07019076828607
    }
}