{
    "counter": {
        "ACTIVE": 661,
        "INACTIVE": 1,
        "INVALID": 0,
        "MALICIOUS": 0,
        "SANE": 0,
        "VALID": 0,
        "total": 662
    },
    "percentage": {
        "ACTIVE": 99.8489425981873,
        "INACTIVE": 0.19193857965451055,
        "INVALID": 0,
        "MALICIOUS": 0,
        "SANE": 0,
        "VALID": 0,
        "total": 100.04088117784181
    }
}