{
    "counter": {
        "ACTIVE": 167571,
        "INACTIVE": 1,
        "INVALID": 0,
        "MALICIOUS": 0,
        "SANE": 0,
        "VALID": 0,
        "total": 167572
    },
    "percentage": {
        "ACTIVE": 99.99940324159168,
        "INACTIVE": 0.0005967584083259733,
        "INVALID": 0.0,
        "MALICIOUS": 0.0,
        "SANE": 0.0,
        "VALID": 0.0,
        "total": 100.0
    }
}