{
    "counter": {
        "ACTIVE": 2743,
        "INACTIVE": 7,
        "INVALID": 0,
        "MALICIOUS": 0,
        "SANE": 0,
        "VALID": 0,
        "total": 2750
    },
    "percentage": {
        "ACTIVE": 99.74545454545455,
        "INACTIVE": 0.3102836879432624,
        "INVALID": 0,
        "MALICIOUS": 0,
        "SANE": 0,
        "VALID": 0,
        "total": 100.05573823339782
    }
}