{
    "counter": {
        "ACTIVE": 189923,
        "INACTIVE": 2,
        "INVALID": 0,
        "MALICIOUS": 0,
        "SANE": 0,
        "VALID": 0,
        "total": 189925
    },
    "percentage": {
        "ACTIVE": 99.9989469527445,
        "INACTIVE": 0.0010530472554955903,
        "INVALID": 0.0,
        "MALICIOUS": 0.0,
        "SANE": 0.0,
        "VALID": 0.0,
        "total": 100.0
    }
}