{
    "counter": {
        "ACTIVE": 2458,
        "INACTIVE": 1,
        "INVALID": 0,
        "MALICIOUS": 0,
        "SANE": 0,
        "VALID": 0,
        "total": 2459
    },
    "percentage": {
        "ACTIVE": 99.95933306222041,
        "INACTIVE": 0.040666937779585195,
        "INVALID": 0.0,
        "MALICIOUS": 0.0,
        "SANE": 0.0,
        "VALID": 0.0,
        "total": 100.0
    }
}