{
    "counter": {
        "ACTIVE": 2355,
        "INACTIVE": 3,
        "INVALID": 0,
        "MALICIOUS": 0,
        "SANE": 0,
        "VALID": 0,
        "total": 2358
    },
    "percentage": {
        "ACTIVE": 99.87277353689568,
        "INACTIVE": 0.15136226034308778,
        "INVALID": 0,
        "MALICIOUS": 0,
        "SANE": 0,
        "VALID": 0,
        "total": 100.02413579723877
    }
}