{
    "counter": {
        "ACTIVE": 2253,
        "INACTIVE": 1,
        "INVALID": 0,
        "MALICIOUS": 0,
        "SANE": 0,
        "VALID": 0,
        "total": 2254
    },
    "percentage": {
        "ACTIVE": 99.95563442768412,
        "INACTIVE": 0.044365572315882874,
        "INVALID": 0.0,
        "MALICIOUS": 0.0,
        "SANE": 0.0,
        "VALID": 0.0,
        "total": 100.0
    }
}