{
    "counter": {
        "ACTIVE": 661,
        "INACTIVE": 4,
        "INVALID": 0,
        "MALICIOUS": 0,
        "SANE": 0,
        "VALID": 0,
        "total": 665
    },
    "percentage": {
        "ACTIVE": 99.3984962406015,
        "INACTIVE": 0.6920415224913494,
        "INVALID": 0,
        "MALICIOUS": 0,
        "SANE": 0,
        "VALID": 0,
        "total": 100.09053776309285
    }
}