{
    "counter": {
        "ACTIVE": 1939,
        "INACTIVE": 8,
        "INVALID": 0,
        "MALICIOUS": 0,
        "SANE": 0,
        "VALID": 0,
        "total": 1947
    },
    "percentage": {
        "ACTIVE": 99.58911145351823,
        "INACTIVE": 0.4878048780487805,
        "INVALID": 0,
        "MALICIOUS": 0,
        "SANE": 0,
        "VALID": 0,
        "total": 100.076916331567
    }
}