{
    "counter": {
        "ACTIVE": 528,
        "INACTIVE": 7,
        "INVALID": 0,
        "MALICIOUS": 0,
        "SANE": 0,
        "VALID": 0,
        "total": 535
    },
    "percentage": {
        "ACTIVE": 98.69158878504673,
        "INACTIVE": 1.5053763440860215,
        "INVALID": 0,
        "MALICIOUS": 0,
        "SANE": 0,
        "VALID": 0,
        "total": 100.19696512913275
    }
}