{
    "counter": {
        "ACTIVE": 156033,
        "INACTIVE": 1,
        "INVALID": 0,
        "MALICIOUS": 0,
        "SANE": 0,
        "VALID": 0,
        "total": 156034
    },
    "percentage": {
        "ACTIVE": 99.99935911403925,
        "INACTIVE": 0.0006408859607521437,
        "INVALID": 0.0,
        "MALICIOUS": 0.0,
        "SANE": 0.0,
        "VALID": 0.0,
        "total": 100.0
    }
}