{
    "counter": {
        "ACTIVE": 2276,
        "INACTIVE": 14,
        "INVALID": 0,
        "MALICIOUS": 0,
        "SANE": 0,
        "VALID": 0,
        "total": 2290
    },
    "percentage": {
        "ACTIVE": 99.38864628820961,
        "INACTIVE": 0.6842619745845552,
        "INVALID": 0,
        "MALICIOUS": 0,
        "SANE": 0,
        "VALID": 0,
        "total": 100.07290826279417
    }
}