{
    "counter": {
        "ACTIVE": 145757,
        "INACTIVE": 1,
        "INVALID": 0,
        "MALICIOUS": 0,
        "SANE": 0,
        "VALID": 0,
        "total": 145758
    },
    "percentage": {
        "ACTIVE": 99.99931393131081,
        "INACTIVE": 0.0006860686891971624,
        "INVALID": 0.0,
        "MALICIOUS": 0.0,
        "SANE": 0.0,
        "VALID": 0.0,
        "total": 100.0
    }
}