{
    "counter": {
        "ACTIVE": 154446,
        "INACTIVE": 1,
        "INVALID": 0,
        "MALICIOUS": 0,
        "SANE": 0,
        "VALID": 0,
        "total": 154447
    },
    "percentage": {
        "ACTIVE": 99.99935252869916,
        "INACTIVE": 0.0006474713008345905,
        "INVALID": 0.0,
        "MALICIOUS": 0.0,
        "SANE": 0.0,
        "VALID": 0.0,
        "total": 100.0
    }
}