{
    "counter": {
        "ACTIVE": 141236,
        "INACTIVE": 1,
        "INVALID": 0,
        "MALICIOUS": 0,
        "SANE": 0,
        "VALID": 0,
        "total": 141237
    },
    "percentage": {
        "ACTIVE": 99.99929197023442,
        "INACTIVE": 0.0007080297655713446,
        "INVALID": 0.0,
        "MALICIOUS": 0.0,
        "SANE": 0.0,
        "VALID": 0.0,
        "total": 100.0
    }
}