{
    "counter": {
        "ACTIVE": 2001,
        "INACTIVE": 920,
        "INVALID": 0,
        "MALICIOUS": 0,
        "SANE": 0,
        "VALID": 0,
        "total": 2921
    },
    "percentage": {
        "ACTIVE": 68.50393700787401,
        "INACTIVE": 31.528444139821797,
        "INVALID": 0,
        "MALICIOUS": 0,
        "SANE": 0,
        "VALID": 0,
        "total": 100.03238114769582
    }
}