{
    "counter": {
        "ACTIVE": 174007,
        "INACTIVE": 1,
        "INVALID": 0,
        "MALICIOUS": 0,
        "SANE": 0,
        "VALID": 0,
        "total": 174008
    },
    "percentage": {
        "ACTIVE": 99.99942531377867,
        "INACTIVE": 0.0005746862213231575,
        "INVALID": 0.0,
        "MALICIOUS": 0.0,
        "SANE": 0.0,
        "VALID": 0.0,
        "total": 100.0
    }
}