{
    "counter": {
        "ACTIVE": 2024,
        "INACTIVE": 4,
        "INVALID": 0,
        "MALICIOUS": 0,
        "SANE": 0,
        "VALID": 0,
        "total": 2028
    },
    "percentage": {
        "ACTIVE": 99.80276134122288,
        "INACTIVE": 0.30372057706909644,
        "INVALID": 0,
        "MALICIOUS": 0,
        "SANE": 0,
        "VALID": 0,
        "total": 100.10648191829198
    }
}