{
    "counter": {
        "ACTIVE": 185021,
        "INACTIVE": 2,
        "INVALID": 0,
        "MALICIOUS": 0,
        "SANE": 0,
        "VALID": 0,
        "total": 185023
    },
    "percentage": {
        "ACTIVE": 99.99891905330689,
        "INACTIVE": 0.001080946693113829,
        "INVALID": 0.0,
        "MALICIOUS": 0.0,
        "SANE": 0.0,
        "VALID": 0.0,
        "total": 100.0
    }
}