{
    "counter": {
        "ACTIVE": 2221,
        "INACTIVE": 6,
        "INVALID": 0,
        "MALICIOUS": 0,
        "SANE": 0,
        "VALID": 0,
        "total": 2227
    },
    "percentage": {
        "ACTIVE": 99.7305792546026,
        "INACTIVE": 0.32733224222585927,
        "INVALID": 0,
        "MALICIOUS": 0,
        "SANE": 0,
        "VALID": 0,
        "total": 100.05791149682847
    }
}