{
    "counter": {
        "ACTIVE": 151875,
        "INACTIVE": 1,
        "INVALID": 0,
        "MALICIOUS": 0,
        "SANE": 0,
        "VALID": 0,
        "total": 151876
    },
    "percentage": {
        "ACTIVE": 99.99934156812137,
        "INACTIVE": 0.0006584318786378361,
        "INVALID": 0.0,
        "MALICIOUS": 0.0,
        "SANE": 0.0,
        "VALID": 0.0,
        "total": 100.0
    }
}