{
    "counter": {
        "ACTIVE": 2712,
        "INACTIVE": 1,
        "INVALID": 0,
        "MALICIOUS": 0,
        "SANE": 0,
        "VALID": 0,
        "total": 2713
    },
    "percentage": {
        "ACTIVE": 99.96314043494287,
        "INACTIVE": 0.036859565057132324,
        "INVALID": 0.0,
        "MALICIOUS": 0.0,
        "SANE": 0.0,
        "VALID": 0.0,
        "total": 100.0
    }
}