{
    "counter": {
        "ACTIVE": 153317,
        "INACTIVE": 1,
        "INVALID": 0,
        "MALICIOUS": 0,
        "SANE": 0,
        "VALID": 0,
        "total": 153318
    },
    "percentage": {
        "ACTIVE": 99.99934776086305,
        "INACTIVE": 0.000652239136957174,
        "INVALID": 0.0,
        "MALICIOUS": 0.0,
        "SANE": 0.0,
        "VALID": 0.0,
        "total": 100.0
    }
}