{
    "counter": {
        "ACTIVE": 133209,
        "INACTIVE": 1,
        "INVALID": 0,
        "MALICIOUS": 0,
        "SANE": 0,
        "VALID": 0,
        "total": 133210
    },
    "percentage": {
        "ACTIVE": 99.99924930560769,
        "INACTIVE": 0.0007506943923128894,
        "INVALID": 0.0,
        "MALICIOUS": 0.0,
        "SANE": 0.0,
        "VALID": 0.0,
        "total": 100.0
    }
}