{
    "counter": {
        "ACTIVE": 2744,
        "INACTIVE": 3,
        "INVALID": 0,
        "MALICIOUS": 0,
        "SANE": 0,
        "VALID": 0,
        "total": 2747
    },
    "percentage": {
        "ACTIVE": 99.89078995267565,
        "INACTIVE": 0.11066027296200664,
        "INVALID": 0,
        "MALICIOUS": 0,
        "SANE": 0,
        "VALID": 0,
        "total": 100.00145022563765
    }
}