{
    "counter": {
        "ACTIVE": 2746,
        "INACTIVE": 30,
        "INVALID": 0,
        "MALICIOUS": 0,
        "SANE": 0,
        "VALID": 0,
        "total": 2776
    },
    "percentage": {
        "ACTIVE": 98.9193083573487,
        "INACTIVE": 1.0897203051216855,
        "INVALID": 0,
        "MALICIOUS": 0,
        "SANE": 0,
        "VALID": 0,
        "total": 100.00902866247039
    }
}