{
    "counter": {
        "ACTIVE": 172724,
        "INACTIVE": 1,
        "INVALID": 0,
        "MALICIOUS": 0,
        "SANE": 0,
        "VALID": 0,
        "total": 172725
    },
    "percentage": {
        "ACTIVE": 99.99942104501375,
        "INACTIVE": 0.000578954986249819,
        "INVALID": 0.0,
        "MALICIOUS": 0.0,
        "SANE": 0.0,
        "VALID": 0.0,
        "total": 100.0
    }
}