{
    "counter": {
        "ACTIVE": 1019,
        "INACTIVE": 4,
        "INVALID": 0,
        "MALICIOUS": 0,
        "SANE": 0,
        "VALID": 0,
        "total": 1023
    },
    "percentage": {
        "ACTIVE": 99.60899315738025,
        "INACTIVE": 0.9523809523809523,
        "INVALID": 0,
        "MALICIOUS": 0,
        "SANE": 0,
        "VALID": 0,
        "total": 100.5613741097612
    }
}