{
    "counter": {
        "ACTIVE": 2249,
        "INACTIVE": 11,
        "INVALID": 0,
        "MALICIOUS": 0,
        "SANE": 0,
        "VALID": 0,
        "total": 2260
    },
    "percentage": {
        "ACTIVE": 99.51327433628319,
        "INACTIVE": 0.48672566371681414,
        "INVALID": 0.0,
        "MALICIOUS": 0.0,
        "SANE": 0.0,
        "VALID": 0.0,
        "total": 100.0
    }
}