{
    "counter": {
        "ACTIVE": 175159,
        "INACTIVE": 2,
        "INVALID": 0,
        "MALICIOUS": 0,
        "SANE": 0,
        "VALID": 0,
        "total": 175161
    },
    "percentage": {
        "ACTIVE": 99.9988581933193,
        "INACTIVE": 0.001141806680710889,
        "INVALID": 0.0,
        "MALICIOUS": 0.0,
        "SANE": 0.0,
        "VALID": 0.0,
        "total": 100.0
    }
}