{
    "counter": {
        "ACTIVE": 2740,
        "INACTIVE": 3,
        "INVALID": 0,
        "MALICIOUS": 0,
        "SANE": 0,
        "VALID": 0,
        "total": 2743
    },
    "percentage": {
        "ACTIVE": 99.8906306963179,
        "INACTIVE": 0.14204545454545456,
        "INVALID": 0,
        "MALICIOUS": 0,
        "SANE": 0,
        "VALID": 0,
        "total": 100.03267615086335
    }
}