{
    "counter": {
        "ACTIVE": 2441,
        "INACTIVE": 5,
        "INVALID": 0,
        "MALICIOUS": 0,
        "SANE": 0,
        "VALID": 0,
        "total": 2446
    },
    "percentage": {
        "ACTIVE": 99.79558462796402,
        "INACTIVE": 0.2101723413198823,
        "INVALID": 0,
        "MALICIOUS": 0,
        "SANE": 0,
        "VALID": 0,
        "total": 100.0057569692839
    }
}