{
    "counter": {
        "ACTIVE": 2735,
        "INACTIVE": 6,
        "INVALID": 0,
        "MALICIOUS": 0,
        "SANE": 0,
        "VALID": 0,
        "total": 2741
    },
    "percentage": {
        "ACTIVE": 99.78110178766873,
        "INACTIVE": 0.2638522427440633,
        "INVALID": 0,
        "MALICIOUS": 0,
        "SANE": 0,
        "VALID": 0,
        "total": 100.0449540304128
    }
}