{
    "counter": {
        "ACTIVE": 2746,
        "INACTIVE": 1,
        "INVALID": 0,
        "MALICIOUS": 0,
        "SANE": 0,
        "VALID": 0,
        "total": 2747
    },
    "percentage": {
        "ACTIVE": 99.96359665089189,
        "INACTIVE": 0.32894736842105265,
        "INVALID": 0,
        "MALICIOUS": 0,
        "SANE": 0,
        "VALID": 0,
        "total": 100.29254401931294
    }
}