{
    "counter": {
        "ACTIVE": 112647,
        "INACTIVE": 1,
        "INVALID": 0,
        "MALICIOUS": 0,
        "SANE": 0,
        "VALID": 0,
        "total": 112648
    },
    "percentage": {
        "ACTIVE": 99.99911227895745,
        "INACTIVE": 0.0008877210425395924,
        "INVALID": 0.0,
        "MALICIOUS": 0.0,
        "SANE": 0.0,
        "VALID": 0.0,
        "total": 100.0
    }
}