{
    "counter": {
        "ACTIVE": 2725,
        "INACTIVE": 3,
        "INVALID": 0,
        "MALICIOUS": 0,
        "SANE": 0,
        "VALID": 0,
        "total": 2728
    },
    "percentage": {
        "ACTIVE": 99.8900293255132,
        "INACTIVE": 0.15136226034308778,
        "INVALID": 0,
        "MALICIOUS": 0,
        "SANE": 0,
        "VALID": 0,
        "total": 100.04139158585629
    }
}