{
    "counter": {
        "ACTIVE": 1108,
        "INACTIVE": 2,
        "INVALID": 0,
        "MALICIOUS": 0,
        "SANE": 0,
        "VALID": 0,
        "total": 1110
    },
    "percentage": {
        "ACTIVE": 99.81981981981981,
        "INACTIVE": 0.20408163265306123,
        "INVALID": 0,
        "MALICIOUS": 0,
        "SANE": 0,
        "VALID": 0,
        "total": 100.02390145247287
    }
}