{
    "counter": {
        "ACTIVE": 1960,
        "INACTIVE": 4,
        "INVALID": 0,
        "MALICIOUS": 0,
        "SANE": 0,
        "VALID": 0,
        "total": 1964
    },
    "percentage": {
        "ACTIVE": 99.79633401221996,
        "INACTIVE": 0.2851033499643621,
        "INVALID": 0,
        "MALICIOUS": 0,
        "SANE": 0,
        "VALID": 0,
        "total": 100.08143736218432
    }
}