{
    "counter": {
        "ACTIVE": 158702,
        "INACTIVE": 1,
        "INVALID": 0,
        "MALICIOUS": 0,
        "SANE": 0,
        "VALID": 0,
        "total": 158703
    },
    "percentage": {
        "ACTIVE": 99.99936989218855,
        "INACTIVE": 0.0006301078114465385,
        "INVALID": 0.0,
        "MALICIOUS": 0.0,
        "SANE": 0.0,
        "VALID": 0.0,
        "total": 100.0
    }
}