{
    "counter": {
        "ACTIVE": 1769,
        "INACTIVE": 1,
        "INVALID": 0,
        "MALICIOUS": 0,
        "SANE": 0,
        "VALID": 0,
        "total": 1770
    },
    "percentage": {
        "ACTIVE": 99.94350282485875,
        "INACTIVE": 0.1430615164520744,
        "INVALID": 0,
        "MALICIOUS": 0,
        "SANE": 0,
        "VALID": 0,
        "total": 100.08656434131083
    }
}