{
    "counter": {
        "ACTIVE": 2764,
        "INACTIVE": 3,
        "INVALID": 0,
        "MALICIOUS": 0,
        "SANE": 0,
        "VALID": 0,
        "total": 2767
    },
    "percentage": {
        "ACTIVE": 99.89157932779183,
        "INACTIVE": 0.16891891891891891,
        "INVALID": 0,
        "MALICIOUS": 0,
        "SANE": 0,
        "VALID": 0,
        "total": 100.06049824671075
    }
}