{
    "counter": {
        "ACTIVE": 183415,
        "INACTIVE": 2,
        "INVALID": 0,
        "MALICIOUS": 0,
        "SANE": 0,
        "VALID": 0,
        "total": 183417
    },
    "percentage": {
        "ACTIVE": 99.99890958853324,
        "INACTIVE": 0.0010904114667669846,
        "INVALID": 0.0,
        "MALICIOUS": 0.0,
        "SANE": 0.0,
        "VALID": 0.0,
        "total": 100.0
    }
}