{
    "counter": {
        "ACTIVE": 535,
        "INACTIVE": 1,
        "INVALID": 0,
        "MALICIOUS": 0,
        "SANE": 0,
        "VALID": 0,
        "total": 536
    },
    "percentage": {
        "ACTIVE": 99.81343283582089,
        "INACTIVE": 0.21141649048625794,
        "INVALID": 0,
        "MALICIOUS": 0,
        "SANE": 0,
        "VALID": 0,
        "total": 100.02484932630715
    }
}