{
    "counter": {
        "ACTIVE": 2375,
        "INACTIVE": 4,
        "INVALID": 0,
        "MALICIOUS": 0,
        "SANE": 0,
        "VALID": 0,
        "total": 2379
    },
    "percentage": {
        "ACTIVE": 99.83186212694409,
        "INACTIVE": 0.19464720194647203,
        "INVALID": 0,
        "MALICIOUS": 0,
        "SANE": 0,
        "VALID": 0,
        "total": 100.02650932889055
    }
}