{
    "counter": {
        "ACTIVE": 2769,
        "INACTIVE": 1,
        "INVALID": 0,
        "MALICIOUS": 0,
        "SANE": 0,
        "VALID": 0,
        "total": 2770
    },
    "percentage": {
        "ACTIVE": 99.96389891696751,
        "INACTIVE": 0.05452562704471101,
        "INVALID": 0,
        "MALICIOUS": 0,
        "SANE": 0,
        "VALID": 0,
        "total": 100.01842454401222
    }
}