{
    "counter": {
        "ACTIVE": 2745,
        "INACTIVE": 1,
        "INVALID": 0,
        "MALICIOUS": 0,
        "SANE": 0,
        "VALID": 0,
        "total": 2746
    },
    "percentage": {
        "ACTIVE": 99.96358339402768,
        "INACTIVE": 0.09090909090909091,
        "INVALID": 0,
        "MALICIOUS": 0,
        "SANE": 0,
        "VALID": 0,
        "total": 100.05449248493677
    }
}