{
    "counter": {
        "ACTIVE": 526,
        "INACTIVE": 1,
        "INVALID": 0,
        "MALICIOUS": 0,
        "SANE": 0,
        "VALID": 0,
        "total": 527
    },
    "percentage": {
        "ACTIVE": 99.81024667931689,
        "INACTIVE": 0.8620689655172413,
        "INVALID": 0,
        "MALICIOUS": 0,
        "SANE": 0,
        "VALID": 0,
        "total": 100.67231564483413
    }
}