{
    "counter": {
        "ACTIVE": 2228,
        "INACTIVE": 1,
        "INVALID": 0,
        "MALICIOUS": 0,
        "SANE": 0,
        "VALID": 0,
        "total": 2229
    },
    "percentage": {
        "ACTIVE": 99.95513683266039,
        "INACTIVE": 0.04714757190004715,
        "INVALID": 0,
        "MALICIOUS": 0,
        "SANE": 0,
        "VALID": 0,
        "total": 100.00228440456043
    }
}