{
    "counter": {
        "ACTIVE": 2752,
        "INACTIVE": 5,
        "INVALID": 0,
        "MALICIOUS": 0,
        "SANE": 0,
        "VALID": 0,
        "total": 2757
    },
    "percentage": {
        "ACTIVE": 99.81864345302866,
        "INACTIVE": 0.1852537977028529,
        "INVALID": 0,
        "MALICIOUS": 0,
        "SANE": 0,
        "VALID": 0,
        "total": 100.00389725073151
    }
}