{
    "counter": {
        "ACTIVE": 742,
        "INACTIVE": 6,
        "INVALID": 0,
        "MALICIOUS": 0,
        "SANE": 0,
        "VALID": 0,
        "total": 748
    },
    "percentage": {
        "ACTIVE": 99.19786096256685,
        "INACTIVE": 0.8571428571428571,
        "INVALID": 0,
        "MALICIOUS": 0,
        "SANE": 0,
        "VALID": 0,
        "total": 100.05500381970971
    }
}