{
    "counter": {
        "ACTIVE": 2738,
        "INACTIVE": 15,
        "INVALID": 0,
        "MALICIOUS": 0,
        "SANE": 0,
        "VALID": 0,
        "total": 2753
    },
    "percentage": {
        "ACTIVE": 99.45513984743916,
        "INACTIVE": 0.6160164271047228,
        "INVALID": 0,
        "MALICIOUS": 0,
        "SANE": 0,
        "VALID": 0,
        "total": 100.07115627454388
    }
}