{
    "counter": {
        "ACTIVE": 177828,
        "INACTIVE": 2,
        "INVALID": 0,
        "MALICIOUS": 0,
        "SANE": 0,
        "VALID": 0,
        "total": 177830
    },
    "percentage": {
        "ACTIVE": 99.9988753303717,
        "INACTIVE": 0.001124669628296688,
        "INVALID": 0.0,
        "MALICIOUS": 0.0,
        "SANE": 0.0,
        "VALID": 0.0,
        "total": 100.0
    }
}