{
    "counter": {
        "ACTIVE": 125128,
        "INACTIVE": 1,
        "INVALID": 0,
        "MALICIOUS": 0,
        "SANE": 0,
        "VALID": 0,
        "total": 125129
    },
    "percentage": {
        "ACTIVE": 99.99920082474885,
        "INACTIVE": 0.0007991752511408227,
        "INVALID": 0.0,
        "MALICIOUS": 0.0,
        "SANE": 0.0,
        "VALID": 0.0,
        "total": 100.0
    }
}