{
    "counter": {
        "ACTIVE": 168447,
        "INACTIVE": 1,
        "INVALID": 0,
        "MALICIOUS": 0,
        "SANE": 0,
        "VALID": 0,
        "total": 168448
    },
    "percentage": {
        "ACTIVE": 99.9994063449848,
        "INACTIVE": 0.0005936550151975684,
        "INVALID": 0.0,
        "MALICIOUS": 0.0,
        "SANE": 0.0,
        "VALID": 0.0,
        "total": 100.0
    }
}