{
    "counter": {
        "ACTIVE": 2750,
        "INACTIVE": 3,
        "INVALID": 0,
        "MALICIOUS": 0,
        "SANE": 0,
        "VALID": 0,
        "total": 2753
    },
    "percentage": {
        "ACTIVE": 99.89102796948784,
        "INACTIVE": 0.11049723756906077,
        "INVALID": 0,
        "MALICIOUS": 0,
        "SANE": 0,
        "VALID": 0,
        "total": 100.0015252070569
    }
}