{
    "counter": {
        "ACTIVE": 2356,
        "INACTIVE": 875,
        "INVALID": 0,
        "MALICIOUS": 0,
        "SANE": 0,
        "VALID": 0,
        "total": 3231
    },
    "percentage": {
        "ACTIVE": 72.91860105230579,
        "INACTIVE": 27.17391304347826,
        "INVALID": 0,
        "MALICIOUS": 0,
        "SANE": 0,
        "VALID": 0,
        "total": 100.09251409578405
    }
}