{
    "counter": {
        "ACTIVE": 155204,
        "INACTIVE": 1,
        "INVALID": 0,
        "MALICIOUS": 0,
        "SANE": 0,
        "VALID": 0,
        "total": 155205
    },
    "percentage": {
        "ACTIVE": 99.99935569086047,
        "INACTIVE": 0.0006443091395251442,
        "INVALID": 0.0,
        "MALICIOUS": 0.0,
        "SANE": 0.0,
        "VALID": 0.0,
        "total": 100.0
    }
}