{
    "counter": {
        "ACTIVE": 134880,
        "INACTIVE": 1,
        "INVALID": 0,
        "MALICIOUS": 0,
        "SANE": 0,
        "VALID": 0,
        "total": 134881
    },
    "percentage": {
        "ACTIVE": 99.99925860573394,
        "INACTIVE": 0.0007413942660567463,
        "INVALID": 0.0,
        "MALICIOUS": 0.0,
        "SANE": 0.0,
        "VALID": 0.0,
        "total": 100.0
    }
}