{
    "counter": {
        "ACTIVE": 169730,
        "INACTIVE": 1,
        "INVALID": 0,
        "MALICIOUS": 0,
        "SANE": 0,
        "VALID": 0,
        "total": 169731
    },
    "percentage": {
        "ACTIVE": 99.99941083243485,
        "INACTIVE": 0.0005891675651472035,
        "INVALID": 0.0,
        "MALICIOUS": 0.0,
        "SANE": 0.0,
        "VALID": 0.0,
        "total": 100.0
    }
}