{
    "counter": {
        "ACTIVE": 664,
        "INACTIVE": 1,
        "INVALID": 0,
        "MALICIOUS": 0,
        "SANE": 0,
        "VALID": 0,
        "total": 665
    },
    "percentage": {
        "ACTIVE": 99.84962406015038,
        "INACTIVE": 0.16233766233766234,
        "INVALID": 0,
        "MALICIOUS": 0,
        "SANE": 0,
        "VALID": 0,
        "total": 100.01196172248804
    }
}