{
    "counter": {
        "ACTIVE": 155481,
        "INACTIVE": 1,
        "INVALID": 0,
        "MALICIOUS": 0,
        "SANE": 0,
        "VALID": 0,
        "total": 155482
    },
    "percentage": {
        "ACTIVE": 99.99935683873375,
        "INACTIVE": 0.000643161266255901,
        "INVALID": 0.0,
        "MALICIOUS": 0.0,
        "SANE": 0.0,
        "VALID": 0.0,
        "total": 100.0
    }
}