{
    "counter": {
        "ACTIVE": 2376,
        "INACTIVE": 12,
        "INVALID": 0,
        "MALICIOUS": 0,
        "SANE": 0,
        "VALID": 0,
        "total": 2388
    },
    "percentage": {
        "ACTIVE": 99.49748743718592,
        "INACTIVE": 0.5253940455341506,
        "INVALID": 0,
        "MALICIOUS": 0,
        "SANE": 0,
        "VALID": 0,
        "total": 100.02288148272008
    }
}