{
    "counter": {
        "ACTIVE": 2100,
        "INACTIVE": 1,
        "INVALID": 0,
        "MALICIOUS": 0,
        "SANE": 0,
        "VALID": 0,
        "total": 2101
    },
    "percentage": {
        "ACTIVE": 99.95240361732509,
        "INACTIVE": 0.32679738562091504,
        "INVALID": 0,
        "MALICIOUS": 0,
        "SANE": 0,
        "VALID": 0,
        "total": 100.27920100294601
    }
}