{
    "counter": {
        "ACTIVE": 1216,
        "INACTIVE": 2,
        "INVALID": 0,
        "MALICIOUS": 0,
        "SANE": 0,
        "VALID": 0,
        "total": 1218
    },
    "percentage": {
        "ACTIVE": 99.83579638752053,
        "INACTIVE": 0.18467220683287167,
        "INVALID": 0,
        "MALICIOUS": 0,
        "SANE": 0,
        "VALID": 0,
        "total": 100.0204685943534
    }
}