{
    "counter": {
        "ACTIVE": 2440,
        "INACTIVE": 11,
        "INVALID": 0,
        "MALICIOUS": 0,
        "SANE": 0,
        "VALID": 0,
        "total": 2451
    },
    "percentage": {
        "ACTIVE": 99.55120359037127,
        "INACTIVE": 0.49977283053157656,
        "INVALID": 0,
        "MALICIOUS": 0,
        "SANE": 0,
        "VALID": 0,
        "total": 100.05097642090286
    }
}