{
    "counter": {
        "ACTIVE": 468,
        "INACTIVE": 1,
        "INVALID": 0,
        "MALICIOUS": 0,
        "SANE": 0,
        "VALID": 0,
        "total": 469
    },
    "percentage": {
        "ACTIVE": 99.7867803837953,
        "INACTIVE": 1.4705882352941178,
        "INVALID": 0,
        "MALICIOUS": 0,
        "SANE": 0,
        "VALID": 0,
        "total": 101.25736861908942
    }
}