{
    "counter": {
        "ACTIVE": 114596,
        "INACTIVE": 1,
        "INVALID": 0,
        "MALICIOUS": 0,
        "SANE": 0,
        "VALID": 0,
        "total": 114597
    },
    "percentage": {
        "ACTIVE": 99.99912737680742,
        "INACTIVE": 0.0008726231925792123,
        "INVALID": 0.0,
        "MALICIOUS": 0.0,
        "SANE": 0.0,
        "VALID": 0.0,
        "total": 100.0
    }
}