{
    "counter": {
        "ACTIVE": 2088,
        "INACTIVE": 26,
        "INVALID": 0,
        "MALICIOUS": 0,
        "SANE": 0,
        "VALID": 0,
        "total": 2114
    },
    "percentage": {
        "ACTIVE": 98.77010406811732,
        "INACTIVE": 1.2304779933743493,
        "INVALID": 0,
        "MALICIOUS": 0,
        "SANE": 0,
        "VALID": 0,
        "total": 100.00058206149167
    }
}