{
    "counter": {
        "ACTIVE": 2051,
        "INACTIVE": 3,
        "INVALID": 0,
        "MALICIOUS": 0,
        "SANE": 0,
        "VALID": 0,
        "total": 2054
    },
    "percentage": {
        "ACTIVE": 99.8539435248296,
        "INACTIVE": 0.18427518427518427,
        "INVALID": 0,
        "MALICIOUS": 0,
        "SANE": 0,
        "VALID": 0,
        "total": 100.03821870910478
    }
}