{
    "counter": {
        "ACTIVE": 118271,
        "INACTIVE": 1,
        "INVALID": 0,
        "MALICIOUS": 0,
        "SANE": 0,
        "VALID": 0,
        "total": 118272
    },
    "percentage": {
        "ACTIVE": 99.999154491342,
        "INACTIVE": 0.000845508658008658,
        "INVALID": 0.0,
        "MALICIOUS": 0.0,
        "SANE": 0.0,
        "VALID": 0.0,
        "total": 100.0
    }
}