{
    "counter": {
        "ACTIVE": 661,
        "INACTIVE": 3,
        "INVALID": 0,
        "MALICIOUS": 0,
        "SANE": 0,
        "VALID": 0,
        "total": 664
    },
    "percentage": {
        "ACTIVE": 99.54819277108433,
        "INACTIVE": 0.5988023952095808,
        "INVALID": 0,
        "MALICIOUS": 0,
        "SANE": 0,
        "VALID": 0,
        "total": 100.1469951662939
    }
}