{
    "counter": {
        "ACTIVE": 1078,
        "INACTIVE": 3,
        "INVALID": 0,
        "MALICIOUS": 0,
        "SANE": 0,
        "VALID": 0,
        "total": 1081
    },
    "percentage": {
        "ACTIVE": 99.72247918593895,
        "INACTIVE": 0.3546099290780142,
        "INVALID": 0,
        "MALICIOUS": 0,
        "SANE": 0,
        "VALID": 0,
        "total": 100.07708911501696
    }
}