{
    "counter": {
        "ACTIVE": 129824,
        "INACTIVE": 1,
        "INVALID": 0,
        "MALICIOUS": 0,
        "SANE": 0,
        "VALID": 0,
        "total": 129825
    },
    "percentage": {
        "ACTIVE": 99.99922973233198,
        "INACTIVE": 0.0007702676680146351,
        "INVALID": 0.0,
        "MALICIOUS": 0.0,
        "SANE": 0.0,
        "VALID": 0.0,
        "total": 100.0
    }
}