{
    "counter": {
        "ACTIVE": 116456,
        "INACTIVE": 1,
        "INVALID": 0,
        "MALICIOUS": 0,
        "SANE": 0,
        "VALID": 0,
        "total": 116457
    },
    "percentage": {
        "ACTIVE": 99.99914131396137,
        "INACTIVE": 0.000858686038623698,
        "INVALID": 0.0,
        "MALICIOUS": 0.0,
        "SANE": 0.0,
        "VALID": 0.0,
        "total": 100.0
    }
}