{
    "counter": {
        "ACTIVE": 2291,
        "INACTIVE": 15,
        "INVALID": 0,
        "MALICIOUS": 0,
        "SANE": 0,
        "VALID": 0,
        "total": 2306
    },
    "percentage": {
        "ACTIVE": 99.34952298352125,
        "INACTIVE": 0.6696428571428571,
        "INVALID": 0,
        "MALICIOUS": 0,
        "SANE": 0,
        "VALID": 0,
        "total": 100.01916584066412
    }
}