{
    "counter": {
        "ACTIVE": 182063,
        "INACTIVE": 2,
        "INVALID": 0,
        "MALICIOUS": 0,
        "SANE": 0,
        "VALID": 0,
        "total": 182065
    },
    "percentage": {
        "ACTIVE": 99.99890149122567,
        "INACTIVE": 0.001098508774338835,
        "INVALID": 0.0,
        "MALICIOUS": 0.0,
        "SANE": 0.0,
        "VALID": 0.0,
        "total": 100.0
    }
}