{
    "counter": {
        "ACTIVE": 110138,
        "INACTIVE": 1,
        "INVALID": 0,
        "MALICIOUS": 0,
        "SANE": 0,
        "VALID": 0,
        "total": 110139
    },
    "percentage": {
        "ACTIVE": 99.99909205640145,
        "INACTIVE": 0.0009079435985436585,
        "INVALID": 0.0,
        "MALICIOUS": 0.0,
        "SANE": 0.0,
        "VALID": 0.0,
        "total": 100.0
    }
}