{
    "counter": {
        "ACTIVE": 148783,
        "INACTIVE": 1,
        "INVALID": 0,
        "MALICIOUS": 0,
        "SANE": 0,
        "VALID": 0,
        "total": 148784
    },
    "percentage": {
        "ACTIVE": 99.99932788471878,
        "INACTIVE": 0.0006721152812130337,
        "INVALID": 0.0,
        "MALICIOUS": 0.0,
        "SANE": 0.0,
        "VALID": 0.0,
        "total": 100.0
    }
}