{
    "counter": {
        "ACTIVE": 2166,
        "INACTIVE": 2,
        "INVALID": 0,
        "MALICIOUS": 0,
        "SANE": 0,
        "VALID": 0,
        "total": 2168
    },
    "percentage": {
        "ACTIVE": 99.90774907749078,
        "INACTIVE": 0.1497005988023952,
        "INVALID": 0,
        "MALICIOUS": 0,
        "SANE": 0,
        "VALID": 0,
        "total": 100.05744967629317
    }
}