{
    "counter": {
        "ACTIVE": 2235,
        "INACTIVE": 4,
        "INVALID": 0,
        "MALICIOUS": 0,
        "SANE": 0,
        "VALID": 0,
        "total": 2239
    },
    "percentage": {
        "ACTIVE": 99.82134881643591,
        "INACTIVE": 0.20682523267838676,
        "INVALID": 0,
        "MALICIOUS": 0,
        "SANE": 0,
        "VALID": 0,
        "total": 100.0281740491143
    }
}