{
    "counter": {
        "ACTIVE": 124159,
        "INACTIVE": 1,
        "INVALID": 0,
        "MALICIOUS": 0,
        "SANE": 0,
        "VALID": 0,
        "total": 124160
    },
    "percentage": {
        "ACTIVE": 99.99919458762886,
        "INACTIVE": 0.0008054123711340206,
        "INVALID": 0.0,
        "MALICIOUS": 0.0,
        "SANE": 0.0,
        "VALID": 0.0,
        "total": 100.0
    }
}