{
    "counter": {
        "ACTIVE": 663,
        "INACTIVE": 1,
        "INVALID": 0,
        "MALICIOUS": 0,
        "SANE": 0,
        "VALID": 0,
        "total": 664
    },
    "percentage": {
        "ACTIVE": 99.84939759036145,
        "INACTIVE": 0.15220700152207,
        "INVALID": 0,
        "MALICIOUS": 0,
        "SANE": 0,
        "VALID": 0,
        "total": 100.00160459188352
    }
}