{
    "counter": {
        "ACTIVE": 170042,
        "INACTIVE": 1,
        "INVALID": 0,
        "MALICIOUS": 0,
        "SANE": 0,
        "VALID": 0,
        "total": 170043
    },
    "percentage": {
        "ACTIVE": 99.99941191345718,
        "INACTIVE": 0.0005880865428156408,
        "INVALID": 0.0,
        "MALICIOUS": 0.0,
        "SANE": 0.0,
        "VALID": 0.0,
        "total": 100.0
    }
}