{
    "counter": {
        "ACTIVE": 2846,
        "INACTIVE": 1,
        "INVALID": 0,
        "MALICIOUS": 0,
        "SANE": 0,
        "VALID": 0,
        "total": 2847
    },
    "percentage": {
        "ACTIVE": 99.96487530734106,
        "INACTIVE": 0.035124692658939236,
        "INVALID": 0.0,
        "MALICIOUS": 0.0,
        "SANE": 0.0,
        "VALID": 0.0,
        "total": 100.0
    }
}