{
    "counter": {
        "ACTIVE": 2761,
        "INACTIVE": 3,
        "INVALID": 0,
        "MALICIOUS": 0,
        "SANE": 0,
        "VALID": 0,
        "total": 2764
    },
    "percentage": {
        "ACTIVE": 99.89146164978293,
        "INACTIVE": 0.17942583732057416,
        "INVALID": 0,
        "MALICIOUS": 0,
        "SANE": 0,
        "VALID": 0,
        "total": 100.0708874871035
    }
}