{
    "counter": {
        "ACTIVE": 180195,
        "INACTIVE": 2,
        "INVALID": 0,
        "MALICIOUS": 0,
        "SANE": 0,
        "VALID": 0,
        "total": 180197
    },
    "percentage": {
        "ACTIVE": 99.99889010360883,
        "INACTIVE": 0.0011098963911718841,
        "INVALID": 0.0,
        "MALICIOUS": 0.0,
        "SANE": 0.0,
        "VALID": 0.0,
        "total": 100.0
    }
}