{
    "counter": {
        "ACTIVE": 2757,
        "INACTIVE": 11,
        "INVALID": 0,
        "MALICIOUS": 0,
        "SANE": 0,
        "VALID": 0,
        "total": 2768
    },
    "percentage": {
        "ACTIVE": 99.60260115606937,
        "INACTIVE": 0.417298937784522,
        "INVALID": 0,
        "MALICIOUS": 0,
        "SANE": 0,
        "VALID": 0,
        "total": 100.01990009385389
    }
}