{
    "counter": {
        "ACTIVE": 1201,
        "INACTIVE": 1,
        "INVALID": 0,
        "MALICIOUS": 0,
        "SANE": 0,
        "VALID": 0,
        "total": 1202
    },
    "percentage": {
        "ACTIVE": 99.91680532445923,
        "INACTIVE": 0.10277492291880781,
        "INVALID": 0,
        "MALICIOUS": 0,
        "SANE": 0,
        "VALID": 0,
        "total": 100.01958024737804
    }
}