{
    "counter": {
        "ACTIVE": 2735,
        "INACTIVE": 1,
        "INVALID": 0,
        "MALICIOUS": 0,
        "SANE": 0,
        "VALID": 0,
        "total": 2736
    },
    "percentage": {
        "ACTIVE": 99.96345029239767,
        "INACTIVE": 0.08438818565400844,
        "INVALID": 0,
        "MALICIOUS": 0,
        "SANE": 0,
        "VALID": 0,
        "total": 100.04783847805167
    }
}