{
    "counter": {
        "ACTIVE": 2377,
        "INACTIVE": 10,
        "INVALID": 0,
        "MALICIOUS": 0,
        "SANE": 0,
        "VALID": 0,
        "total": 2387
    },
    "percentage": {
        "ACTIVE": 99.58106409719313,
        "INACTIVE": 0.44424700133274103,
        "INVALID": 0,
        "MALICIOUS": 0,
        "SANE": 0,
        "VALID": 0,
        "total": 100.02531109852588
    }
}