{
    "counter": {
        "ACTIVE": 148065,
        "INACTIVE": 1,
        "INVALID": 0,
        "MALICIOUS": 0,
        "SANE": 0,
        "VALID": 0,
        "total": 148066
    },
    "percentage": {
        "ACTIVE": 99.99932462550484,
        "INACTIVE": 0.0006753744951575649,
        "INVALID": 0.0,
        "MALICIOUS": 0.0,
        "SANE": 0.0,
        "VALID": 0.0,
        "total": 100.0
    }
}