{
    "counter": {
        "ACTIVE": 2758,
        "INACTIVE": 4,
        "INVALID": 0,
        "MALICIOUS": 0,
        "SANE": 0,
        "VALID": 0,
        "total": 2762
    },
    "percentage": {
        "ACTIVE": 99.8551774076756,
        "INACTIVE": 0.19398642095053345,
        "INVALID": 0,
        "MALICIOUS": 0,
        "SANE": 0,
        "VALID": 0,
        "total": 100.04916382862613
    }
}