{
    "counter": {
        "ACTIVE": 2437,
        "INACTIVE": 11,
        "INVALID": 0,
        "MALICIOUS": 0,
        "SANE": 0,
        "VALID": 0,
        "total": 2448
    },
    "percentage": {
        "ACTIVE": 99.55065359477125,
        "INACTIVE": 0.8828250401284109,
        "INVALID": 0,
        "MALICIOUS": 0,
        "SANE": 0,
        "VALID": 0,
        "total": 100.43347863489966
    }
}