{
    "counter": {
        "ACTIVE": 161014,
        "INACTIVE": 1,
        "INVALID": 0,
        "MALICIOUS": 0,
        "SANE": 0,
        "VALID": 0,
        "total": 161015
    },
    "percentage": {
        "ACTIVE": 99.99937893985033,
        "INACTIVE": 0.0006210601496754961,
        "INVALID": 0.0,
        "MALICIOUS": 0.0,
        "SANE": 0.0,
        "VALID": 0.0,
        "total": 100.0
    }
}