{
    "counter": {
        "ACTIVE": 176021,
        "INACTIVE": 2,
        "INVALID": 0,
        "MALICIOUS": 0,
        "SANE": 0,
        "VALID": 0,
        "total": 176023
    },
    "percentage": {
        "ACTIVE": 99.9988637848463,
        "INACTIVE": 0.001136215153701505,
        "INVALID": 0.0,
        "MALICIOUS": 0.0,
        "SANE": 0.0,
        "VALID": 0.0,
        "total": 100.0
    }
}