{
    "counter": {
        "ACTIVE": 2735,
        "INACTIVE": 7,
        "INVALID": 0,
        "MALICIOUS": 0,
        "SANE": 0,
        "VALID": 0,
        "total": 2742
    },
    "percentage": {
        "ACTIVE": 99.78110178766873,
        "INACTIVE": 0.2552881108679796,
        "INVALID": 0,
        "MALICIOUS": 0,
        "SANE": 0,
        "VALID": 0,
        "total": 100.03638989853671
    }
}