{
    "counter": {
        "ACTIVE": 182287,
        "INACTIVE": 2,
        "INVALID": 0,
        "MALICIOUS": 0,
        "SANE": 0,
        "VALID": 0,
        "total": 182289
    },
    "percentage": {
        "ACTIVE": 99.99890284109298,
        "INACTIVE": 0.001097158907010297,
        "INVALID": 0.0,
        "MALICIOUS": 0.0,
        "SANE": 0.0,
        "VALID": 0.0,
        "total": 100.0
    }
}