{
    "counter": {
        "ACTIVE": 663,
        "INACTIVE": 2,
        "INVALID": 0,
        "MALICIOUS": 0,
        "SANE": 0,
        "VALID": 0,
        "total": 665
    },
    "percentage": {
        "ACTIVE": 99.69924812030075,
        "INACTIVE": 0.4132231404958678,
        "INVALID": 0,
        "MALICIOUS": 0,
        "SANE": 0,
        "VALID": 0,
        "total": 100.11247126079662
    }
}