{
    "counter": {
        "ACTIVE": 134538,
        "INACTIVE": 1,
        "INVALID": 0,
        "MALICIOUS": 0,
        "SANE": 0,
        "VALID": 0,
        "total": 134539
    },
    "percentage": {
        "ACTIVE": 99.99925672109946,
        "INACTIVE": 0.0007432789005418503,
        "INVALID": 0.0,
        "MALICIOUS": 0.0,
        "SANE": 0.0,
        "VALID": 0.0,
        "total": 100.0
    }
}