{
    "counter": {
        "ACTIVE": 980,
        "INACTIVE": 6,
        "INVALID": 0,
        "MALICIOUS": 0,
        "SANE": 0,
        "VALID": 0,
        "total": 986
    },
    "percentage": {
        "ACTIVE": 99.39148073022312,
        "INACTIVE": 0.8498583569405099,
        "INVALID": 0,
        "MALICIOUS": 0,
        "SANE": 0,
        "VALID": 0,
        "total": 100.24133908716364
    }
}