{
    "counter": {
        "ACTIVE": 189629,
        "INACTIVE": 2,
        "INVALID": 0,
        "MALICIOUS": 0,
        "SANE": 0,
        "VALID": 0,
        "total": 189631
    },
    "percentage": {
        "ACTIVE": 99.9989453201217,
        "INACTIVE": 0.001054679878289942,
        "INVALID": 0.0,
        "MALICIOUS": 0.0,
        "SANE": 0.0,
        "VALID": 0.0,
        "total": 100.0
    }
}