{
    "counter": {
        "ACTIVE": 138689,
        "INACTIVE": 1,
        "INVALID": 0,
        "MALICIOUS": 0,
        "SANE": 0,
        "VALID": 0,
        "total": 138690
    },
    "percentage": {
        "ACTIVE": 99.99927896748143,
        "INACTIVE": 0.0007210325185665874,
        "INVALID": 0.0,
        "MALICIOUS": 0.0,
        "SANE": 0.0,
        "VALID": 0.0,
        "total": 100.0
    }
}