{
    "counter": {
        "ACTIVE": 1165,
        "INACTIVE": 3,
        "INVALID": 0,
        "MALICIOUS": 0,
        "SANE": 0,
        "VALID": 0,
        "total": 1168
    },
    "percentage": {
        "ACTIVE": 99.7431506849315,
        "INACTIVE": 0.2840909090909091,
        "INVALID": 0,
        "MALICIOUS": 0,
        "SANE": 0,
        "VALID": 0,
        "total": 100.02724159402241
    }
}