{
    "counter": {
        "ACTIVE": 2731,
        "INACTIVE": 9,
        "INVALID": 0,
        "MALICIOUS": 0,
        "SANE": 0,
        "VALID": 0,
        "total": 2740
    },
    "percentage": {
        "ACTIVE": 99.67153284671532,
        "INACTIVE": 0.3441682600382409,
        "INVALID": 0,
        "MALICIOUS": 0,
        "SANE": 0,
        "VALID": 0,
        "total": 100.01570110675357
    }
}