{
    "counter": {
        "ACTIVE": 531,
        "INACTIVE": 14,
        "INVALID": 0,
        "MALICIOUS": 0,
        "SANE": 0,
        "VALID": 0,
        "total": 545
    },
    "percentage": {
        "ACTIVE": 97.43119266055047,
        "INACTIVE": 2.578268876611418,
        "INVALID": 0,
        "MALICIOUS": 0,
        "SANE": 0,
        "VALID": 0,
        "total": 100.00946153716188
    }
}