{
    "counter": {
        "ACTIVE": 162416,
        "INACTIVE": 1,
        "INVALID": 0,
        "MALICIOUS": 0,
        "SANE": 0,
        "VALID": 0,
        "total": 162417
    },
    "percentage": {
        "ACTIVE": 99.99938430090447,
        "INACTIVE": 0.0006156990955380287,
        "INVALID": 0.0,
        "MALICIOUS": 0.0,
        "SANE": 0.0,
        "VALID": 0.0,
        "total": 100.0
    }
}