{
    "counter": {
        "ACTIVE": 2422,
        "INACTIVE": 1414,
        "INVALID": 0,
        "MALICIOUS": 0,
        "SANE": 0,
        "VALID": 0,
        "total": 3836
    },
    "percentage": {
        "ACTIVE": 63.13868613138686,
        "INACTIVE": 36.86131386861314,
        "INVALID": 0.0,
        "MALICIOUS": 0.0,
        "SANE": 0.0,
        "VALID": 0.0,
        "total": 100.0
    }
}