{
    "counter": {
        "ACTIVE": 2100,
        "INACTIVE": 1,
        "INVALID": 0,
        "MALICIOUS": 0,
        "SANE": 0,
        "VALID": 0,
        "total": 2101
    },
    "percentage": {
        "ACTIVE": 99.95240361732509,
        "INACTIVE": 0.11037527593818984,
        "INVALID": 0,
        "MALICIOUS": 0,
        "SANE": 0,
        "VALID": 0,
        "total": 100.06277889326329
    }
}