{
    "counter": {
        "ACTIVE": 195156,
        "INACTIVE": 2,
        "INVALID": 0,
        "MALICIOUS": 0,
        "SANE": 0,
        "VALID": 0,
        "total": 195158
    },
    "percentage": {
        "ACTIVE": 99.99897518933378,
        "INACTIVE": 0.0010248106662294142,
        "INVALID": 0.0,
        "MALICIOUS": 0.0,
        "SANE": 0.0,
        "VALID": 0.0,
        "total": 100.0
    }
}