{
    "counter": {
        "ACTIVE": 177588,
        "INACTIVE": 2,
        "INVALID": 0,
        "MALICIOUS": 0,
        "SANE": 0,
        "VALID": 0,
        "total": 177590
    },
    "percentage": {
        "ACTIVE": 99.9988738104623,
        "INACTIVE": 0.0011261895376991947,
        "INVALID": 0.0,
        "MALICIOUS": 0.0,
        "SANE": 0.0,
        "VALID": 0.0,
        "total": 100.0
    }
}