{
    "counter": {
        "ACTIVE": 997,
        "INACTIVE": 7,
        "INVALID": 0,
        "MALICIOUS": 0,
        "SANE": 0,
        "VALID": 0,
        "total": 1004
    },
    "percentage": {
        "ACTIVE": 99.30278884462152,
        "INACTIVE": 1.078582434514638,
        "INVALID": 0,
        "MALICIOUS": 0,
        "SANE": 0,
        "VALID": 0,
        "total": 100.38137127913616
    }
}