{
    "counter": {
        "ACTIVE": 2774,
        "INACTIVE": 1,
        "INVALID": 0,
        "MALICIOUS": 0,
        "SANE": 0,
        "VALID": 0,
        "total": 2775
    },
    "percentage": {
        "ACTIVE": 99.96396396396396,
        "INACTIVE": 0.03653635367190355,
        "INVALID": 0,
        "MALICIOUS": 0,
        "SANE": 0,
        "VALID": 0,
        "total": 100.00050031763587
    }
}