{
    "counter": {
        "ACTIVE": 1098,
        "INACTIVE": 22,
        "INVALID": 0,
        "MALICIOUS": 0,
        "SANE": 0,
        "VALID": 0,
        "total": 1120
    },
    "percentage": {
        "ACTIVE": 98.03571428571429,
        "INACTIVE": 1.9963702359346642,
        "INVALID": 0,
        "MALICIOUS": 0,
        "SANE": 0,
        "VALID": 0,
        "total": 100.03208452164895
    }
}