{
    "counter": {
        "ACTIVE": 1265,
        "INACTIVE": 3,
        "INVALID": 0,
        "MALICIOUS": 0,
        "SANE": 0,
        "VALID": 0,
        "total": 1268
    },
    "percentage": {
        "ACTIVE": 99.76340694006309,
        "INACTIVE": 0.2770083102493075,
        "INVALID": 0,
        "MALICIOUS": 0,
        "SANE": 0,
        "VALID": 0,
        "total": 100.0404152503124
    }
}