{
    "counter": {
        "ACTIVE": 191370,
        "INACTIVE": 2,
        "INVALID": 0,
        "MALICIOUS": 0,
        "SANE": 0,
        "VALID": 0,
        "total": 191372
    },
    "percentage": {
        "ACTIVE": 99.99895491503459,
        "INACTIVE": 0.0010450849654076875,
        "INVALID": 0.0,
        "MALICIOUS": 0.0,
        "SANE": 0.0,
        "VALID": 0.0,
        "total": 100.0
    }
}