{
    "counter": {
        "ACTIVE": 2264,
        "INACTIVE": 4,
        "INVALID": 0,
        "MALICIOUS": 0,
        "SANE": 0,
        "VALID": 0,
        "total": 2268
    },
    "percentage": {
        "ACTIVE": 99.8236331569665,
        "INACTIVE": 0.19398642095053345,
        "INVALID": 0,
        "MALICIOUS": 0,
        "SANE": 0,
        "VALID": 0,
        "total": 100.01761957791703
    }
}