{
    "counter": {
        "ACTIVE": 171248,
        "INACTIVE": 1,
        "INVALID": 0,
        "MALICIOUS": 0,
        "SANE": 0,
        "VALID": 0,
        "total": 171249
    },
    "percentage": {
        "ACTIVE": 99.99941605498427,
        "INACTIVE": 0.0005839450157373181,
        "INVALID": 0.0,
        "MALICIOUS": 0.0,
        "SANE": 0.0,
        "VALID": 0.0,
        "total": 100.0
    }
}