{
    "counter": {
        "ACTIVE": 1121,
        "INACTIVE": 3,
        "INVALID": 0,
        "MALICIOUS": 0,
        "SANE": 0,
        "VALID": 0,
        "total": 1124
    },
    "percentage": {
        "ACTIVE": 99.73309608540926,
        "INACTIVE": 0.36764705882352944,
        "INVALID": 0,
        "MALICIOUS": 0,
        "SANE": 0,
        "VALID": 0,
        "total": 100.1007431442328
    }
}