{
    "counter": {
        "ACTIVE": 162043,
        "INACTIVE": 1,
        "INVALID": 0,
        "MALICIOUS": 0,
        "SANE": 0,
        "VALID": 0,
        "total": 162044
    },
    "percentage": {
        "ACTIVE": 99.99938288366123,
        "INACTIVE": 0.0006171163387721853,
        "INVALID": 0.0,
        "MALICIOUS": 0.0,
        "SANE": 0.0,
        "VALID": 0.0,
        "total": 100.0
    }
}