{
    "counter": {
        "ACTIVE": 1203,
        "INACTIVE": 6,
        "INVALID": 0,
        "MALICIOUS": 0,
        "SANE": 0,
        "VALID": 0,
        "total": 1209
    },
    "percentage": {
        "ACTIVE": 99.50372208436724,
        "INACTIVE": 0.5102040816326531,
        "INVALID": 0,
        "MALICIOUS": 0,
        "SANE": 0,
        "VALID": 0,
        "total": 100.01392616599989
    }
}