{
    "counter": {
        "ACTIVE": 165362,
        "INACTIVE": 1,
        "INVALID": 0,
        "MALICIOUS": 0,
        "SANE": 0,
        "VALID": 0,
        "total": 165363
    },
    "percentage": {
        "ACTIVE": 99.99939526980037,
        "INACTIVE": 0.0006047301996214389,
        "INVALID": 0.0,
        "MALICIOUS": 0.0,
        "SANE": 0.0,
        "VALID": 0.0,
        "total": 100.0
    }
}