{
    "counter": {
        "ACTIVE": 2759,
        "INACTIVE": 1022,
        "INVALID": 0,
        "MALICIOUS": 0,
        "SANE": 0,
        "VALID": 0,
        "total": 3781
    },
    "percentage": {
        "ACTIVE": 72.97011372652737,
        "INACTIVE": 27.05851204659783,
        "INVALID": 0,
        "MALICIOUS": 0,
        "SANE": 0,
        "VALID": 0,
        "total": 100.0286257731252
    }
}