{
    "counter": {
        "ACTIVE": 166303,
        "INACTIVE": 1,
        "INVALID": 0,
        "MALICIOUS": 0,
        "SANE": 0,
        "VALID": 0,
        "total": 166304
    },
    "percentage": {
        "ACTIVE": 99.99939869155281,
        "INACTIVE": 0.000601308447181066,
        "INVALID": 0.0,
        "MALICIOUS": 0.0,
        "SANE": 0.0,
        "VALID": 0.0,
        "total": 100.0
    }
}