{
    "counter": {
        "ACTIVE": 2449,
        "INACTIVE": 5,
        "INVALID": 0,
        "MALICIOUS": 0,
        "SANE": 0,
        "VALID": 0,
        "total": 2454
    },
    "percentage": {
        "ACTIVE": 99.79625101874491,
        "INACTIVE": 0.3465003465003465,
        "INVALID": 0,
        "MALICIOUS": 0,
        "SANE": 0,
        "VALID": 0,
        "total": 100.14275136524526
    }
}