{
    "counter": {
        "ACTIVE": 523,
        "INACTIVE": 84,
        "INVALID": 0,
        "MALICIOUS": 0,
        "SANE": 0,
        "VALID": 0,
        "total": 607
    },
    "percentage": {
        "ACTIVE": 86.3036303630363,
        "INACTIVE": 13.838550247116968,
        "INVALID": 0,
        "MALICIOUS": 0,
        "SANE": 0,
        "VALID": 0,
        "total": 100.14218061015328
    }
}