{
    "counter": {
        "ACTIVE": 2744,
        "INACTIVE": 7,
        "INVALID": 0,
        "MALICIOUS": 0,
        "SANE": 0,
        "VALID": 0,
        "total": 2751
    },
    "percentage": {
        "ACTIVE": 99.74554707379134,
        "INACTIVE": 0.25482344375682564,
        "INVALID": 0,
        "MALICIOUS": 0,
        "SANE": 0,
        "VALID": 0,
        "total": 100.00037051754816
    }
}