{
    "counter": {
        "ACTIVE": 141865,
        "INACTIVE": 1,
        "INVALID": 0,
        "MALICIOUS": 0,
        "SANE": 0,
        "VALID": 0,
        "total": 141866
    },
    "percentage": {
        "ACTIVE": 99.9992951094695,
        "INACTIVE": 0.0007048905305006133,
        "INVALID": 0.0,
        "MALICIOUS": 0.0,
        "SANE": 0.0,
        "VALID": 0.0,
        "total": 100.0
    }
}