{
    "counter": {
        "ACTIVE": 2738,
        "INACTIVE": 2,
        "INVALID": 0,
        "MALICIOUS": 0,
        "SANE": 0,
        "VALID": 0,
        "total": 2740
    },
    "percentage": {
        "ACTIVE": 99.92700729927007,
        "INACTIVE": 0.1497005988023952,
        "INVALID": 0,
        "MALICIOUS": 0,
        "SANE": 0,
        "VALID": 0,
        "total": 100.07670789807247
    }
}