{
    "counter": {
        "ACTIVE": 2764,
        "INACTIVE": 2,
        "INVALID": 0,
        "MALICIOUS": 0,
        "SANE": 0,
        "VALID": 0,
        "total": 2766
    },
    "percentage": {
        "ACTIVE": 99.92769342010124,
        "INACTIVE": 0.18467220683287167,
        "INVALID": 0,
        "MALICIOUS": 0,
        "SANE": 0,
        "VALID": 0,
        "total": 100.1123656269341
    }
}