{
    "counter": {
        "ACTIVE": 2283,
        "INACTIVE": 1,
        "INVALID": 0,
        "MALICIOUS": 0,
        "SANE": 0,
        "VALID": 0,
        "total": 2284
    },
    "percentage": {
        "ACTIVE": 99.95621716287215,
        "INACTIVE": 0.043782837127845885,
        "INVALID": 0.0,
        "MALICIOUS": 0.0,
        "SANE": 0.0,
        "VALID": 0.0,
        "total": 100.0
    }
}