{
    "counter": {
        "ACTIVE": 1088,
        "INACTIVE": 1,
        "INVALID": 0,
        "MALICIOUS": 0,
        "SANE": 0,
        "VALID": 0,
        "total": 1089
    },
    "percentage": {
        "ACTIVE": 99.90817263544537,
        "INACTIVE": 0.42016806722689076,
        "INVALID": 0,
        "MALICIOUS": 0,
        "SANE": 0,
        "VALID": 0,
        "total": 100.32834070267226
    }
}