{
    "counter": {
        "ACTIVE": 1992,
        "INACTIVE": 2,
        "INVALID": 0,
        "MALICIOUS": 0,
        "SANE": 0,
        "VALID": 0,
        "total": 1994
    },
    "percentage": {
        "ACTIVE": 99.89969909729187,
        "INACTIVE": 0.10411244143675169,
        "INVALID": 0,
        "MALICIOUS": 0,
        "SANE": 0,
        "VALID": 0,
        "total": 100.00381153872863
    }
}