{
    "counter": {
        "ACTIVE": 2182,
        "INACTIVE": 6,
        "INVALID": 0,
        "MALICIOUS": 0,
        "SANE": 0,
        "VALID": 0,
        "total": 2188
    },
    "percentage": {
        "ACTIVE": 99.72577696526508,
        "INACTIVE": 0.4467609828741623,
        "INVALID": 0,
        "MALICIOUS": 0,
        "SANE": 0,
        "VALID": 0,
        "total": 100.17253794813925
    }
}