{
    "counter": {
        "ACTIVE": 145454,
        "INACTIVE": 1,
        "INVALID": 0,
        "MALICIOUS": 0,
        "SANE": 0,
        "VALID": 0,
        "total": 145455
    },
    "percentage": {
        "ACTIVE": 99.99931250214843,
        "INACTIVE": 0.0006874978515692138,
        "INVALID": 0.0,
        "MALICIOUS": 0.0,
        "SANE": 0.0,
        "VALID": 0.0,
        "total": 100.0
    }
}