{
    "counter": {
        "ACTIVE": 169409,
        "INACTIVE": 1,
        "INVALID": 0,
        "MALICIOUS": 0,
        "SANE": 0,
        "VALID": 0,
        "total": 169410
    },
    "percentage": {
        "ACTIVE": 99.99940971607343,
        "INACTIVE": 0.0005902839265686796,
        "INVALID": 0.0,
        "MALICIOUS": 0.0,
        "SANE": 0.0,
        "VALID": 0.0,
        "total": 100.0
    }
}