{
    "counter": {
        "ACTIVE": 189101,
        "INACTIVE": 2,
        "INVALID": 0,
        "MALICIOUS": 0,
        "SANE": 0,
        "VALID": 0,
        "total": 189103
    },
    "percentage": {
        "ACTIVE": 99.99894237531927,
        "INACTIVE": 0.0010576246807295494,
        "INVALID": 0.0,
        "MALICIOUS": 0.0,
        "SANE": 0.0,
        "VALID": 0.0,
        "total": 100.0
    }
}