{
    "counter": {
        "ACTIVE": 2230,
        "INACTIVE": 1,
        "INVALID": 0,
        "MALICIOUS": 0,
        "SANE": 0,
        "VALID": 0,
        "total": 2231
    },
    "percentage": {
        "ACTIVE": 99.95517705064994,
        "INACTIVE": 0.08438818565400844,
        "INVALID": 0,
        "MALICIOUS": 0,
        "SANE": 0,
        "VALID": 0,
        "total": 100.03956523630394
    }
}