{
    "counter": {
        "ACTIVE": 2181,
        "INACTIVE": 1,
        "INVALID": 0,
        "MALICIOUS": 0,
        "SANE": 0,
        "VALID": 0,
        "total": 2182
    },
    "percentage": {
        "ACTIVE": 99.95417048579284,
        "INACTIVE": 0.09090909090909091,
        "INVALID": 0,
        "MALICIOUS": 0,
        "SANE": 0,
        "VALID": 0,
        "total": 100.04507957670194
    }
}