{
    "counter": {
        "ACTIVE": 165959,
        "INACTIVE": 1,
        "INVALID": 0,
        "MALICIOUS": 0,
        "SANE": 0,
        "VALID": 0,
        "total": 165960
    },
    "percentage": {
        "ACTIVE": 99.99939744516752,
        "INACTIVE": 0.0006025548324897565,
        "INVALID": 0.0,
        "MALICIOUS": 0.0,
        "SANE": 0.0,
        "VALID": 0.0,
        "total": 100.0
    }
}