{
    "counter": {
        "ACTIVE": 127432,
        "INACTIVE": 1,
        "INVALID": 0,
        "MALICIOUS": 0,
        "SANE": 0,
        "VALID": 0,
        "total": 127433
    },
    "percentage": {
        "ACTIVE": 99.99921527390865,
        "INACTIVE": 0.0007847260913578115,
        "INVALID": 0.0,
        "MALICIOUS": 0.0,
        "SANE": 0.0,
        "VALID": 0.0,
        "total": 100.0
    }
}