{
    "counter": {
        "ACTIVE": 179351,
        "INACTIVE": 2,
        "INVALID": 0,
        "MALICIOUS": 0,
        "SANE": 0,
        "VALID": 0,
        "total": 179353
    },
    "percentage": {
        "ACTIVE": 99.99888488065436,
        "INACTIVE": 0.001115119345647968,
        "INVALID": 0.0,
        "MALICIOUS": 0.0,
        "SANE": 0.0,
        "VALID": 0.0,
        "total": 100.0
    }
}