{
    "counter": {
        "ACTIVE": 2447,
        "INACTIVE": 5,
        "INVALID": 0,
        "MALICIOUS": 0,
        "SANE": 0,
        "VALID": 0,
        "total": 2452
    },
    "percentage": {
        "ACTIVE": 99.79608482871126,
        "INACTIVE": 0.2101723413198823,
        "INVALID": 0,
        "MALICIOUS": 0,
        "SANE": 0,
        "VALID": 0,
        "total": 100.00625717003113
    }
}