{
    "counter": {
        "ACTIVE": 179054,
        "INACTIVE": 2,
        "INVALID": 0,
        "MALICIOUS": 0,
        "SANE": 0,
        "VALID": 0,
        "total": 179056
    },
    "percentage": {
        "ACTIVE": 99.99888303100705,
        "INACTIVE": 0.001116968992940756,
        "INVALID": 0.0,
        "MALICIOUS": 0.0,
        "SANE": 0.0,
        "VALID": 0.0,
        "total": 100.0
    }
}