{
    "counter": {
        "ACTIVE": 140533,
        "INACTIVE": 1,
        "INVALID": 0,
        "MALICIOUS": 0,
        "SANE": 0,
        "VALID": 0,
        "total": 140534
    },
    "percentage": {
        "ACTIVE": 99.99928842842301,
        "INACTIVE": 0.0007115715769849289,
        "INVALID": 0.0,
        "MALICIOUS": 0.0,
        "SANE": 0.0,
        "VALID": 0.0,
        "total": 100.0
    }
}