{
    "counter": {
        "ACTIVE": 119851,
        "INACTIVE": 1,
        "INVALID": 0,
        "MALICIOUS": 0,
        "SANE": 0,
        "VALID": 0,
        "total": 119852
    },
    "percentage": {
        "ACTIVE": 99.99916563761973,
        "INACTIVE": 0.0008343623802689984,
        "INVALID": 0.0,
        "MALICIOUS": 0.0,
        "SANE": 0.0,
        "VALID": 0.0,
        "total": 100.0
    }
}