{
    "counter": {
        "ACTIVE": 156915,
        "INACTIVE": 1,
        "INVALID": 0,
        "MALICIOUS": 0,
        "SANE": 0,
        "VALID": 0,
        "total": 156916
    },
    "percentage": {
        "ACTIVE": 99.9993627163578,
        "INACTIVE": 0.0006372836422034719,
        "INVALID": 0.0,
        "MALICIOUS": 0.0,
        "SANE": 0.0,
        "VALID": 0.0,
        "total": 100.0
    }
}