{
    "counter": {
        "ACTIVE": 176260,
        "INACTIVE": 2,
        "INVALID": 0,
        "MALICIOUS": 0,
        "SANE": 0,
        "VALID": 0,
        "total": 176262
    },
    "percentage": {
        "ACTIVE": 99.99886532548139,
        "INACTIVE": 0.0011346745186143355,
        "INVALID": 0.0,
        "MALICIOUS": 0.0,
        "SANE": 0.0,
        "VALID": 0.0,
        "total": 100.0
    }
}