{
    "counter": {
        "ACTIVE": 187680,
        "INACTIVE": 2,
        "INVALID": 0,
        "MALICIOUS": 0,
        "SANE": 0,
        "VALID": 0,
        "total": 187682
    },
    "percentage": {
        "ACTIVE": 99.99893436770708,
        "INACTIVE": 0.0010656322929210047,
        "INVALID": 0.0,
        "MALICIOUS": 0.0,
        "SANE": 0.0,
        "VALID": 0.0,
        "total": 100.0
    }
}