{
    "counter": {
        "ACTIVE": 1241,
        "INACTIVE": 7,
        "INVALID": 0,
        "MALICIOUS": 0,
        "SANE": 0,
        "VALID": 0,
        "total": 1248
    },
    "percentage": {
        "ACTIVE": 99.43910256410257,
        "INACTIVE": 0.579950289975145,
        "INVALID": 0,
        "MALICIOUS": 0,
        "SANE": 0,
        "VALID": 0,
        "total": 100.01905285407771
    }
}