{
    "counter": {
        "ACTIVE": 535,
        "INACTIVE": 1,
        "INVALID": 0,
        "MALICIOUS": 0,
        "SANE": 0,
        "VALID": 0,
        "total": 536
    },
    "percentage": {
        "ACTIVE": 99.81343283582089,
        "INACTIVE": 0.21505376344086022,
        "INVALID": 0,
        "MALICIOUS": 0,
        "SANE": 0,
        "VALID": 0,
        "total": 100.02848659926175
    }
}