{
    "counter": {
        "ACTIVE": 186046,
        "INACTIVE": 2,
        "INVALID": 0,
        "MALICIOUS": 0,
        "SANE": 0,
        "VALID": 0,
        "total": 186048
    },
    "percentage": {
        "ACTIVE": 99.99892500859993,
        "INACTIVE": 0.0010749914000687995,
        "INVALID": 0.0,
        "MALICIOUS": 0.0,
        "SANE": 0.0,
        "VALID": 0.0,
        "total": 100.0
    }
}