{
    "counter": {
        "ACTIVE": 2446,
        "INACTIVE": 5,
        "INVALID": 0,
        "MALICIOUS": 0,
        "SANE": 0,
        "VALID": 0,
        "total": 2451
    },
    "percentage": {
        "ACTIVE": 99.79600163198694,
        "INACTIVE": 0.3465003465003465,
        "INVALID": 0,
        "MALICIOUS": 0,
        "SANE": 0,
        "VALID": 0,
        "total": 100.14250197848729
    }
}