{
    "counter": {
        "ACTIVE": 2451,
        "INACTIVE": 1,
        "INVALID": 0,
        "MALICIOUS": 0,
        "SANE": 0,
        "VALID": 0,
        "total": 2452
    },
    "percentage": {
        "ACTIVE": 99.95921696574226,
        "INACTIVE": 0.42016806722689076,
        "INVALID": 0,
        "MALICIOUS": 0,
        "SANE": 0,
        "VALID": 0,
        "total": 100.37938503296915
    }
}