{
    "counter": {
        "ACTIVE": 2441,
        "INACTIVE": 11,
        "INVALID": 0,
        "MALICIOUS": 0,
        "SANE": 0,
        "VALID": 0,
        "total": 2452
    },
    "percentage": {
        "ACTIVE": 99.55138662316476,
        "INACTIVE": 0.8828250401284109,
        "INVALID": 0,
        "MALICIOUS": 0,
        "SANE": 0,
        "VALID": 0,
        "total": 100.43421166329317
    }
}