{
    "counter": {
        "ACTIVE": 2092,
        "INACTIVE": 5,
        "INVALID": 0,
        "MALICIOUS": 0,
        "SANE": 0,
        "VALID": 0,
        "total": 2097
    },
    "percentage": {
        "ACTIVE": 99.76156413924654,
        "INACTIVE": 0.25906735751295334,
        "INVALID": 0,
        "MALICIOUS": 0,
        "SANE": 0,
        "VALID": 0,
        "total": 100.02063149675949
    }
}