{
    "counter": {
        "ACTIVE": 147762,
        "INACTIVE": 1,
        "INVALID": 0,
        "MALICIOUS": 0,
        "SANE": 0,
        "VALID": 0,
        "total": 147763
    },
    "percentage": {
        "ACTIVE": 99.99932324059473,
        "INACTIVE": 0.0006767594052638346,
        "INVALID": 0.0,
        "MALICIOUS": 0.0,
        "SANE": 0.0,
        "VALID": 0.0,
        "total": 100.0
    }
}