{
    "counter": {
        "ACTIVE": 2750,
        "INACTIVE": 1,
        "INVALID": 0,
        "MALICIOUS": 0,
        "SANE": 0,
        "VALID": 0,
        "total": 2751
    },
    "percentage": {
        "ACTIVE": 99.96364958197019,
        "INACTIVE": 0.06680026720106881,
        "INVALID": 0,
        "MALICIOUS": 0,
        "SANE": 0,
        "VALID": 0,
        "total": 100.03044984917126
    }
}