{
    "counter": {
        "ACTIVE": 2756,
        "INACTIVE": 3,
        "INVALID": 0,
        "MALICIOUS": 0,
        "SANE": 0,
        "VALID": 0,
        "total": 2759
    },
    "percentage": {
        "ACTIVE": 99.89126495106923,
        "INACTIVE": 0.15856236786469344,
        "INVALID": 0,
        "MALICIOUS": 0,
        "SANE": 0,
        "VALID": 0,
        "total": 100.04982731893392
    }
}