{
    "counter": {
        "ACTIVE": 527,
        "INACTIVE": 1,
        "INVALID": 0,
        "MALICIOUS": 0,
        "SANE": 0,
        "VALID": 0,
        "total": 528
    },
    "percentage": {
        "ACTIVE": 99.81060606060606,
        "INACTIVE": 0.4484304932735426,
        "INVALID": 0,
        "MALICIOUS": 0,
        "SANE": 0,
        "VALID": 0,
        "total": 100.25903655387961
    }
}