{
    "counter": {
        "ACTIVE": 2761,
        "INACTIVE": 7,
        "INVALID": 0,
        "MALICIOUS": 0,
        "SANE": 0,
        "VALID": 0,
        "total": 2768
    },
    "percentage": {
        "ACTIVE": 99.7471098265896,
        "INACTIVE": 0.33783783783783783,
        "INVALID": 0,
        "MALICIOUS": 0,
        "SANE": 0,
        "VALID": 0,
        "total": 100.08494766442743
    }
}