{
    "counter": {
        "ACTIVE": 2446,
        "INACTIVE": 5,
        "INVALID": 0,
        "MALICIOUS": 0,
        "SANE": 0,
        "VALID": 0,
        "total": 2451
    },
    "percentage": {
        "ACTIVE": 99.79600163198694,
        "INACTIVE": 0.2101723413198823,
        "INVALID": 0,
        "MALICIOUS": 0,
        "SANE": 0,
        "VALID": 0,
        "total": 100.00617397330682
    }
}