{
    "counter": {
        "ACTIVE": 2745,
        "INACTIVE": 5,
        "INVALID": 0,
        "MALICIOUS": 0,
        "SANE": 0,
        "VALID": 0,
        "total": 2750
    },
    "percentage": {
        "ACTIVE": 99.81818181818181,
        "INACTIVE": 0.21901007446342532,
        "INVALID": 0,
        "MALICIOUS": 0,
        "SANE": 0,
        "VALID": 0,
        "total": 100.03719189264524
    }
}