{
    "counter": {
        "ACTIVE": 2759,
        "INACTIVE": 1,
        "INVALID": 0,
        "MALICIOUS": 0,
        "SANE": 0,
        "VALID": 0,
        "total": 2760
    },
    "percentage": {
        "ACTIVE": 99.96376811594203,
        "INACTIVE": 0.07633587786259542,
        "INVALID": 0,
        "MALICIOUS": 0,
        "SANE": 0,
        "VALID": 0,
        "total": 100.04010399380462
    }
}