{
    "counter": {
        "ACTIVE": 115168,
        "INACTIVE": 1,
        "INVALID": 0,
        "MALICIOUS": 0,
        "SANE": 0,
        "VALID": 0,
        "total": 115169
    },
    "percentage": {
        "ACTIVE": 99.99913171079022,
        "INACTIVE": 0.0008682892097699902,
        "INVALID": 0.0,
        "MALICIOUS": 0.0,
        "SANE": 0.0,
        "VALID": 0.0,
        "total": 100.0
    }
}