{
    "counter": {
        "ACTIVE": 2749,
        "INACTIVE": 8,
        "INVALID": 0,
        "MALICIOUS": 0,
        "SANE": 0,
        "VALID": 0,
        "total": 2757
    },
    "percentage": {
        "ACTIVE": 99.70982952484584,
        "INACTIVE": 0.2962962962962963,
        "INVALID": 0,
        "MALICIOUS": 0,
        "SANE": 0,
        "VALID": 0,
        "total": 100.00612582114213
    }
}