{
    "counter": {
        "ACTIVE": 1972,
        "INACTIVE": 1,
        "INVALID": 0,
        "MALICIOUS": 0,
        "SANE": 0,
        "VALID": 0,
        "total": 1973
    },
    "percentage": {
        "ACTIVE": 99.94931576279777,
        "INACTIVE": 0.0876424189307625,
        "INVALID": 0,
        "MALICIOUS": 0,
        "SANE": 0,
        "VALID": 0,
        "total": 100.03695818172852
    }
}