{
    "counter": {
        "ACTIVE": 2736,
        "INACTIVE": 9,
        "INVALID": 0,
        "MALICIOUS": 0,
        "SANE": 0,
        "VALID": 0,
        "total": 2745
    },
    "percentage": {
        "ACTIVE": 99.67213114754098,
        "INACTIVE": 0.32834731849689897,
        "INVALID": 0,
        "MALICIOUS": 0,
        "SANE": 0,
        "VALID": 0,
        "total": 100.00047846603788
    }
}