{
    "counter": {
        "ACTIVE": 2501,
        "INACTIVE": 1322,
        "INVALID": 0,
        "MALICIOUS": 0,
        "SANE": 0,
        "VALID": 0,
        "total": 3823
    },
    "percentage": {
        "ACTIVE": 65.41982736071148,
        "INACTIVE": 34.58017263928852,
        "INVALID": 0.0,
        "MALICIOUS": 0.0,
        "SANE": 0.0,
        "VALID": 0.0,
        "total": 100.0
    }
}