{
    "counter": {
        "ACTIVE": 2740,
        "INACTIVE": 12,
        "INVALID": 0,
        "MALICIOUS": 0,
        "SANE": 0,
        "VALID": 0,
        "total": 2752
    },
    "percentage": {
        "ACTIVE": 99.56395348837209,
        "INACTIVE": 0.4423147806855879,
        "INVALID": 0,
        "MALICIOUS": 0,
        "SANE": 0,
        "VALID": 0,
        "total": 100.00626826905768
    }
}