{
    "counter": {
        "ACTIVE": 2762,
        "INACTIVE": 14,
        "INVALID": 0,
        "MALICIOUS": 0,
        "SANE": 0,
        "VALID": 0,
        "total": 2776
    },
    "percentage": {
        "ACTIVE": 99.49567723342939,
        "INACTIVE": 0.5113221329437546,
        "INVALID": 0,
        "MALICIOUS": 0,
        "SANE": 0,
        "VALID": 0,
        "total": 100.00699936637315
    }
}