{
    "counter": {
        "ACTIVE": 188567,
        "INACTIVE": 2,
        "INVALID": 0,
        "MALICIOUS": 0,
        "SANE": 0,
        "VALID": 0,
        "total": 188569
    },
    "percentage": {
        "ACTIVE": 99.9989393802799,
        "INACTIVE": 0.0010606197201024558,
        "INVALID": 0.0,
        "MALICIOUS": 0.0,
        "SANE": 0.0,
        "VALID": 0.0,
        "total": 100.0
    }
}