{
    "counter": {
        "ACTIVE": 113154,
        "INACTIVE": 1,
        "INVALID": 0,
        "MALICIOUS": 0,
        "SANE": 0,
        "VALID": 0,
        "total": 113155
    },
    "percentage": {
        "ACTIVE": 99.99911625646237,
        "INACTIVE": 0.0008837435376253812,
        "INVALID": 0.0,
        "MALICIOUS": 0.0,
        "SANE": 0.0,
        "VALID": 0.0,
        "total": 100.0
    }
}