{
    "counter": {
        "ACTIVE": 527,
        "INACTIVE": 1,
        "INVALID": 0,
        "MALICIOUS": 0,
        "SANE": 0,
        "VALID": 0,
        "total": 528
    },
    "percentage": {
        "ACTIVE": 99.81060606060606,
        "INACTIVE": 0.2183406113537118,
        "INVALID": 0,
        "MALICIOUS": 0,
        "SANE": 0,
        "VALID": 0,
        "total": 100.02894667195977
    }
}