{
    "counter": {
        "ACTIVE": 2748,
        "INACTIVE": 1,
        "INVALID": 0,
        "MALICIOUS": 0,
        "SANE": 0,
        "VALID": 0,
        "total": 2749
    },
    "percentage": {
        "ACTIVE": 99.96362313568571,
        "INACTIVE": 0.32679738562091504,
        "INVALID": 0,
        "MALICIOUS": 0,
        "SANE": 0,
        "VALID": 0,
        "total": 100.29042052130663
    }
}