{
    "counter": {
        "ACTIVE": 1996,
        "INACTIVE": 1,
        "INVALID": 0,
        "MALICIOUS": 0,
        "SANE": 0,
        "VALID": 0,
        "total": 1997
    },
    "percentage": {
        "ACTIVE": 99.949924887331,
        "INACTIVE": 0.42016806722689076,
        "INVALID": 0,
        "MALICIOUS": 0,
        "SANE": 0,
        "VALID": 0,
        "total": 100.37009295455789
    }
}