{
    "counter": {
        "ACTIVE": 2270,
        "INACTIVE": 14,
        "INVALID": 0,
        "MALICIOUS": 0,
        "SANE": 0,
        "VALID": 0,
        "total": 2284
    },
    "percentage": {
        "ACTIVE": 99.38704028021016,
        "INACTIVE": 0.618921308576481,
        "INVALID": 0,
        "MALICIOUS": 0,
        "SANE": 0,
        "VALID": 0,
        "total": 100.00596158878663
    }
}