{
    "counter": {
        "ACTIVE": 192461,
        "INACTIVE": 2,
        "INVALID": 0,
        "MALICIOUS": 0,
        "SANE": 0,
        "VALID": 0,
        "total": 192463
    },
    "percentage": {
        "ACTIVE": 99.99896083922624,
        "INACTIVE": 0.0010391607737591122,
        "INVALID": 0.0,
        "MALICIOUS": 0.0,
        "SANE": 0.0,
        "VALID": 0.0,
        "total": 100.0
    }
}