{
    "counter": {
        "ACTIVE": 194883,
        "INACTIVE": 2,
        "INVALID": 0,
        "MALICIOUS": 0,
        "SANE": 0,
        "VALID": 0,
        "total": 194885
    },
    "percentage": {
        "ACTIVE": 99.99897375375221,
        "INACTIVE": 0.0010262462477871564,
        "INVALID": 0.0,
        "MALICIOUS": 0.0,
        "SANE": 0.0,
        "VALID": 0.0,
        "total": 100.0
    }
}