{
    "counter": {
        "ACTIVE": 529,
        "INACTIVE": 1,
        "INVALID": 0,
        "MALICIOUS": 0,
        "SANE": 0,
        "VALID": 0,
        "total": 530
    },
    "percentage": {
        "ACTIVE": 99.81132075471699,
        "INACTIVE": 0.4219409282700422,
        "INVALID": 0,
        "MALICIOUS": 0,
        "SANE": 0,
        "VALID": 0,
        "total": 100.23326168298703
    }
}