{
    "counter": {
        "ACTIVE": 662,
        "INACTIVE": 2,
        "INVALID": 0,
        "MALICIOUS": 0,
        "SANE": 0,
        "VALID": 0,
        "total": 664
    },
    "percentage": {
        "ACTIVE": 99.6987951807229,
        "INACTIVE": 0.3952569169960474,
        "INVALID": 0,
        "MALICIOUS": 0,
        "SANE": 0,
        "VALID": 0,
        "total": 100.09405209771894
    }
}