{
    "counter": {
        "ACTIVE": 659,
        "INACTIVE": 1,
        "INVALID": 0,
        "MALICIOUS": 0,
        "SANE": 0,
        "VALID": 0,
        "total": 660
    },
    "percentage": {
        "ACTIVE": 99.84848484848484,
        "INACTIVE": 1.4492753623188406,
        "INVALID": 0,
        "MALICIOUS": 0,
        "SANE": 0,
        "VALID": 0,
        "total": 101.29776021080369
    }
}