{
    "counter": {
        "ACTIVE": 1254,
        "INACTIVE": 6,
        "INVALID": 0,
        "MALICIOUS": 0,
        "SANE": 0,
        "VALID": 0,
        "total": 1260
    },
    "percentage": {
        "ACTIVE": 99.52380952380952,
        "INACTIVE": 0.7653061224489796,
        "INVALID": 0,
        "MALICIOUS": 0,
        "SANE": 0,
        "VALID": 0,
        "total": 100.2891156462585
    }
}