{
    "counter": {
        "ACTIVE": 163029,
        "INACTIVE": 1,
        "INVALID": 0,
        "MALICIOUS": 0,
        "SANE": 0,
        "VALID": 0,
        "total": 163030
    },
    "percentage": {
        "ACTIVE": 99.99938661596025,
        "INACTIVE": 0.0006133840397472858,
        "INVALID": 0.0,
        "MALICIOUS": 0.0,
        "SANE": 0.0,
        "VALID": 0.0,
        "total": 100.0
    }
}