{
    "counter": {
        "ACTIVE": 528,
        "INACTIVE": 1,
        "INVALID": 0,
        "MALICIOUS": 0,
        "SANE": 0,
        "VALID": 0,
        "total": 529
    },
    "percentage": {
        "ACTIVE": 99.8109640831758,
        "INACTIVE": 0.22321428571428573,
        "INVALID": 0,
        "MALICIOUS": 0,
        "SANE": 0,
        "VALID": 0,
        "total": 100.0341783688901
    }
}