{
    "counter": {
        "ACTIVE": 173347,
        "INACTIVE": 1,
        "INVALID": 0,
        "MALICIOUS": 0,
        "SANE": 0,
        "VALID": 0,
        "total": 173348
    },
    "percentage": {
        "ACTIVE": 99.99942312573552,
        "INACTIVE": 0.0005768742644853128,
        "INVALID": 0.0,
        "MALICIOUS": 0.0,
        "SANE": 0.0,
        "VALID": 0.0,
        "total": 100.0
    }
}