{
    "counter": {
        "ACTIVE": 1214,
        "INACTIVE": 2,
        "INVALID": 0,
        "MALICIOUS": 0,
        "SANE": 0,
        "VALID": 0,
        "total": 1216
    },
    "percentage": {
        "ACTIVE": 99.83552631578948,
        "INACTIVE": 0.18501387604070305,
        "INVALID": 0,
        "MALICIOUS": 0,
        "SANE": 0,
        "VALID": 0,
        "total": 100.02054019183018
    }
}