{
    "counter": {
        "ACTIVE": 120834,
        "INACTIVE": 1,
        "INVALID": 0,
        "MALICIOUS": 0,
        "SANE": 0,
        "VALID": 0,
        "total": 120835
    },
    "percentage": {
        "ACTIVE": 99.99917242520793,
        "INACTIVE": 0.0008275747920718334,
        "INVALID": 0.0,
        "MALICIOUS": 0.0,
        "SANE": 0.0,
        "VALID": 0.0,
        "total": 100.0
    }
}