{
    "counter": {
        "ACTIVE": 2130,
        "INACTIVE": 3,
        "INVALID": 0,
        "MALICIOUS": 0,
        "SANE": 0,
        "VALID": 0,
        "total": 2133
    },
    "percentage": {
        "ACTIVE": 99.85935302390999,
        "INACTIVE": 0.14204545454545456,
        "INVALID": 0,
        "MALICIOUS": 0,
        "SANE": 0,
        "VALID": 0,
        "total": 100.00139847845544
    }
}