{
    "counter": {
        "ACTIVE": 2447,
        "INACTIVE": 11,
        "INVALID": 0,
        "MALICIOUS": 0,
        "SANE": 0,
        "VALID": 0,
        "total": 2458
    },
    "percentage": {
        "ACTIVE": 99.55248169243288,
        "INACTIVE": 0.8828250401284109,
        "INVALID": 0,
        "MALICIOUS": 0,
        "SANE": 0,
        "VALID": 0,
        "total": 100.43530673256129
    }
}