{
    "counter": {
        "ACTIVE": 2727,
        "INACTIVE": 3,
        "INVALID": 0,
        "MALICIOUS": 0,
        "SANE": 0,
        "VALID": 0,
        "total": 2730
    },
    "percentage": {
        "ACTIVE": 99.89010989010988,
        "INACTIVE": 0.15136226034308778,
        "INVALID": 0,
        "MALICIOUS": 0,
        "SANE": 0,
        "VALID": 0,
        "total": 100.04147215045298
    }
}