{
    "counter": {
        "ACTIVE": 126422,
        "INACTIVE": 1,
        "INVALID": 0,
        "MALICIOUS": 0,
        "SANE": 0,
        "VALID": 0,
        "total": 126423
    },
    "percentage": {
        "ACTIVE": 99.9992090046906,
        "INACTIVE": 0.0007909953093978153,
        "INVALID": 0.0,
        "MALICIOUS": 0.0,
        "SANE": 0.0,
        "VALID": 0.0,
        "total": 100.0
    }
}