{
    "counter": {
        "ACTIVE": 2735,
        "INACTIVE": 3,
        "INVALID": 0,
        "MALICIOUS": 0,
        "SANE": 0,
        "VALID": 0,
        "total": 2738
    },
    "percentage": {
        "ACTIVE": 99.89043097151205,
        "INACTIVE": 0.15136226034308778,
        "INVALID": 0,
        "MALICIOUS": 0,
        "SANE": 0,
        "VALID": 0,
        "total": 100.04179323185514
    }
}