{
    "counter": {
        "ACTIVE": 2424,
        "INACTIVE": 5,
        "INVALID": 0,
        "MALICIOUS": 0,
        "SANE": 0,
        "VALID": 0,
        "total": 2429
    },
    "percentage": {
        "ACTIVE": 99.79415397282833,
        "INACTIVE": 0.22665457842248413,
        "INVALID": 0,
        "MALICIOUS": 0,
        "SANE": 0,
        "VALID": 0,
        "total": 100.02080855125081
    }
}