{
    "counter": {
        "ACTIVE": 2113,
        "INACTIVE": 3,
        "INVALID": 0,
        "MALICIOUS": 0,
        "SANE": 0,
        "VALID": 0,
        "total": 2116
    },
    "percentage": {
        "ACTIVE": 99.85822306238185,
        "INACTIVE": 0.15856236786469344,
        "INVALID": 0,
        "MALICIOUS": 0,
        "SANE": 0,
        "VALID": 0,
        "total": 100.01678543024654
    }
}