{
    "counter": {
        "ACTIVE": 1084,
        "INACTIVE": 2,
        "INVALID": 0,
        "MALICIOUS": 0,
        "SANE": 0,
        "VALID": 0,
        "total": 1086
    },
    "percentage": {
        "ACTIVE": 99.8158379373849,
        "INACTIVE": 0.42735042735042733,
        "INVALID": 0,
        "MALICIOUS": 0,
        "SANE": 0,
        "VALID": 0,
        "total": 100.24318836473533
    }
}