{
    "counter": {
        "ACTIVE": 2434,
        "INACTIVE": 5,
        "INVALID": 0,
        "MALICIOUS": 0,
        "SANE": 0,
        "VALID": 0,
        "total": 2439
    },
    "percentage": {
        "ACTIVE": 99.7949979499795,
        "INACTIVE": 0.22665457842248413,
        "INVALID": 0,
        "MALICIOUS": 0,
        "SANE": 0,
        "VALID": 0,
        "total": 100.02165252840199
    }
}