{
    "counter": {
        "8648255 CANADA LTD. O/A Dynadot LLC": 2,
        "Communigal Communications Ltd": 8,
        "Dynadot Inc": 2,
        "GMO Internet Group, Inc. d/b/a Onamae.com": 2,
        "Gname.com Pte. Ltd.": 8,
        "GoDaddy.com, LLC": 4,
        "HOSTINGER operations, UAB": 4,
        "NAMEMART PTE. LTD.": 2,
        "Name.com, Inc.": 2,
        "Namecheap": 4,
        "Porkbun, LLC": 2,
        "Sav.com LLC": 2,
        "URL Solutions Inc.": 2,
        "eDomains LLC": 2,
        "total": 46
    },
    "percentage": {
        "8648255 CANADA LTD. O/A Dynadot LLC": 4.3478260869565215,
        "Communigal Communications Ltd": 17.391304347826086,
        "Dynadot Inc": 4.3478260869565215,
        "GMO Internet Group, Inc. d/b/a Onamae.com": 4.3478260869565215,
        "Gname.com Pte. Ltd.": 17.391304347826086,
        "GoDaddy.com, LLC": 8.695652173913043,
        "HOSTINGER operations, UAB": 8.695652173913043,
        "NAMEMART PTE. LTD.": 4.3478260869565215,
        "Name.com, Inc.": 4.3478260869565215,
        "Namecheap": 8.695652173913043,
        "Porkbun, LLC": 4.3478260869565215,
        "Sav.com LLC": 4.3478260869565215,
        "URL Solutions Inc.": 4.3478260869565215,
        "eDomains LLC": 4.3478260869565215,
        "total": 100.0
    }
}