{
    "counter": {
        "8648255 CANADA LTD. O/A Dynadot LLC": 2,
        "Communigal Communications Ltd": 6,
        "Dynadot Inc": 2,
        "Gname.com Pte. Ltd.": 6,
        "GoDaddy.com, LLC": 4,
        "HOSTINGER operations, UAB": 4,
        "Name.com, Inc.": 2,
        "Namecheap": 2,
        "Porkbun, LLC": 2,
        "URL Solutions Inc.": 2,
        "eDomains LLC": 2,
        "total": 34
    },
    "percentage": {
        "8648255 CANADA LTD. O/A Dynadot LLC": 5.882352941176471,
        "Communigal Communications Ltd": 17.647058823529413,
        "Dynadot Inc": 5.882352941176471,
        "Gname.com Pte. Ltd.": 17.647058823529413,
        "GoDaddy.com, LLC": 11.764705882352942,
        "HOSTINGER operations, UAB": 11.764705882352942,
        "Name.com, Inc.": 5.882352941176471,
        "Namecheap": 5.882352941176471,
        "Porkbun, LLC": 5.882352941176471,
        "URL Solutions Inc.": 5.882352941176471,
        "eDomains LLC": 5.882352941176471,
        "total": 100.0
    }
}