{
    "counter": {
        "8648255 CANADA LTD. O/A Dynadot LLC": 2,
        "Communigal Communications Ltd": 2,
        "Dynadot Inc": 2,
        "GMO Internet Group, Inc. d/b/a Onamae.com": 2,
        "GNAME.COM PTE. LTD.": 2,
        "Gname.com Pte. Ltd.": 6,
        "GoDaddy.com, LLC": 2,
        "HOSTINGER operations, UAB": 2,
        "NAMECHEAP": 2,
        "NAMEMART LIMITED": 2,
        "NAMEMART PTE. LTD.": 2,
        "Namecheap": 4,
        "Nhan Hoa Software Company Ltd": 2,
        "Porkbun, LLC": 2,
        "URL Solutions Inc.": 2,
        "total": 36
    },
    "percentage": {
        "8648255 CANADA LTD. O/A Dynadot LLC": 5.555555555555555,
        "Communigal Communications Ltd": 5.555555555555555,
        "Dynadot Inc": 5.555555555555555,
        "GMO Internet Group, Inc. d/b/a Onamae.com": 5.555555555555555,
        "GNAME.COM PTE. LTD.": 5.555555555555555,
        "Gname.com Pte. Ltd.": 16.666666666666668,
        "GoDaddy.com, LLC": 5.555555555555555,
        "HOSTINGER operations, UAB": 5.555555555555555,
        "NAMECHEAP": 5.555555555555555,
        "NAMEMART LIMITED": 5.555555555555555,
        "NAMEMART PTE. LTD.": 5.555555555555555,
        "Namecheap": 11.11111111111111,
        "Nhan Hoa Software Company Ltd": 5.555555555555555,
        "Porkbun, LLC": 5.555555555555555,
        "URL Solutions Inc.": 5.555555555555555,
        "total": 100.0
    }
}