{
    "counter": {
        "8648255 CANADA LTD. O/A Dynadot LLC": 2,
        "Atak Domain Bilgi Teknolojileri A.Ş.": 2,
        "Chengdu West Dimension Digital Technology Co., Ltd.": 4,
        "CommuniGal Communication Ltd.": 2,
        "Dynadot Inc": 4,
        "GMO Internet Group, Inc. d/b/a Onamae.com": 2,
        "GNAME.COM PTE. LTD.": 2,
        "Gname.com Pte. Ltd.": 14,
        "GoDaddy.com, LLC": 2,
        "HOSTINGER operations, UAB": 4,
        "NAMEMART PTE. LTD.": 2,
        "NameCheap, Inc.": 2,
        "NameSilo, LLC": 12,
        "Namecheap": 6,
        "Namemart Limited": 2,
        "Nhan Hoa Software Company Ltd": 2,
        "P.A. Viet Nam Company Limited": 2,
        "Porkbun LLC": 2,
        "Porkbun, LLC": 2,
        "Tucows.com Co.": 2,
        "URL Solutions, Inc.": 2,
        "VIRTUA DRUG Kutatási Szolgáltató Korlátolt Felelősségű Társaság": 2,
        "total": 76
    },
    "percentage": {
        "8648255 CANADA LTD. O/A Dynadot LLC": 2.6315789473684212,
        "Atak Domain Bilgi Teknolojileri A.Ş.": 2.6315789473684212,
        "Chengdu West Dimension Digital Technology Co., Ltd.": 5.2631578947368425,
        "CommuniGal Communication Ltd.": 2.6315789473684212,
        "Dynadot Inc": 5.2631578947368425,
        "GMO Internet Group, Inc. d/b/a Onamae.com": 2.6315789473684212,
        "GNAME.COM PTE. LTD.": 2.6315789473684212,
        "Gname.com Pte. Ltd.": 18.42105263157895,
        "GoDaddy.com, LLC": 2.6315789473684212,
        "HOSTINGER operations, UAB": 5.2631578947368425,
        "NAMEMART PTE. LTD.": 2.6315789473684212,
        "NameCheap, Inc.": 2.6315789473684212,
        "NameSilo, LLC": 15.789473684210526,
        "Namecheap": 7.894736842105263,
        "Namemart Limited": 2.6315789473684212,
        "Nhan Hoa Software Company Ltd": 2.6315789473684212,
        "P.A. Viet Nam Company Limited": 2.6315789473684212,
        "Porkbun LLC": 2.6315789473684212,
        "Porkbun, LLC": 2.6315789473684212,
        "Tucows.com Co.": 2.6315789473684212,
        "URL Solutions, Inc.": 2.6315789473684212,
        "VIRTUA DRUG Kutatási Szolgáltató Korlátolt Felelősségű Társaság": 2.6315789473684212,
        "total": 100.0
    }
}