{
    "counter": {
        "8648255 CANADA LTD. O/A Dynadot LLC": 2,
        "Communigal Communications Ltd": 4,
        "Dynadot Inc": 2,
        "GMO Internet Group, Inc. d/b/a Onamae.com": 2,
        "GNAME.COM PTE. LTD.": 2,
        "Gname.com Pte. Ltd.": 10,
        "GoDaddy.com, LLC": 2,
        "HOSTINGER operations, UAB": 8,
        "NAMEMART LIMITED": 2,
        "NAMEMART PTE. LTD.": 2,
        "NameCheap, Inc.": 2,
        "NameSilo, LLC": 2,
        "Namecheap": 4,
        "Nhan Hoa Software Company Ltd": 2,
        "Porkbun, LLC": 2,
        "Sav.com LLC": 2,
        "Spaceship, Inc.": 2,
        "URL Solutions Inc.": 2,
        "Wild Bunch Domains, LLC": 2,
        "total": 56
    },
    "percentage": {
        "8648255 CANADA LTD. O/A Dynadot LLC": 3.5714285714285716,
        "Communigal Communications Ltd": 7.142857142857143,
        "Dynadot Inc": 3.5714285714285716,
        "GMO Internet Group, Inc. d/b/a Onamae.com": 3.5714285714285716,
        "GNAME.COM PTE. LTD.": 3.5714285714285716,
        "Gname.com Pte. Ltd.": 17.857142857142858,
        "GoDaddy.com, LLC": 3.5714285714285716,
        "HOSTINGER operations, UAB": 14.285714285714286,
        "NAMEMART LIMITED": 3.5714285714285716,
        "NAMEMART PTE. LTD.": 3.5714285714285716,
        "NameCheap, Inc.": 3.5714285714285716,
        "NameSilo, LLC": 3.5714285714285716,
        "Namecheap": 7.142857142857143,
        "Nhan Hoa Software Company Ltd": 3.5714285714285716,
        "Porkbun, LLC": 3.5714285714285716,
        "Sav.com LLC": 3.5714285714285716,
        "Spaceship, Inc.": 3.5714285714285716,
        "URL Solutions Inc.": 3.5714285714285716,
        "Wild Bunch Domains, LLC": 3.5714285714285716,
        "total": 100.0
    }
}