{
    "counter": {
        "8648255 CANADA LTD. O/A Dynadot LLC": 2,
        "Communigal Communications Ltd": 8,
        "Dynadot Inc": 2,
        "GMO Internet Group, Inc. d/b/a Onamae.com": 2,
        "Gname.com Pte. Ltd.": 8,
        "GoDaddy.com, LLC": 4,
        "HOSTINGER operations, UAB": 4,
        "NAMEMART PTE. LTD.": 2,
        "Name.com, Inc.": 2,
        "Namecheap": 4,
        "Porkbun, LLC": 2,
        "Sav.com LLC": 2,
        "Spaceship, Inc.": 2,
        "URL Solutions Inc.": 2,
        "eDomains LLC": 2,
        "total": 48
    },
    "percentage": {
        "8648255 CANADA LTD. O/A Dynadot LLC": 4.166666666666667,
        "Communigal Communications Ltd": 16.666666666666668,
        "Dynadot Inc": 4.166666666666667,
        "GMO Internet Group, Inc. d/b/a Onamae.com": 4.166666666666667,
        "Gname.com Pte. Ltd.": 16.666666666666668,
        "GoDaddy.com, LLC": 8.333333333333334,
        "HOSTINGER operations, UAB": 8.333333333333334,
        "NAMEMART PTE. LTD.": 4.166666666666667,
        "Name.com, Inc.": 4.166666666666667,
        "Namecheap": 8.333333333333334,
        "Porkbun, LLC": 4.166666666666667,
        "Sav.com LLC": 4.166666666666667,
        "Spaceship, Inc.": 4.166666666666667,
        "URL Solutions Inc.": 4.166666666666667,
        "eDomains LLC": 4.166666666666667,
        "total": 100.0
    }
}