{
    "counter": {
        "8648255 CANADA LTD. O/A Dynadot LLC": 2,
        "Dynadot Inc": 2,
        "GMO Internet Group, Inc. d/b/a Onamae.com": 4,
        "GNAME.COM PTE. LTD.": 2,
        "Gname.com Pte. Ltd.": 10,
        "GoDaddy.com, LLC": 2,
        "HOSTINGER operations, UAB": 6,
        "NAMEMART LIMITED": 2,
        "NAMEMART PTE. LTD.": 2,
        "Name.com, Inc.": 2,
        "NameCheap, Inc.": 4,
        "NameSilo, LLC": 2,
        "Namecheap": 6,
        "Nhan Hoa Software Company Ltd": 2,
        "Porkbun, LLC": 4,
        "Spaceship, Inc.": 2,
        "URL Solutions Inc.": 2,
        "total": 56
    },
    "percentage": {
        "8648255 CANADA LTD. O/A Dynadot LLC": 3.5714285714285716,
        "Dynadot Inc": 3.5714285714285716,
        "GMO Internet Group, Inc. d/b/a Onamae.com": 7.142857142857143,
        "GNAME.COM PTE. LTD.": 3.5714285714285716,
        "Gname.com Pte. Ltd.": 17.857142857142858,
        "GoDaddy.com, LLC": 3.5714285714285716,
        "HOSTINGER operations, UAB": 10.714285714285714,
        "NAMEMART LIMITED": 3.5714285714285716,
        "NAMEMART PTE. LTD.": 3.5714285714285716,
        "Name.com, Inc.": 3.5714285714285716,
        "NameCheap, Inc.": 7.142857142857143,
        "NameSilo, LLC": 3.5714285714285716,
        "Namecheap": 10.714285714285714,
        "Nhan Hoa Software Company Ltd": 3.5714285714285716,
        "Porkbun, LLC": 7.142857142857143,
        "Spaceship, Inc.": 3.5714285714285716,
        "URL Solutions Inc.": 3.5714285714285716,
        "total": 100.0
    }
}