{
    "counter": {
        "8648255 CANADA LTD. O/A Dynadot LLC": 2,
        "Atak Domain Bilgi Teknolojileri A.Ş.": 2,
        "Chengdu West Dimension Digital Technology Co., Ltd.": 4,
        "CommuniGal Communication Ltd.": 2,
        "Dynadot Inc": 4,
        "GMO Internet Group, Inc. d/b/a Onamae.com": 4,
        "GNAME.COM PTE. LTD.": 2,
        "Gname.com Pte. Ltd.": 14,
        "GoDaddy.com, LLC": 2,
        "HOSTINGER operations, UAB": 6,
        "NAMEMART PTE. LTD.": 2,
        "NameCheap, Inc.": 4,
        "NameSilo, LLC": 12,
        "Namecheap": 6,
        "Namemart Limited": 2,
        "Nhan Hoa Software Company Ltd": 2,
        "P.A. Viet Nam Company Limited": 2,
        "Porkbun LLC": 2,
        "Porkbun, LLC": 2,
        "Sav.com LLC": 2,
        "Spaceship, Inc.": 2,
        "Tucows.com Co.": 2,
        "URL Solutions, Inc.": 2,
        "VIRTUA DRUG Kutatási Szolgáltató Korlátolt Felelősségű Társaság": 2,
        "total": 86
    },
    "percentage": {
        "8648255 CANADA LTD. O/A Dynadot LLC": 2.3255813953488373,
        "Atak Domain Bilgi Teknolojileri A.Ş.": 2.3255813953488373,
        "Chengdu West Dimension Digital Technology Co., Ltd.": 4.651162790697675,
        "CommuniGal Communication Ltd.": 2.3255813953488373,
        "Dynadot Inc": 4.651162790697675,
        "GMO Internet Group, Inc. d/b/a Onamae.com": 4.651162790697675,
        "GNAME.COM PTE. LTD.": 2.3255813953488373,
        "Gname.com Pte. Ltd.": 16.27906976744186,
        "GoDaddy.com, LLC": 2.3255813953488373,
        "HOSTINGER operations, UAB": 6.976744186046512,
        "NAMEMART PTE. LTD.": 2.3255813953488373,
        "NameCheap, Inc.": 4.651162790697675,
        "NameSilo, LLC": 13.953488372093023,
        "Namecheap": 6.976744186046512,
        "Namemart Limited": 2.3255813953488373,
        "Nhan Hoa Software Company Ltd": 2.3255813953488373,
        "P.A. Viet Nam Company Limited": 2.3255813953488373,
        "Porkbun LLC": 2.3255813953488373,
        "Porkbun, LLC": 2.3255813953488373,
        "Sav.com LLC": 2.3255813953488373,
        "Spaceship, Inc.": 2.3255813953488373,
        "Tucows.com Co.": 2.3255813953488373,
        "URL Solutions, Inc.": 2.3255813953488373,
        "VIRTUA DRUG Kutatási Szolgáltató Korlátolt Felelősségű Társaság": 2.3255813953488373,
        "total": 100.0
    }
}