{
    "counter": {
        "8648255 CANADA LTD. O/A Dynadot LLC": 2,
        "Atak Domain Bilgi Teknolojileri A.Ş.": 2,
        "Chengdu West Dimension Digital Technology Co., Ltd.": 2,
        "CommuniGal Communication Ltd.": 2,
        "Dynadot Inc": 2,
        "GMO Internet Group, Inc. d/b/a Onamae.com": 6,
        "GNAME.COM PTE. LTD.": 2,
        "Global Domain Group LLC": 2,
        "Gname.com Pte. Ltd.": 18,
        "GoDaddy.com, LLC": 2,
        "HOSTINGER operations, UAB": 6,
        "NAMEMART PTE. LTD.": 2,
        "NameCheap, Inc.": 4,
        "NameSilo, LLC": 12,
        "Namecheap": 4,
        "Namemart Limited": 2,
        "Nhan Hoa Software Company Ltd": 2,
        "P.A. Viet Nam Company Limited": 2,
        "Porkbun LLC": 2,
        "Porkbun, LLC": 2,
        "Sav.com LLC": 2,
        "Spaceship, Inc.": 4,
        "TLD Registrar Solutions Ltd.": 2,
        "Tucows Domains Inc.": 2,
        "Tucows.com Co.": 2,
        "URL Solutions, Inc.": 2,
        "VIRTUA DRUG Kutatási Szolgáltató Korlátolt Felelősségű Társaság": 2,
        "total": 94
    },
    "percentage": {
        "8648255 CANADA LTD. O/A Dynadot LLC": 2.127659574468085,
        "Atak Domain Bilgi Teknolojileri A.Ş.": 2.127659574468085,
        "Chengdu West Dimension Digital Technology Co., Ltd.": 2.127659574468085,
        "CommuniGal Communication Ltd.": 2.127659574468085,
        "Dynadot Inc": 2.127659574468085,
        "GMO Internet Group, Inc. d/b/a Onamae.com": 6.382978723404255,
        "GNAME.COM PTE. LTD.": 2.127659574468085,
        "Global Domain Group LLC": 2.127659574468085,
        "Gname.com Pte. Ltd.": 19.148936170212767,
        "GoDaddy.com, LLC": 2.127659574468085,
        "HOSTINGER operations, UAB": 6.382978723404255,
        "NAMEMART PTE. LTD.": 2.127659574468085,
        "NameCheap, Inc.": 4.25531914893617,
        "NameSilo, LLC": 12.76595744680851,
        "Namecheap": 4.25531914893617,
        "Namemart Limited": 2.127659574468085,
        "Nhan Hoa Software Company Ltd": 2.127659574468085,
        "P.A. Viet Nam Company Limited": 2.127659574468085,
        "Porkbun LLC": 2.127659574468085,
        "Porkbun, LLC": 2.127659574468085,
        "Sav.com LLC": 2.127659574468085,
        "Spaceship, Inc.": 4.25531914893617,
        "TLD Registrar Solutions Ltd.": 2.127659574468085,
        "Tucows Domains Inc.": 2.127659574468085,
        "Tucows.com Co.": 2.127659574468085,
        "URL Solutions, Inc.": 2.127659574468085,
        "VIRTUA DRUG Kutatási Szolgáltató Korlátolt Felelősségű Társaság": 2.127659574468085,
        "total": 100.0
    }
}