{
    "counter": {
        "8648255 CANADA LTD. O/A Dynadot LLC": 2,
        "Atak Domain Bilgi Teknolojileri A.Ş.": 2,
        "Chengdu West Dimension Digital Technology Co., Ltd.": 2,
        "CommuniGal Communication Ltd.": 2,
        "Dynadot Inc": 2,
        "GMO Internet Group, Inc. d/b/a Onamae.com": 6,
        "GNAME.COM PTE. LTD.": 2,
        "Gname.com Pte. Ltd.": 18,
        "GoDaddy.com, LLC": 2,
        "HOSTINGER operations, UAB": 6,
        "NAMEMART PTE. LTD.": 2,
        "NameCheap, Inc.": 4,
        "NameSilo, LLC": 12,
        "Namecheap": 4,
        "Namemart Limited": 2,
        "Nhan Hoa Software Company Ltd": 2,
        "P.A. Viet Nam Company Limited": 2,
        "Porkbun LLC": 2,
        "Porkbun, LLC": 2,
        "Sav.com LLC": 2,
        "Spaceship, Inc.": 4,
        "TLD Registrar Solutions Ltd.": 2,
        "Tucows.com Co.": 2,
        "URL Solutions, Inc.": 2,
        "VIRTUA DRUG Kutatási Szolgáltató Korlátolt Felelősségű Társaság": 2,
        "total": 90
    },
    "percentage": {
        "8648255 CANADA LTD. O/A Dynadot LLC": 2.2222222222222223,
        "Atak Domain Bilgi Teknolojileri A.Ş.": 2.2222222222222223,
        "Chengdu West Dimension Digital Technology Co., Ltd.": 2.2222222222222223,
        "CommuniGal Communication Ltd.": 2.2222222222222223,
        "Dynadot Inc": 2.2222222222222223,
        "GMO Internet Group, Inc. d/b/a Onamae.com": 6.666666666666667,
        "GNAME.COM PTE. LTD.": 2.2222222222222223,
        "Gname.com Pte. Ltd.": 20.0,
        "GoDaddy.com, LLC": 2.2222222222222223,
        "HOSTINGER operations, UAB": 6.666666666666667,
        "NAMEMART PTE. LTD.": 2.2222222222222223,
        "NameCheap, Inc.": 4.444444444444445,
        "NameSilo, LLC": 13.333333333333334,
        "Namecheap": 4.444444444444445,
        "Namemart Limited": 2.2222222222222223,
        "Nhan Hoa Software Company Ltd": 2.2222222222222223,
        "P.A. Viet Nam Company Limited": 2.2222222222222223,
        "Porkbun LLC": 2.2222222222222223,
        "Porkbun, LLC": 2.2222222222222223,
        "Sav.com LLC": 2.2222222222222223,
        "Spaceship, Inc.": 4.444444444444445,
        "TLD Registrar Solutions Ltd.": 2.2222222222222223,
        "Tucows.com Co.": 2.2222222222222223,
        "URL Solutions, Inc.": 2.2222222222222223,
        "VIRTUA DRUG Kutatási Szolgáltató Korlátolt Felelősségű Társaság": 2.2222222222222223,
        "total": 100.0
    }
}