{
    "counter": {
        "Communigal Communications Ltd": 2,
        "Dynadot Inc": 2,
        "GMO Internet Group, Inc. d/b/a Onamae.com": 4,
        "Gname.com Pte. Ltd.": 6,
        "GoDaddy.com, LLC": 2,
        "HOSTINGER operations, UAB": 4,
        "NAMEMART LIMITED": 2,
        "NAMEMART PTE. LTD.": 2,
        "NameCheap, Inc.": 2,
        "NameSilo, LLC": 2,
        "Namecheap": 4,
        "Nhan Hoa Software Company Ltd": 2,
        "Porkbun, LLC": 2,
        "Spaceship, Inc.": 2,
        "URL Solutions Inc.": 2,
        "Wild Bunch Domains, LLC": 2,
        "total": 42
    },
    "percentage": {
        "Communigal Communications Ltd": 4.761904761904762,
        "Dynadot Inc": 4.761904761904762,
        "GMO Internet Group, Inc. d/b/a Onamae.com": 9.523809523809524,
        "Gname.com Pte. Ltd.": 14.285714285714286,
        "GoDaddy.com, LLC": 4.761904761904762,
        "HOSTINGER operations, UAB": 9.523809523809524,
        "NAMEMART LIMITED": 4.761904761904762,
        "NAMEMART PTE. LTD.": 4.761904761904762,
        "NameCheap, Inc.": 4.761904761904762,
        "NameSilo, LLC": 4.761904761904762,
        "Namecheap": 9.523809523809524,
        "Nhan Hoa Software Company Ltd": 4.761904761904762,
        "Porkbun, LLC": 4.761904761904762,
        "Spaceship, Inc.": 4.761904761904762,
        "URL Solutions Inc.": 4.761904761904762,
        "Wild Bunch Domains, LLC": 4.761904761904762,
        "total": 100.0
    }
}