{
    "counter": {
        "8648255 CANADA LTD. O/A Dynadot LLC": 2,
        "Communigal Communications Ltd": 8,
        "Dynadot Inc": 2,
        "GMO Internet Group, Inc. d/b/a Onamae.com": 2,
        "Gname.com Pte. Ltd.": 6,
        "GoDaddy.com, LLC": 2,
        "HOSTINGER operations, UAB": 2,
        "NAMECHEAP": 2,
        "NAMEMART LIMITED": 2,
        "NAMEMART PTE. LTD.": 2,
        "Namecheap": 4,
        "Nhan Hoa Software Company Ltd": 2,
        "Porkbun, LLC": 2,
        "Spaceship, Inc.": 2,
        "URL Solutions Inc.": 2,
        "eDomains LLC": 2,
        "total": 44
    },
    "percentage": {
        "8648255 CANADA LTD. O/A Dynadot LLC": 4.545454545454546,
        "Communigal Communications Ltd": 18.181818181818183,
        "Dynadot Inc": 4.545454545454546,
        "GMO Internet Group, Inc. d/b/a Onamae.com": 4.545454545454546,
        "Gname.com Pte. Ltd.": 13.636363636363637,
        "GoDaddy.com, LLC": 4.545454545454546,
        "HOSTINGER operations, UAB": 4.545454545454546,
        "NAMECHEAP": 4.545454545454546,
        "NAMEMART LIMITED": 4.545454545454546,
        "NAMEMART PTE. LTD.": 4.545454545454546,
        "Namecheap": 9.090909090909092,
        "Nhan Hoa Software Company Ltd": 4.545454545454546,
        "Porkbun, LLC": 4.545454545454546,
        "Spaceship, Inc.": 4.545454545454546,
        "URL Solutions Inc.": 4.545454545454546,
        "eDomains LLC": 4.545454545454546,
        "total": 100.00000000000001
    }
}