{
    "counter": {
        "8648255 CANADA LTD. O/A Dynadot LLC": 2,
        "Communigal Communications Ltd": 2,
        "Dynadot Inc": 2,
        "GMO Internet Group, Inc. d/b/a Onamae.com": 2,
        "Gname.com Pte. Ltd.": 6,
        "GoDaddy.com, LLC": 2,
        "HOSTINGER operations, UAB": 8,
        "NAMEMART PTE. LTD.": 2,
        "Name.com, Inc.": 2,
        "NameCheap, Inc.": 2,
        "NameSilo, LLC": 2,
        "Namecheap": 4,
        "Nhan Hoa Software Company Ltd": 2,
        "Porkbun, LLC": 2,
        "Spaceship, Inc.": 2,
        "URL Solutions Inc.": 2,
        "Wild Bunch Domains, LLC": 2,
        "total": 46
    },
    "percentage": {
        "8648255 CANADA LTD. O/A Dynadot LLC": 4.3478260869565215,
        "Communigal Communications Ltd": 4.3478260869565215,
        "Dynadot Inc": 4.3478260869565215,
        "GMO Internet Group, Inc. d/b/a Onamae.com": 4.3478260869565215,
        "Gname.com Pte. Ltd.": 13.043478260869565,
        "GoDaddy.com, LLC": 4.3478260869565215,
        "HOSTINGER operations, UAB": 17.391304347826086,
        "NAMEMART PTE. LTD.": 4.3478260869565215,
        "Name.com, Inc.": 4.3478260869565215,
        "NameCheap, Inc.": 4.3478260869565215,
        "NameSilo, LLC": 4.3478260869565215,
        "Namecheap": 8.695652173913043,
        "Nhan Hoa Software Company Ltd": 4.3478260869565215,
        "Porkbun, LLC": 4.3478260869565215,
        "Spaceship, Inc.": 4.3478260869565215,
        "URL Solutions Inc.": 4.3478260869565215,
        "Wild Bunch Domains, LLC": 4.3478260869565215,
        "total": 100.0
    }
}