{
    "counter": {
        "8648255 CANADA LTD. O/A Dynadot LLC": 2,
        "Communigal Communications Ltd": 8,
        "Dynadot Inc": 2,
        "GMO Internet Group, Inc. d/b/a Onamae.com": 2,
        "Gname.com Pte. Ltd.": 8,
        "GoDaddy.com, LLC": 2,
        "HOSTINGER operations, UAB": 4,
        "NAMECHEAP": 2,
        "NAMEMART LIMITED": 2,
        "NAMEMART PTE. LTD.": 2,
        "Name.com, Inc.": 2,
        "Namecheap": 4,
        "Nhan Hoa Software Company Ltd": 2,
        "Porkbun, LLC": 2,
        "Sav.com LLC": 2,
        "Spaceship, Inc.": 2,
        "URL Solutions Inc.": 2,
        "eDomains LLC": 2,
        "total": 52
    },
    "percentage": {
        "8648255 CANADA LTD. O/A Dynadot LLC": 3.8461538461538463,
        "Communigal Communications Ltd": 15.384615384615385,
        "Dynadot Inc": 3.8461538461538463,
        "GMO Internet Group, Inc. d/b/a Onamae.com": 3.8461538461538463,
        "Gname.com Pte. Ltd.": 15.384615384615385,
        "GoDaddy.com, LLC": 3.8461538461538463,
        "HOSTINGER operations, UAB": 7.6923076923076925,
        "NAMECHEAP": 3.8461538461538463,
        "NAMEMART LIMITED": 3.8461538461538463,
        "NAMEMART PTE. LTD.": 3.8461538461538463,
        "Name.com, Inc.": 3.8461538461538463,
        "Namecheap": 7.6923076923076925,
        "Nhan Hoa Software Company Ltd": 3.8461538461538463,
        "Porkbun, LLC": 3.8461538461538463,
        "Sav.com LLC": 3.8461538461538463,
        "Spaceship, Inc.": 3.8461538461538463,
        "URL Solutions Inc.": 3.8461538461538463,
        "eDomains LLC": 3.8461538461538463,
        "total": 100.0
    }
}