{
    "counter": {
        "8648255 CANADA LTD. O/A Dynadot LLC": 2,
        "Atak Domain Bilgi Teknolojileri A.Ş.": 2,
        "Communigal Communications Ltd": 2,
        "Dynadot Inc": 4,
        "GMO Internet Group, Inc. d/b/a Onamae.com": 2,
        "GNAME.COM PTE. LTD.": 2,
        "Gname.com Pte. Ltd.": 12,
        "GoDaddy.com, LLC": 2,
        "HOSTINGER operations, UAB": 10,
        "Mat Bao Corporation": 2,
        "NAMEMART LIMITED": 2,
        "NAMEMART PTE. LTD.": 2,
        "NameCheap, Inc.": 2,
        "NameSilo, LLC": 2,
        "Namecheap": 6,
        "Nhan Hoa Software Company Ltd": 2,
        "P.A. Viet Nam Company Limited": 2,
        "Porkbun LLC": 2,
        "Porkbun, LLC": 2,
        "Sav.com LLC": 2,
        "Tucows.com Co.": 2,
        "URL Solutions Inc.": 2,
        "total": 68
    },
    "percentage": {
        "8648255 CANADA LTD. O/A Dynadot LLC": 2.9411764705882355,
        "Atak Domain Bilgi Teknolojileri A.Ş.": 2.9411764705882355,
        "Communigal Communications Ltd": 2.9411764705882355,
        "Dynadot Inc": 5.882352941176471,
        "GMO Internet Group, Inc. d/b/a Onamae.com": 2.9411764705882355,
        "GNAME.COM PTE. LTD.": 2.9411764705882355,
        "Gname.com Pte. Ltd.": 17.647058823529413,
        "GoDaddy.com, LLC": 2.9411764705882355,
        "HOSTINGER operations, UAB": 14.705882352941176,
        "Mat Bao Corporation": 2.9411764705882355,
        "NAMEMART LIMITED": 2.9411764705882355,
        "NAMEMART PTE. LTD.": 2.9411764705882355,
        "NameCheap, Inc.": 2.9411764705882355,
        "NameSilo, LLC": 2.9411764705882355,
        "Namecheap": 8.823529411764707,
        "Nhan Hoa Software Company Ltd": 2.9411764705882355,
        "P.A. Viet Nam Company Limited": 2.9411764705882355,
        "Porkbun LLC": 2.9411764705882355,
        "Porkbun, LLC": 2.9411764705882355,
        "Sav.com LLC": 2.9411764705882355,
        "Tucows.com Co.": 2.9411764705882355,
        "URL Solutions Inc.": 2.9411764705882355,
        "total": 100.0
    }
}