{
    "counter": {
        "8648255 CANADA LTD. O/A Dynadot LLC": 2,
        "Atak Domain Bilgi Teknolojileri A.Ş.": 2,
        "Chengdu West Dimension Digital Technology Co., Ltd.": 2,
        "CommuniGal Communication Ltd.": 2,
        "Dynadot Inc": 4,
        "GMO Internet Group, Inc. d/b/a Onamae.com": 4,
        "GNAME.COM PTE. LTD.": 2,
        "Gname.com Pte. Ltd.": 12,
        "GoDaddy.com, LLC": 2,
        "HOSTINGER operations, UAB": 8,
        "NAMEMART PTE. LTD.": 2,
        "NameCheap, Inc.": 2,
        "NameSilo, LLC": 10,
        "Namecheap": 6,
        "Namemart Limited": 2,
        "Nhan Hoa Software Company Ltd": 2,
        "P.A. Viet Nam Company Limited": 2,
        "Porkbun LLC": 2,
        "Porkbun, LLC": 2,
        "Tucows.com Co.": 2,
        "URL Solutions, Inc.": 2,
        "total": 74
    },
    "percentage": {
        "8648255 CANADA LTD. O/A Dynadot LLC": 2.7027027027027026,
        "Atak Domain Bilgi Teknolojileri A.Ş.": 2.7027027027027026,
        "Chengdu West Dimension Digital Technology Co., Ltd.": 2.7027027027027026,
        "CommuniGal Communication Ltd.": 2.7027027027027026,
        "Dynadot Inc": 5.405405405405405,
        "GMO Internet Group, Inc. d/b/a Onamae.com": 5.405405405405405,
        "GNAME.COM PTE. LTD.": 2.7027027027027026,
        "Gname.com Pte. Ltd.": 16.216216216216218,
        "GoDaddy.com, LLC": 2.7027027027027026,
        "HOSTINGER operations, UAB": 10.81081081081081,
        "NAMEMART PTE. LTD.": 2.7027027027027026,
        "NameCheap, Inc.": 2.7027027027027026,
        "NameSilo, LLC": 13.513513513513514,
        "Namecheap": 8.108108108108109,
        "Namemart Limited": 2.7027027027027026,
        "Nhan Hoa Software Company Ltd": 2.7027027027027026,
        "P.A. Viet Nam Company Limited": 2.7027027027027026,
        "Porkbun LLC": 2.7027027027027026,
        "Porkbun, LLC": 2.7027027027027026,
        "Tucows.com Co.": 2.7027027027027026,
        "URL Solutions, Inc.": 2.7027027027027026,
        "total": 100.0
    }
}