{
    "counter": {
        "8648255 CANADA LTD. O/A Dynadot LLC": 2,
        "Atak Domain Bilgi Teknolojileri A.Ş.": 2,
        "Dynadot Inc": 2,
        "GMO Internet Group, Inc. d/b/a Onamae.com": 2,
        "GNAME.COM PTE. LTD.": 2,
        "Gname.com Pte. Ltd.": 12,
        "GoDaddy.com, LLC": 2,
        "HOSTINGER operations, UAB": 6,
        "NAMEMART LIMITED": 2,
        "NAMEMART PTE. LTD.": 2,
        "Name.com, Inc.": 2,
        "NameCheap, Inc.": 4,
        "NameSilo, LLC": 2,
        "Namecheap": 6,
        "Nhan Hoa Software Company Ltd": 2,
        "P.A. Viet Nam Company Limited": 2,
        "Porkbun LLC": 2,
        "Porkbun, LLC": 2,
        "Spaceship, Inc.": 2,
        "Tucows.com Co.": 2,
        "URL Solutions Inc.": 2,
        "total": 62
    },
    "percentage": {
        "8648255 CANADA LTD. O/A Dynadot LLC": 3.225806451612903,
        "Atak Domain Bilgi Teknolojileri A.Ş.": 3.225806451612903,
        "Dynadot Inc": 3.225806451612903,
        "GMO Internet Group, Inc. d/b/a Onamae.com": 3.225806451612903,
        "GNAME.COM PTE. LTD.": 3.225806451612903,
        "Gname.com Pte. Ltd.": 19.35483870967742,
        "GoDaddy.com, LLC": 3.225806451612903,
        "HOSTINGER operations, UAB": 9.67741935483871,
        "NAMEMART LIMITED": 3.225806451612903,
        "NAMEMART PTE. LTD.": 3.225806451612903,
        "Name.com, Inc.": 3.225806451612903,
        "NameCheap, Inc.": 6.451612903225806,
        "NameSilo, LLC": 3.225806451612903,
        "Namecheap": 9.67741935483871,
        "Nhan Hoa Software Company Ltd": 3.225806451612903,
        "P.A. Viet Nam Company Limited": 3.225806451612903,
        "Porkbun LLC": 3.225806451612903,
        "Porkbun, LLC": 3.225806451612903,
        "Spaceship, Inc.": 3.225806451612903,
        "Tucows.com Co.": 3.225806451612903,
        "URL Solutions Inc.": 3.225806451612903,
        "total": 100.0
    }
}