{
    "counter": {
        "8648255 CANADA LTD. O/A Dynadot LLC": 2,
        "Atak Domain Bilgi Teknolojileri A.Ş.": 2,
        "Communigal Communications Ltd": 2,
        "Dynadot Inc": 6,
        "GMO Internet Group, Inc. d/b/a Onamae.com": 2,
        "GNAME.COM PTE. LTD.": 2,
        "Gname.com Pte. Ltd.": 12,
        "GoDaddy.com, LLC": 2,
        "HOSTINGER operations, UAB": 8,
        "Mat Bao Corporation": 2,
        "NAMEMART LIMITED": 2,
        "NAMEMART PTE. LTD.": 2,
        "Name.com, Inc.": 2,
        "NameCheap, Inc.": 2,
        "NameSilo, LLC": 2,
        "Namecheap": 6,
        "Nhan Hoa Software Company Ltd": 2,
        "P.A. Viet Nam Company Limited": 2,
        "Porkbun LLC": 2,
        "Porkbun, LLC": 2,
        "Sav.com LLC": 2,
        "Spaceship, Inc.": 2,
        "Tucows.com Co.": 2,
        "URL Solutions Inc.": 2,
        "total": 72
    },
    "percentage": {
        "8648255 CANADA LTD. O/A Dynadot LLC": 2.7777777777777777,
        "Atak Domain Bilgi Teknolojileri A.Ş.": 2.7777777777777777,
        "Communigal Communications Ltd": 2.7777777777777777,
        "Dynadot Inc": 8.333333333333334,
        "GMO Internet Group, Inc. d/b/a Onamae.com": 2.7777777777777777,
        "GNAME.COM PTE. LTD.": 2.7777777777777777,
        "Gname.com Pte. Ltd.": 16.666666666666668,
        "GoDaddy.com, LLC": 2.7777777777777777,
        "HOSTINGER operations, UAB": 11.11111111111111,
        "Mat Bao Corporation": 2.7777777777777777,
        "NAMEMART LIMITED": 2.7777777777777777,
        "NAMEMART PTE. LTD.": 2.7777777777777777,
        "Name.com, Inc.": 2.7777777777777777,
        "NameCheap, Inc.": 2.7777777777777777,
        "NameSilo, LLC": 2.7777777777777777,
        "Namecheap": 8.333333333333334,
        "Nhan Hoa Software Company Ltd": 2.7777777777777777,
        "P.A. Viet Nam Company Limited": 2.7777777777777777,
        "Porkbun LLC": 2.7777777777777777,
        "Porkbun, LLC": 2.7777777777777777,
        "Sav.com LLC": 2.7777777777777777,
        "Spaceship, Inc.": 2.7777777777777777,
        "Tucows.com Co.": 2.7777777777777777,
        "URL Solutions Inc.": 2.7777777777777777,
        "total": 100.0
    }
}