{
    "counter": {
        "8648255 CANADA LTD. O/A Dynadot LLC": 2,
        "Atak Domain Bilgi Teknolojileri A.Ş.": 2,
        "Chengdu West Dimension Digital Technology Co., Ltd.": 4,
        "Dynadot Inc": 4,
        "GMO Internet Group, Inc. d/b/a Onamae.com": 6,
        "GNAME.COM PTE. LTD.": 2,
        "Gname.com Pte. Ltd.": 16,
        "GoDaddy.com, LLC": 2,
        "HOSTINGER operations, UAB": 4,
        "NAMEMART PTE. LTD.": 2,
        "NameCheap, Inc.": 4,
        "NameSilo, LLC": 12,
        "Namecheap": 4,
        "Namemart Limited": 2,
        "Nhan Hoa Software Company Ltd": 2,
        "P.A. Viet Nam Company Limited": 2,
        "Porkbun LLC": 2,
        "Porkbun, LLC": 2,
        "Sav.com LLC": 2,
        "Spaceship, Inc.": 2,
        "Tucows.com Co.": 2,
        "URL Solutions, Inc.": 2,
        "VIRTUA DRUG Kutatási Szolgáltató Korlátolt Felelősségű Társaság": 2,
        "total": 84
    },
    "percentage": {
        "8648255 CANADA LTD. O/A Dynadot LLC": 2.380952380952381,
        "Atak Domain Bilgi Teknolojileri A.Ş.": 2.380952380952381,
        "Chengdu West Dimension Digital Technology Co., Ltd.": 4.761904761904762,
        "Dynadot Inc": 4.761904761904762,
        "GMO Internet Group, Inc. d/b/a Onamae.com": 7.142857142857143,
        "GNAME.COM PTE. LTD.": 2.380952380952381,
        "Gname.com Pte. Ltd.": 19.047619047619047,
        "GoDaddy.com, LLC": 2.380952380952381,
        "HOSTINGER operations, UAB": 4.761904761904762,
        "NAMEMART PTE. LTD.": 2.380952380952381,
        "NameCheap, Inc.": 4.761904761904762,
        "NameSilo, LLC": 14.285714285714286,
        "Namecheap": 4.761904761904762,
        "Namemart Limited": 2.380952380952381,
        "Nhan Hoa Software Company Ltd": 2.380952380952381,
        "P.A. Viet Nam Company Limited": 2.380952380952381,
        "Porkbun LLC": 2.380952380952381,
        "Porkbun, LLC": 2.380952380952381,
        "Sav.com LLC": 2.380952380952381,
        "Spaceship, Inc.": 2.380952380952381,
        "Tucows.com Co.": 2.380952380952381,
        "URL Solutions, Inc.": 2.380952380952381,
        "VIRTUA DRUG Kutatási Szolgáltató Korlátolt Felelősségű Társaság": 2.380952380952381,
        "total": 100.0
    }
}