{
    "counter": {
        "8648255 CANADA LTD. O/A Dynadot LLC": 2,
        "Atak Domain Bilgi Teknolojileri A.Ş.": 2,
        "Chengdu West Dimension Digital Technology Co., Ltd.": 2,
        "CommuniGal Communication Ltd.": 2,
        "Communigal Communications Ltd": 2,
        "Dynadot Inc": 6,
        "GMO Internet Group, Inc. d/b/a Onamae.com": 4,
        "GNAME.COM PTE. LTD.": 4,
        "Gname.com Pte. Ltd.": 12,
        "GoDaddy.com, LLC": 2,
        "HOSTINGER operations, UAB": 10,
        "MAT BAO CORPORATION": 2,
        "NAMEMART LIMITED": 2,
        "NAMEMART PTE. LTD.": 2,
        "Name.com, Inc.": 2,
        "NameCheap, Inc.": 2,
        "NameSilo, LLC": 2,
        "Namecheap": 6,
        "Nhan Hoa Software Company Ltd": 2,
        "P.A. Viet Nam Company Limited": 2,
        "Porkbun LLC": 2,
        "Porkbun, LLC": 2,
        "Tucows.com Co.": 2,
        "URL Solutions Inc.": 2,
        "total": 78
    },
    "percentage": {
        "8648255 CANADA LTD. O/A Dynadot LLC": 2.5641025641025643,
        "Atak Domain Bilgi Teknolojileri A.Ş.": 2.5641025641025643,
        "Chengdu West Dimension Digital Technology Co., Ltd.": 2.5641025641025643,
        "CommuniGal Communication Ltd.": 2.5641025641025643,
        "Communigal Communications Ltd": 2.5641025641025643,
        "Dynadot Inc": 7.6923076923076925,
        "GMO Internet Group, Inc. d/b/a Onamae.com": 5.128205128205129,
        "GNAME.COM PTE. LTD.": 5.128205128205129,
        "Gname.com Pte. Ltd.": 15.384615384615385,
        "GoDaddy.com, LLC": 2.5641025641025643,
        "HOSTINGER operations, UAB": 12.820512820512821,
        "MAT BAO CORPORATION": 2.5641025641025643,
        "NAMEMART LIMITED": 2.5641025641025643,
        "NAMEMART PTE. LTD.": 2.5641025641025643,
        "Name.com, Inc.": 2.5641025641025643,
        "NameCheap, Inc.": 2.5641025641025643,
        "NameSilo, LLC": 2.5641025641025643,
        "Namecheap": 7.6923076923076925,
        "Nhan Hoa Software Company Ltd": 2.5641025641025643,
        "P.A. Viet Nam Company Limited": 2.5641025641025643,
        "Porkbun LLC": 2.5641025641025643,
        "Porkbun, LLC": 2.5641025641025643,
        "Tucows.com Co.": 2.5641025641025643,
        "URL Solutions Inc.": 2.5641025641025643,
        "total": 100.0
    }
}