{
    "counter": {
        "8648255 CANADA LTD. O/A Dynadot LLC": 2,
        "Atak Domain Bilgi Teknolojileri A.Ş.": 2,
        "Chengdu West Dimension Digital Technology Co., Ltd.": 4,
        "Dynadot Inc": 4,
        "GMO Internet Group, Inc. d/b/a Onamae.com": 8,
        "GNAME.COM PTE. LTD.": 2,
        "Gname.com Pte. Ltd.": 14,
        "GoDaddy.com, LLC": 2,
        "HOSTINGER operations, UAB": 8,
        "NAMEMART PTE. LTD.": 2,
        "NameCheap, Inc.": 2,
        "NameSilo, LLC": 12,
        "Namecheap": 6,
        "Namemart Limited": 2,
        "Nhan Hoa Software Company Ltd": 2,
        "P.A. Viet Nam Company Limited": 2,
        "Porkbun LLC": 2,
        "Porkbun, LLC": 2,
        "Sav.com LLC": 2,
        "Spaceship, Inc.": 2,
        "Tucows.com Co.": 2,
        "URL Solutions, Inc.": 2,
        "VIRTUA DRUG Kutatási Szolgáltató Korlátolt Felelősségű Társaság": 2,
        "total": 88
    },
    "percentage": {
        "8648255 CANADA LTD. O/A Dynadot LLC": 2.272727272727273,
        "Atak Domain Bilgi Teknolojileri A.Ş.": 2.272727272727273,
        "Chengdu West Dimension Digital Technology Co., Ltd.": 4.545454545454546,
        "Dynadot Inc": 4.545454545454546,
        "GMO Internet Group, Inc. d/b/a Onamae.com": 9.090909090909092,
        "GNAME.COM PTE. LTD.": 2.272727272727273,
        "Gname.com Pte. Ltd.": 15.909090909090908,
        "GoDaddy.com, LLC": 2.272727272727273,
        "HOSTINGER operations, UAB": 9.090909090909092,
        "NAMEMART PTE. LTD.": 2.272727272727273,
        "NameCheap, Inc.": 2.272727272727273,
        "NameSilo, LLC": 13.636363636363637,
        "Namecheap": 6.818181818181818,
        "Namemart Limited": 2.272727272727273,
        "Nhan Hoa Software Company Ltd": 2.272727272727273,
        "P.A. Viet Nam Company Limited": 2.272727272727273,
        "Porkbun LLC": 2.272727272727273,
        "Porkbun, LLC": 2.272727272727273,
        "Sav.com LLC": 2.272727272727273,
        "Spaceship, Inc.": 2.272727272727273,
        "Tucows.com Co.": 2.272727272727273,
        "URL Solutions, Inc.": 2.272727272727273,
        "VIRTUA DRUG Kutatási Szolgáltató Korlátolt Felelősségű Társaság": 2.272727272727273,
        "total": 100.0
    }
}