{
    "counter": {
        "8648255 CANADA LTD. O/A Dynadot LLC": 2,
        "Atak Domain Bilgi Teknolojileri A.Ş.": 2,
        "Communigal Communications Ltd": 2,
        "Dynadot Inc": 4,
        "GMO Internet Group, Inc. d/b/a Onamae.com": 2,
        "GNAME.COM PTE. LTD.": 2,
        "Gname.com Pte. Ltd.": 16,
        "GoDaddy.com, LLC": 2,
        "HOSTINGER operations, UAB": 8,
        "MAT BAO CORPORATION": 2,
        "NAMEMART LIMITED": 2,
        "NAMEMART PTE. LTD.": 2,
        "Name.com, Inc.": 2,
        "NameCheap, Inc.": 2,
        "NameSilo, LLC": 2,
        "Namecheap": 6,
        "Nhan Hoa Software Company Ltd": 2,
        "P.A. Viet Nam Company Limited": 2,
        "Porkbun LLC": 2,
        "Porkbun, LLC": 2,
        "Tucows.com Co.": 2,
        "URL Solutions Inc.": 2,
        "total": 70
    },
    "percentage": {
        "8648255 CANADA LTD. O/A Dynadot LLC": 2.857142857142857,
        "Atak Domain Bilgi Teknolojileri A.Ş.": 2.857142857142857,
        "Communigal Communications Ltd": 2.857142857142857,
        "Dynadot Inc": 5.714285714285714,
        "GMO Internet Group, Inc. d/b/a Onamae.com": 2.857142857142857,
        "GNAME.COM PTE. LTD.": 2.857142857142857,
        "Gname.com Pte. Ltd.": 22.857142857142858,
        "GoDaddy.com, LLC": 2.857142857142857,
        "HOSTINGER operations, UAB": 11.428571428571429,
        "MAT BAO CORPORATION": 2.857142857142857,
        "NAMEMART LIMITED": 2.857142857142857,
        "NAMEMART PTE. LTD.": 2.857142857142857,
        "Name.com, Inc.": 2.857142857142857,
        "NameCheap, Inc.": 2.857142857142857,
        "NameSilo, LLC": 2.857142857142857,
        "Namecheap": 8.571428571428571,
        "Nhan Hoa Software Company Ltd": 2.857142857142857,
        "P.A. Viet Nam Company Limited": 2.857142857142857,
        "Porkbun LLC": 2.857142857142857,
        "Porkbun, LLC": 2.857142857142857,
        "Tucows.com Co.": 2.857142857142857,
        "URL Solutions Inc.": 2.857142857142857,
        "total": 100.0
    }
}