{
    "counter": {
        "8648255 CANADA LTD. O/A Dynadot LLC": 2,
        "Chengdu West Dimension Digital Technology Co., Ltd.": 2,
        "CommuniGal Communication Ltd.": 2,
        "Dynadot Inc": 2,
        "GMO Internet Group, Inc. d/b/a Onamae.com": 4,
        "GNAME.COM PTE. LTD.": 2,
        "Gname.com Pte. Ltd.": 8,
        "HOSTINGER operations, UAB": 6,
        "NAMEMART PTE. LTD.": 2,
        "NameCheap, Inc.": 2,
        "NameSilo, LLC": 10,
        "Namecheap": 4,
        "Namemart Limited": 2,
        "Nhan Hoa Software Company Ltd": 2,
        "P.A. Viet Nam Company Limited": 2,
        "Porkbun LLC": 2,
        "Porkbun, LLC": 2,
        "Tucows.com Co.": 2,
        "URL Solutions, Inc.": 2,
        "total": 60
    },
    "percentage": {
        "8648255 CANADA LTD. O/A Dynadot LLC": 3.3333333333333335,
        "Chengdu West Dimension Digital Technology Co., Ltd.": 3.3333333333333335,
        "CommuniGal Communication Ltd.": 3.3333333333333335,
        "Dynadot Inc": 3.3333333333333335,
        "GMO Internet Group, Inc. d/b/a Onamae.com": 6.666666666666667,
        "GNAME.COM PTE. LTD.": 3.3333333333333335,
        "Gname.com Pte. Ltd.": 13.333333333333334,
        "HOSTINGER operations, UAB": 10.0,
        "NAMEMART PTE. LTD.": 3.3333333333333335,
        "NameCheap, Inc.": 3.3333333333333335,
        "NameSilo, LLC": 16.666666666666668,
        "Namecheap": 6.666666666666667,
        "Namemart Limited": 3.3333333333333335,
        "Nhan Hoa Software Company Ltd": 3.3333333333333335,
        "P.A. Viet Nam Company Limited": 3.3333333333333335,
        "Porkbun LLC": 3.3333333333333335,
        "Porkbun, LLC": 3.3333333333333335,
        "Tucows.com Co.": 3.3333333333333335,
        "URL Solutions, Inc.": 3.3333333333333335,
        "total": 100.0
    }
}