{
    "counter": {
        "8648255 CANADA LTD. O/A Dynadot LLC": 2,
        "Atak Domain Bilgi Teknolojileri A.Ş.": 2,
        "Dynadot Inc": 2,
        "GMO Internet Group, Inc. d/b/a Onamae.com": 2,
        "GNAME.COM PTE. LTD.": 2,
        "Gname.com Pte. Ltd.": 10,
        "GoDaddy.com, LLC": 2,
        "HOSTINGER operations, UAB": 6,
        "NAMEMART LIMITED": 2,
        "NAMEMART PTE. LTD.": 2,
        "NameCheap, Inc.": 2,
        "NameSilo, LLC": 2,
        "Namecheap": 6,
        "Nhan Hoa Software Company Ltd": 2,
        "P.A. Viet Nam Company Limited": 2,
        "Porkbun LLC": 2,
        "Porkbun, LLC": 2,
        "Sav.com LLC": 2,
        "Spaceship, Inc.": 2,
        "Tucows.com Co.": 2,
        "URL Solutions Inc.": 2,
        "total": 58
    },
    "percentage": {
        "8648255 CANADA LTD. O/A Dynadot LLC": 3.4482758620689653,
        "Atak Domain Bilgi Teknolojileri A.Ş.": 3.4482758620689653,
        "Dynadot Inc": 3.4482758620689653,
        "GMO Internet Group, Inc. d/b/a Onamae.com": 3.4482758620689653,
        "GNAME.COM PTE. LTD.": 3.4482758620689653,
        "Gname.com Pte. Ltd.": 17.24137931034483,
        "GoDaddy.com, LLC": 3.4482758620689653,
        "HOSTINGER operations, UAB": 10.344827586206897,
        "NAMEMART LIMITED": 3.4482758620689653,
        "NAMEMART PTE. LTD.": 3.4482758620689653,
        "NameCheap, Inc.": 3.4482758620689653,
        "NameSilo, LLC": 3.4482758620689653,
        "Namecheap": 10.344827586206897,
        "Nhan Hoa Software Company Ltd": 3.4482758620689653,
        "P.A. Viet Nam Company Limited": 3.4482758620689653,
        "Porkbun LLC": 3.4482758620689653,
        "Porkbun, LLC": 3.4482758620689653,
        "Sav.com LLC": 3.4482758620689653,
        "Spaceship, Inc.": 3.4482758620689653,
        "Tucows.com Co.": 3.4482758620689653,
        "URL Solutions Inc.": 3.4482758620689653,
        "total": 100.0
    }
}