{
    "counter": {
        "8648255 CANADA LTD. O/A Dynadot LLC": 2,
        "Communigal Communications Ltd": 2,
        "Dynadot Inc": 2,
        "GMO Internet Group, Inc. d/b/a Onamae.com": 2,
        "Gname.com Pte. Ltd.": 6,
        "GoDaddy.com, LLC": 4,
        "HOSTINGER operations, UAB": 8,
        "NAMECHEAP": 2,
        "NAMEMART LIMITED": 2,
        "NAMEMART PTE. LTD.": 2,
        "Namecheap": 4,
        "Nhan Hoa Software Company Ltd": 2,
        "Porkbun, LLC": 2,
        "URL Solutions Inc.": 2,
        "total": 42
    },
    "percentage": {
        "8648255 CANADA LTD. O/A Dynadot LLC": 4.761904761904762,
        "Communigal Communications Ltd": 4.761904761904762,
        "Dynadot Inc": 4.761904761904762,
        "GMO Internet Group, Inc. d/b/a Onamae.com": 4.761904761904762,
        "Gname.com Pte. Ltd.": 14.285714285714286,
        "GoDaddy.com, LLC": 9.523809523809524,
        "HOSTINGER operations, UAB": 19.047619047619047,
        "NAMECHEAP": 4.761904761904762,
        "NAMEMART LIMITED": 4.761904761904762,
        "NAMEMART PTE. LTD.": 4.761904761904762,
        "Namecheap": 9.523809523809524,
        "Nhan Hoa Software Company Ltd": 4.761904761904762,
        "Porkbun, LLC": 4.761904761904762,
        "URL Solutions Inc.": 4.761904761904762,
        "total": 100.0
    }
}