{
    "counter": {
        "8648255 CANADA LTD. O/A Dynadot LLC": 2,
        "Dynadot Inc": 2,
        "GMO Internet Group, Inc. d/b/a Onamae.com": 4,
        "GNAME.COM PTE. LTD.": 2,
        "Gname.com Pte. Ltd.": 12,
        "GoDaddy.com, LLC": 2,
        "HOSTINGER operations, UAB": 6,
        "NAMEMART LIMITED": 2,
        "NAMEMART PTE. LTD.": 2,
        "NameCheap, Inc.": 4,
        "NameSilo, LLC": 2,
        "Namecheap": 4,
        "Nhan Hoa Software Company Ltd": 2,
        "Porkbun, LLC": 4,
        "Spaceship, Inc.": 2,
        "URL Solutions Inc.": 2,
        "total": 54
    },
    "percentage": {
        "8648255 CANADA LTD. O/A Dynadot LLC": 3.7037037037037037,
        "Dynadot Inc": 3.7037037037037037,
        "GMO Internet Group, Inc. d/b/a Onamae.com": 7.407407407407407,
        "GNAME.COM PTE. LTD.": 3.7037037037037037,
        "Gname.com Pte. Ltd.": 22.22222222222222,
        "GoDaddy.com, LLC": 3.7037037037037037,
        "HOSTINGER operations, UAB": 11.11111111111111,
        "NAMEMART LIMITED": 3.7037037037037037,
        "NAMEMART PTE. LTD.": 3.7037037037037037,
        "NameCheap, Inc.": 7.407407407407407,
        "NameSilo, LLC": 3.7037037037037037,
        "Namecheap": 7.407407407407407,
        "Nhan Hoa Software Company Ltd": 3.7037037037037037,
        "Porkbun, LLC": 7.407407407407407,
        "Spaceship, Inc.": 3.7037037037037037,
        "URL Solutions Inc.": 3.7037037037037037,
        "total": 100.0
    }
}