{
    "counter": {
        "8648255 CANADA LTD. O/A Dynadot LLC": 2,
        "Atak Domain Bilgi Teknolojileri A.Ş.": 2,
        "Chengdu West Dimension Digital Technology Co., Ltd.": 2,
        "CommuniGal Communication Ltd.": 2,
        "Communigal Communications Ltd": 2,
        "Dynadot Inc": 4,
        "GMO Internet Group, Inc. d/b/a Onamae.com": 2,
        "GNAME.COM PTE. LTD.": 4,
        "Gname.com Pte. Ltd.": 16,
        "GoDaddy.com, LLC": 2,
        "HOSTINGER operations, UAB": 6,
        "MAT BAO CORPORATION": 2,
        "NAMEMART LIMITED": 2,
        "NAMEMART PTE. LTD.": 2,
        "Name.com, Inc.": 2,
        "NameCheap, Inc.": 2,
        "NameSilo, LLC": 2,
        "Namecheap": 6,
        "Nhan Hoa Software Company Ltd": 2,
        "P.A. Viet Nam Company Limited": 2,
        "Porkbun LLC": 2,
        "Porkbun, LLC": 2,
        "Tucows.com Co.": 2,
        "URL Solutions Inc.": 2,
        "total": 74
    },
    "percentage": {
        "8648255 CANADA LTD. O/A Dynadot LLC": 2.7027027027027026,
        "Atak Domain Bilgi Teknolojileri A.Ş.": 2.7027027027027026,
        "Chengdu West Dimension Digital Technology Co., Ltd.": 2.7027027027027026,
        "CommuniGal Communication Ltd.": 2.7027027027027026,
        "Communigal Communications Ltd": 2.7027027027027026,
        "Dynadot Inc": 5.405405405405405,
        "GMO Internet Group, Inc. d/b/a Onamae.com": 2.7027027027027026,
        "GNAME.COM PTE. LTD.": 5.405405405405405,
        "Gname.com Pte. Ltd.": 21.62162162162162,
        "GoDaddy.com, LLC": 2.7027027027027026,
        "HOSTINGER operations, UAB": 8.108108108108109,
        "MAT BAO CORPORATION": 2.7027027027027026,
        "NAMEMART LIMITED": 2.7027027027027026,
        "NAMEMART PTE. LTD.": 2.7027027027027026,
        "Name.com, Inc.": 2.7027027027027026,
        "NameCheap, Inc.": 2.7027027027027026,
        "NameSilo, LLC": 2.7027027027027026,
        "Namecheap": 8.108108108108109,
        "Nhan Hoa Software Company Ltd": 2.7027027027027026,
        "P.A. Viet Nam Company Limited": 2.7027027027027026,
        "Porkbun LLC": 2.7027027027027026,
        "Porkbun, LLC": 2.7027027027027026,
        "Tucows.com Co.": 2.7027027027027026,
        "URL Solutions Inc.": 2.7027027027027026,
        "total": 100.0
    }
}