{
    "counter": {
        "8648255 CANADA LTD. O/A Dynadot LLC": 2,
        "Communigal Communications Ltd": 2,
        "Dynadot Inc": 2,
        "GMO Internet Group, Inc. d/b/a Onamae.com": 4,
        "GNAME.COM PTE. LTD.": 2,
        "Gname.com Pte. Ltd.": 12,
        "GoDaddy.com, LLC": 2,
        "HOSTINGER operations, UAB": 8,
        "NAMEMART LIMITED": 2,
        "NAMEMART PTE. LTD.": 2,
        "NameCheap, Inc.": 2,
        "NameSilo, LLC": 2,
        "Namecheap": 4,
        "Nhan Hoa Software Company Ltd": 2,
        "Porkbun, LLC": 2,
        "Sav.com LLC": 2,
        "Spaceship, Inc.": 2,
        "URL Solutions Inc.": 2,
        "Wild Bunch Domains, LLC": 2,
        "total": 58
    },
    "percentage": {
        "8648255 CANADA LTD. O/A Dynadot LLC": 3.4482758620689653,
        "Communigal Communications Ltd": 3.4482758620689653,
        "Dynadot Inc": 3.4482758620689653,
        "GMO Internet Group, Inc. d/b/a Onamae.com": 6.896551724137931,
        "GNAME.COM PTE. LTD.": 3.4482758620689653,
        "Gname.com Pte. Ltd.": 20.689655172413794,
        "GoDaddy.com, LLC": 3.4482758620689653,
        "HOSTINGER operations, UAB": 13.793103448275861,
        "NAMEMART LIMITED": 3.4482758620689653,
        "NAMEMART PTE. LTD.": 3.4482758620689653,
        "NameCheap, Inc.": 3.4482758620689653,
        "NameSilo, LLC": 3.4482758620689653,
        "Namecheap": 6.896551724137931,
        "Nhan Hoa Software Company Ltd": 3.4482758620689653,
        "Porkbun, LLC": 3.4482758620689653,
        "Sav.com LLC": 3.4482758620689653,
        "Spaceship, Inc.": 3.4482758620689653,
        "URL Solutions Inc.": 3.4482758620689653,
        "Wild Bunch Domains, LLC": 3.4482758620689653,
        "total": 100.0
    }
}