{
    "counter": {
        "8648255 CANADA LTD. O/A Dynadot LLC": 2,
        "Communigal Communications Ltd": 2,
        "Dynadot Inc": 2,
        "GMO Internet Group, Inc. d/b/a Onamae.com": 2,
        "Gname.com Pte. Ltd.": 6,
        "GoDaddy.com, LLC": 4,
        "HOSTINGER operations, UAB": 8,
        "NAMECHEAP": 2,
        "NAMEMART LIMITED": 2,
        "NAMEMART PTE. LTD.": 2,
        "NameSilo": 2,
        "NameSilo, LLC": 2,
        "Namecheap": 4,
        "Nhan Hoa Software Company Ltd": 2,
        "Porkbun, LLC": 2,
        "Sav.com LLC": 2,
        "URL Solutions Inc.": 2,
        "total": 48
    },
    "percentage": {
        "8648255 CANADA LTD. O/A Dynadot LLC": 4.166666666666667,
        "Communigal Communications Ltd": 4.166666666666667,
        "Dynadot Inc": 4.166666666666667,
        "GMO Internet Group, Inc. d/b/a Onamae.com": 4.166666666666667,
        "Gname.com Pte. Ltd.": 12.5,
        "GoDaddy.com, LLC": 8.333333333333334,
        "HOSTINGER operations, UAB": 16.666666666666668,
        "NAMECHEAP": 4.166666666666667,
        "NAMEMART LIMITED": 4.166666666666667,
        "NAMEMART PTE. LTD.": 4.166666666666667,
        "NameSilo": 4.166666666666667,
        "NameSilo, LLC": 4.166666666666667,
        "Namecheap": 8.333333333333334,
        "Nhan Hoa Software Company Ltd": 4.166666666666667,
        "Porkbun, LLC": 4.166666666666667,
        "Sav.com LLC": 4.166666666666667,
        "URL Solutions Inc.": 4.166666666666667,
        "total": 100.0
    }
}