{
    "counter": {
        "8648255 CANADA LTD. O/A Dynadot LLC": 2,
        "Communigal Communications Ltd": 8,
        "Dynadot Inc": 2,
        "GMO Internet Group, Inc. d/b/a Onamae.com": 2,
        "Gname.com Pte. Ltd.": 10,
        "GoDaddy.com, LLC": 4,
        "HOSTINGER operations, UAB": 6,
        "NAMECHEAP": 2,
        "NAMEMART LIMITED": 2,
        "NAMEMART PTE. LTD.": 2,
        "Name.com, Inc.": 2,
        "Namecheap": 4,
        "Namecheap, Inc.": 2,
        "Nhan Hoa Software Company Ltd": 2,
        "Porkbun, LLC": 2,
        "Sav.com LLC": 2,
        "Spaceship, Inc.": 2,
        "URL Solutions Inc.": 2,
        "eDomains LLC": 2,
        "total": 60
    },
    "percentage": {
        "8648255 CANADA LTD. O/A Dynadot LLC": 3.3333333333333335,
        "Communigal Communications Ltd": 13.333333333333334,
        "Dynadot Inc": 3.3333333333333335,
        "GMO Internet Group, Inc. d/b/a Onamae.com": 3.3333333333333335,
        "Gname.com Pte. Ltd.": 16.666666666666668,
        "GoDaddy.com, LLC": 6.666666666666667,
        "HOSTINGER operations, UAB": 10.0,
        "NAMECHEAP": 3.3333333333333335,
        "NAMEMART LIMITED": 3.3333333333333335,
        "NAMEMART PTE. LTD.": 3.3333333333333335,
        "Name.com, Inc.": 3.3333333333333335,
        "Namecheap": 6.666666666666667,
        "Namecheap, Inc.": 3.3333333333333335,
        "Nhan Hoa Software Company Ltd": 3.3333333333333335,
        "Porkbun, LLC": 3.3333333333333335,
        "Sav.com LLC": 3.3333333333333335,
        "Spaceship, Inc.": 3.3333333333333335,
        "URL Solutions Inc.": 3.3333333333333335,
        "eDomains LLC": 3.3333333333333335,
        "total": 100.0
    }
}