{
    "counter": {
        "8648255 CANADA LTD. O/A Dynadot LLC": 2,
        "Communigal Communications Ltd": 4,
        "Dynadot Inc": 2,
        "GMO Internet Group, Inc. d/b/a Onamae.com": 2,
        "GNAME.COM PTE. LTD.": 2,
        "Gname.com Pte. Ltd.": 10,
        "GoDaddy.com, LLC": 2,
        "HOSTINGER operations, UAB": 8,
        "NAMEMART LIMITED": 2,
        "NAMEMART PTE. LTD.": 2,
        "NameCheap, Inc.": 2,
        "NameSilo": 2,
        "NameSilo, LLC": 2,
        "Namecheap": 4,
        "Namecheap, Inc.": 2,
        "Nhan Hoa Software Company Ltd": 2,
        "Porkbun, LLC": 2,
        "Sav.com LLC": 2,
        "Spaceship, Inc.": 2,
        "URL Solutions Inc.": 2,
        "Wild Bunch Domains, LLC": 2,
        "total": 60
    },
    "percentage": {
        "8648255 CANADA LTD. O/A Dynadot LLC": 3.3333333333333335,
        "Communigal Communications Ltd": 6.666666666666667,
        "Dynadot Inc": 3.3333333333333335,
        "GMO Internet Group, Inc. d/b/a Onamae.com": 3.3333333333333335,
        "GNAME.COM PTE. LTD.": 3.3333333333333335,
        "Gname.com Pte. Ltd.": 16.666666666666668,
        "GoDaddy.com, LLC": 3.3333333333333335,
        "HOSTINGER operations, UAB": 13.333333333333334,
        "NAMEMART LIMITED": 3.3333333333333335,
        "NAMEMART PTE. LTD.": 3.3333333333333335,
        "NameCheap, Inc.": 3.3333333333333335,
        "NameSilo": 3.3333333333333335,
        "NameSilo, LLC": 3.3333333333333335,
        "Namecheap": 6.666666666666667,
        "Namecheap, Inc.": 3.3333333333333335,
        "Nhan Hoa Software Company Ltd": 3.3333333333333335,
        "Porkbun, LLC": 3.3333333333333335,
        "Sav.com LLC": 3.3333333333333335,
        "Spaceship, Inc.": 3.3333333333333335,
        "URL Solutions Inc.": 3.3333333333333335,
        "Wild Bunch Domains, LLC": 3.3333333333333335,
        "total": 100.0
    }
}