{
    "counter": {
        "8648255 CANADA LTD. O/A Dynadot LLC": 2,
        "Dynadot Inc": 2,
        "GMO Internet Group, Inc. d/b/a Onamae.com": 4,
        "GNAME.COM PTE. LTD.": 2,
        "Gname.com Pte. Ltd.": 12,
        "GoDaddy.com, LLC": 2,
        "HOSTINGER operations, UAB": 8,
        "NAMEMART LIMITED": 2,
        "NAMEMART PTE. LTD.": 2,
        "Name.com, Inc.": 2,
        "NameCheap, Inc.": 4,
        "NameSilo, LLC": 2,
        "Namecheap": 6,
        "Nhan Hoa Software Company Ltd": 2,
        "Porkbun, LLC": 4,
        "Spaceship, Inc.": 2,
        "URL Solutions Inc.": 2,
        "total": 60
    },
    "percentage": {
        "8648255 CANADA LTD. O/A Dynadot LLC": 3.3333333333333335,
        "Dynadot Inc": 3.3333333333333335,
        "GMO Internet Group, Inc. d/b/a Onamae.com": 6.666666666666667,
        "GNAME.COM PTE. LTD.": 3.3333333333333335,
        "Gname.com Pte. Ltd.": 20.0,
        "GoDaddy.com, LLC": 3.3333333333333335,
        "HOSTINGER operations, UAB": 13.333333333333334,
        "NAMEMART LIMITED": 3.3333333333333335,
        "NAMEMART PTE. LTD.": 3.3333333333333335,
        "Name.com, Inc.": 3.3333333333333335,
        "NameCheap, Inc.": 6.666666666666667,
        "NameSilo, LLC": 3.3333333333333335,
        "Namecheap": 10.0,
        "Nhan Hoa Software Company Ltd": 3.3333333333333335,
        "Porkbun, LLC": 6.666666666666667,
        "Spaceship, Inc.": 3.3333333333333335,
        "URL Solutions Inc.": 3.3333333333333335,
        "total": 100.0
    }
}