idna_subject,checker_type,destination,tested_at
vaytinchap-shinhan.com,AVAILABILITY,origin.list,2026-10-03 22:34:47.161580+00:00
vaytienshinhanbank.xyz,AVAILABILITY,origin.list,2026-10-03 22:34:48.835099+00:00
vaytinchapnhanh-bidv.com,AVAILABILITY,origin.list,2026-10-03 22:34:53.086864+00:00
vaytiennhanh7s.online,AVAILABILITY,origin.list,2026-10-03 22:34:54.669200+00:00
vaytinchap-nganhangvcb247.com,AVAILABILITY,origin.list,2026-10-03 22:34:58.904516+00:00
vayshinhan.top,AVAILABILITY,origin.list,2026-10-03 22:35:00.848249+00:00
vaythinhvuong.com.vn,AVAILABILITY,origin.list,2026-10-03 22:35:05.352592+00:00
vaytindungshinhan.net,AVAILABILITY,origin.list,2026-10-03 22:35:06.824411+00:00
vaytinchaptieudungshinhanbank.com,AVAILABILITY,origin.list,2026-10-03 22:35:12.545262+00:00
vaytinchapshinhanbank-vn.com,AVAILABILITY,origin.list,2026-10-03 22:35:16.164944+00:00
vaytiennhanh99.online,AVAILABILITY,origin.list,2026-10-03 22:35:18.241322+00:00
vaytienonline5s.online,AVAILABILITY,origin.list,2026-10-03 22:35:21.876766+00:00
vaytientet.online,AVAILABILITY,origin.list,2026-10-03 22:35:24.120329+00:00
vaytinchapshinhan247.com,AVAILABILITY,origin.list,2026-10-03 22:35:27.820830+00:00
vayvon-shinhanbank-24h.com,AVAILABILITY,origin.list,2026-10-03 22:35:29.981600+00:00
vaytpbbank.com,AVAILABILITY,origin.list,2026-10-03 22:35:33.490534+00:00
vayvoncgcredit.com,AVAILABILITY,origin.list,2026-10-03 22:35:35.828737+00:00
vayvon-bidv-vn.com,AVAILABILITY,origin.list,2026-10-03 22:35:39.344417+00:00
vaytoanquoc24h.com,AVAILABILITY,origin.list,2026-10-03 22:35:41.601113+00:00
vaytientinchap-vn.site,AVAILABILITY,origin.list,2026-10-03 22:35:45.311578+00:00
vaytotnhat.app,AVAILABILITY,origin.list,2026-10-03 22:35:47.290147+00:00
vaytindung-techcombank.online,AVAILABILITY,origin.list,2026-10-03 22:35:51.150221+00:00
vaynhanh24h.tk,AVAILABILITY,origin.list,2026-10-03 22:35:57.996935+00:00
vayvn247.com,AVAILABILITY,origin.list,2026-10-03 22:36:03.666294+00:00
vaytinchap-tpbank.xyz,AVAILABILITY,origin.list,2026-10-03 22:43:55.509695+00:00
vaytinchap-shinhanbank247.online,AVAILABILITY,origin.list,2026-10-03 22:43:56.799175+00:00
vaytinchapcanhan.online,AVAILABILITY,origin.list,2026-10-03 22:43:57.887680+00:00
vayuudai.online,AVAILABILITY,origin.list,2026-10-03 22:43:59.023466+00:00
vaytinchap-tpbank-hanoi.xyz,AVAILABILITY,origin.list,2026-10-03 22:44:00.545221+00:00
vaytindungnhanh.online,AVAILABILITY,origin.list,2026-10-03 22:44:01.760585+00:00
vayvonshinhanhanoi.com,AVAILABILITY,origin.list,2026-10-03 22:44:03.093008+00:00
vayysieutoc.com,AVAILABILITY,origin.list,2026-10-03 22:44:04.192424+00:00
vayvnq.com,AVAILABILITY,origin.list,2026-10-03 22:44:05.907541+00:00
vayvonnhanhnganhangtpbank.com,AVAILABILITY,origin.list,2026-10-03 22:44:06.974071+00:00
subducgiare.shop,AVAILABILITY,origin.list,2026-10-03 22:44:17.750836+00:00
shoppe85.vip,AVAILABILITY,origin.list,2026-10-03 22:44:18.374082+00:00
vayvontieudungshinhanbank.com,AVAILABILITY,origin.list,2026-10-03 22:44:19.099271+00:00
vcb-diglicabrnk.com,AVAILABILITY,origin.list,2026-10-03 22:44:20.239922+00:00
vaytienvietcombank.com.vn,AVAILABILITY,origin.list,2026-10-03 22:44:20.854758+00:00
vayvonshinhanvn.com,AVAILABILITY,origin.list,2026-10-03 22:44:21.350865+00:00
vcbbankdigi.com,AVAILABILITY,origin.list,2026-10-03 22:44:22.022946+00:00
vcb-vaysodo.com,AVAILABILITY,origin.list,2026-10-03 22:44:22.440912+00:00
vayvonlotte.online,AVAILABILITY,origin.list,2026-10-03 22:44:23.189167+00:00
vcb-vaytaichinh.com,AVAILABILITY,origin.list,2026-10-03 22:44:23.542292+00:00
vayvon-nganhang.online,AVAILABILITY,origin.list,2026-10-03 22:44:24.514830+00:00
vayvonnhanh.click,AVAILABILITY,origin.list,2026-10-03 22:44:25.606504+00:00
vaynganhang.pro,AVAILABILITY,origin.list,2026-10-03 22:44:26.042060+00:00
vcbdigtylbrnk.com,AVAILABILITY,origin.list,2026-10-03 22:44:27.258592+00:00
vcbdlgrcbonk.com,AVAILABILITY,origin.list,2026-10-03 22:44:28.598798+00:00
vcbdigliebrnk.com,AVAILABILITY,origin.list,2026-10-03 22:44:29.706326+00:00
vcbdigeibonk.com,AVAILABILITY,origin.list,2026-10-03 22:44:30.755128+00:00
vgiao.hangtietkiem.com,AVAILABILITY,origin.list,2026-10-03 22:44:31.734004+00:00
vemaybaynhatviet.com,AVAILABILITY,origin.list,2026-10-03 22:44:32.794209+00:00
vebo1s.co,AVAILABILITY,origin.list,2026-10-03 22:44:33.906967+00:00
vcbigdank.com,AVAILABILITY,origin.list,2026-10-03 22:44:34.959831+00:00
vayvonnganhang-techcombank24h.online,AVAILABILITY,origin.list,2026-10-03 22:44:35.961080+00:00
storebinzdapoet.shop,AVAILABILITY,origin.list,2026-10-03 22:44:36.007912+00:00
vayvontheoluong.site,AVAILABILITY,origin.list,2026-10-03 22:44:36.978863+00:00
vib-mydiamon-khcn-uutien-vnc1.com,AVAILABILITY,origin.list,2026-10-03 22:44:37.024087+00:00
vayvonnganhangvn.online,AVAILABILITY,origin.list,2026-10-03 22:44:37.922955+00:00
vib-nang-the.com,AVAILABILITY,origin.list,2026-10-03 22:44:38.248087+00:00
vib-vay.com,AVAILABILITY,origin.list,2026-10-03 22:44:39.411606+00:00
vaytintam24h.vn,AVAILABILITY,origin.list,2026-10-03 22:44:39.648933+00:00
viashopee.com,AVAILABILITY,origin.list,2026-10-03 22:44:40.492368+00:00
vib.chamsockhachhang-tructuyen-the-visa.com,AVAILABILITY,origin.list,2026-10-03 22:44:40.726634+00:00
vib-tindung-khcn.com,AVAILABILITY,origin.list,2026-10-03 22:44:41.551078+00:00
vayvonshinhantoanquoc.online,AVAILABILITY,origin.list,2026-10-03 22:44:41.636582+00:00
vib-care.com,AVAILABILITY,origin.list,2026-10-03 22:44:42.585468+00:00
veitgov.cc,AVAILABILITY,origin.list,2026-10-03 22:44:43.335095+00:00
vib-nangcap.com,AVAILABILITY,origin.list,2026-10-03 22:44:44.597506+00:00
vib-tindung.click,AVAILABILITY,origin.list,2026-10-03 22:44:45.595036+00:00
vib.chamsockhachhang-uudai-tructuyenthe.com,AVAILABILITY,origin.list,2026-10-03 22:44:46.717058+00:00
vib.chamsocuudaithekhachhang-tructuyen.com,AVAILABILITY,origin.list,2026-10-03 22:44:47.764304+00:00
vib.hanmucvn.com,AVAILABILITY,origin.list,2026-10-03 22:44:48.785316+00:00
vib.tanghanmuc-vn.com,AVAILABILITY,origin.list,2026-10-03 22:44:49.873845+00:00
vib.khach-hang-the-tructuyen.com,AVAILABILITY,origin.list,2026-10-03 22:44:50.918683+00:00
vangngocnhanh.info,AVAILABILITY,origin.list,2026-10-03 22:44:51.091751+00:00
vhcmc2.xyz,AVAILABILITY,origin.list,2026-10-03 22:44:52.234988+00:00
vayvietcombank.com.vn,AVAILABILITY,origin.list,2026-10-03 22:44:54.803780+00:00
tasker.shop,AVAILABILITY,origin.list,2026-10-03 22:45:00.447200+00:00
vib.chamsockhachhang-tructuyenuudaithe.online,AVAILABILITY,origin.list,2026-10-03 22:45:00.642842+00:00
vib.truc-tuyen-cham-socthekhachhang.com,AVAILABILITY,origin.list,2026-10-03 22:45:01.561266+00:00
vibbca-nhan.com,AVAILABILITY,origin.list,2026-10-03 22:45:01.660239+00:00
vib.chamsockhachang-tructuyen.online,AVAILABILITY,origin.list,2026-10-03 22:45:02.607148+00:00
vib.tructuyen-chamsockhachang-the.com,AVAILABILITY,origin.list,2026-10-03 22:45:02.610140+00:00
vibcskh.com,AVAILABILITY,origin.list,2026-10-03 22:45:03.658032+00:00
vib.tuvan-chamsockhachhang.com,AVAILABILITY,origin.list,2026-10-03 22:45:03.669017+00:00
verifytech.click,AVAILABILITY,origin.list,2026-10-03 22:45:04.598855+00:00
vib8-vay.com,AVAILABILITY,origin.list,2026-10-03 22:45:04.658332+00:00
vib.chamsockhachang-tructuyen-the.online,AVAILABILITY,origin.list,2026-10-03 22:45:05.623346+00:00
vib84.com,AVAILABILITY,origin.list,2026-10-03 22:45:05.640063+00:00
vidientu24h.com,AVAILABILITY,origin.list,2026-10-03 22:45:06.708163+00:00
vibvayvn.com,AVAILABILITY,origin.list,2026-10-03 22:45:07.672313+00:00
vay-vietcombank.biz,AVAILABILITY,origin.list,2026-10-03 22:45:08.077290+00:00
vibvay.com,AVAILABILITY,origin.list,2026-10-03 22:45:08.745678+00:00
vidientu247s.com,AVAILABILITY,origin.list,2026-10-03 22:45:09.195213+00:00
vib-tindung.online,AVAILABILITY,origin.list,2026-10-03 22:45:09.793418+00:00
vieatbank.com,AVAILABILITY,origin.list,2026-10-03 22:45:10.246280+00:00
vidientutrangtructuyen247.com,AVAILABILITY,origin.list,2026-10-03 22:45:11.206326+00:00
vie-tcapital.com,AVAILABILITY,origin.list,2026-10-03 22:45:11.258855+00:00
vidientu-247.com,AVAILABILITY,origin.list,2026-10-03 22:45:12.194194+00:00
vieclam12.com,AVAILABILITY,origin.list,2026-10-03 22:45:12.214469+00:00
vib.khach-hang-the-tructuyen.online,AVAILABILITY,origin.list,2026-10-03 22:45:13.097603+00:00
vidientuvietnam247.com,AVAILABILITY,origin.list,2026-10-03 22:45:13.251023+00:00
vieclamdubaiedu.com,AVAILABILITY,origin.list,2026-10-03 22:45:14.085221+00:00
vieclamhay1.com,AVAILABILITY,origin.list,2026-10-03 22:45:14.432074+00:00
vayonline365.biz,AVAILABILITY,origin.list,2026-10-03 22:45:15.124945+00:00
vieclamshopee.com,AVAILABILITY,origin.list,2026-10-03 22:45:15.505176+00:00
vieitcombank.com,AVAILABILITY,origin.list,2026-10-03 22:45:16.265595+00:00
vieclamonlineluongcao.com,AVAILABILITY,origin.list,2026-10-03 22:45:16.617898+00:00
vieclammobile2019.com,AVAILABILITY,origin.list,2026-10-03 22:45:17.343077+00:00
vieittcombank.com,AVAILABILITY,origin.list,2026-10-03 22:45:17.629758+00:00
vieetcombank.com,AVAILABILITY,origin.list,2026-10-03 22:45:18.289249+00:00
vieetcombiank.com,AVAILABILITY,origin.list,2026-10-03 22:45:18.709565+00:00
viet-credit.com,AVAILABILITY,origin.list,2026-10-03 22:45:19.333845+00:00
viet.cgovn.cc,AVAILABILITY,origin.list,2026-10-03 22:45:19.634996+00:00
vietacomputer.com,AVAILABILITY,origin.list,2026-10-03 22:45:20.400015+00:00
vietciombank.com,AVAILABILITY,origin.list,2026-10-03 22:45:20.693361+00:00
vietcoimbank.com,AVAILABILITY,origin.list,2026-10-03 22:45:21.349972+00:00
vieclamfptt.xyz,AVAILABILITY,origin.list,2026-10-03 22:45:22.020606+00:00
vietcapital-vay.com,AVAILABILITY,origin.list,2026-10-03 22:45:22.461237+00:00
vietcom-credit.com,AVAILABILITY,origin.list,2026-10-03 22:45:23.143362+00:00
vib.uudaikhachhang-tructuyen.com.vn,AVAILABILITY,origin.list,2026-10-03 22:45:24.904476+00:00
vaythechaptpbank.info,AVAILABILITY,origin.list,2026-10-03 22:45:29.392776+00:00
vaysieutoc.info,AVAILABILITY,origin.list,2026-10-03 22:45:29.919216+00:00
vietcapitalv.cc,AVAILABILITY,origin.list,2026-10-03 22:45:30.463673+00:00
vietcombankk.com,AVAILABILITY,origin.list,2026-10-03 22:45:35.964967+00:00
vietcombank-vaytinchap.com,AVAILABILITY,origin.list,2026-10-03 22:45:37.034163+00:00
vidientu.beauty,AVAILABILITY,origin.list,2026-10-03 22:45:38.739665+00:00
vib.cham-soc-the-truc-tuyen.com.vn,AVAILABILITY,origin.list,2026-10-03 22:45:41.745782+00:00
vietcombank.vn-cn.xyz,AVAILABILITY,origin.list,2026-10-03 22:45:42.956209+00:00
vidientusp.vn,AVAILABILITY,origin.list,2026-10-03 22:45:45.642860+00:00
shopmsuong.shop,AVAILABILITY,origin.list,2026-10-03 22:45:45.997379+00:00
vieclamonha.online,AVAILABILITY,origin.list,2026-10-03 22:45:46.590217+00:00
viet-thanh.online,AVAILABILITY,origin.list,2026-10-03 22:45:47.464993+00:00
vib.chamsocthekhachang-tructuyen.com.vn,AVAILABILITY,origin.list,2026-10-03 22:45:48.197947+00:00
vietcombak.com,AVAILABILITY,origin.list,2026-10-03 22:45:48.509040+00:00
vietcapital.online,AVAILABILITY,origin.list,2026-10-03 22:45:49.503275+00:00
vayvon-sacombank.cf,AVAILABILITY,origin.list,2026-10-03 22:45:50.564511+00:00
vieclamlazada.vn,AVAILABILITY,origin.list,2026-10-03 22:45:51.550525+00:00
vietcombank2022.com,AVAILABILITY,origin.list,2026-10-03 22:45:51.659054+00:00
vietcombank.vn-sp.xyz,AVAILABILITY,origin.list,2026-10-03 22:45:52.690672+00:00
vietcomcard.com,AVAILABILITY,origin.list,2026-10-03 22:45:52.771633+00:00
vietcomcredit.com,AVAILABILITY,origin.list,2026-10-03 22:45:53.736894+00:00
33lotte.com,AVAILABILITY,origin.list,2026-10-03 22:45:53.851276+00:00
vietcombank-hotrovaykhachhang.online,AVAILABILITY,origin.list,2026-10-03 22:45:54.583645+00:00
sukienmemberlienquan.com,AVAILABILITY,origin.list,2026-10-03 22:45:54.993440+00:00
vietcomdank.com,AVAILABILITY,origin.list,2026-10-03 22:45:55.599403+00:00
vietcombank.fund,AVAILABILITY,origin.list,2026-10-03 22:45:57.614009+00:00
v.vl404.cn,AVAILABILITY,origin.list,2026-10-03 22:45:57.821629+00:00
aets88.com,AVAILABILITY,origin.list,2026-10-03 22:45:58.834258+00:00
vebo8386.me,AVAILABILITY,origin.list,2026-10-03 22:45:59.668178+00:00
muathietke.com,AVAILABILITY,origin.list,2026-10-03 22:45:59.870856+00:00
vidientunganhangso247.com,AVAILABILITY,origin.list,2026-10-03 22:46:00.778789+00:00
nganhangbidv.com,AVAILABILITY,origin.list,2026-10-03 22:46:00.953647+00:00
vietconbank.com,AVAILABILITY,origin.list,2026-10-03 22:46:01.940104+00:00
vietcomibaink.com,AVAILABILITY,origin.list,2026-10-03 22:46:06.766008+00:00
vietcomglobal.com,AVAILABILITY,origin.list,2026-10-03 22:46:07.798206+00:00
dienmayxanh269.com,AVAILABILITY,origin.list,2026-10-03 22:46:07.904438+00:00
vietcoombainkk.com,AVAILABILITY,origin.list,2026-10-03 22:46:08.799082+00:00
vietcredit1.net,AVAILABILITY,origin.list,2026-10-03 22:46:08.969859+00:00
vib.chamsockhachhangtheuudai-tructuyen.com.vn,AVAILABILITY,origin.list,2026-10-03 22:46:12.565422+00:00
vaykimtruongphat.org,AVAILABILITY,origin.list,2026-10-03 22:46:16.134743+00:00
vaynhanhnamthanh.org,AVAILABILITY,origin.list,2026-10-03 22:46:16.853228+00:00
vietcoombbank.com,AVAILABILITY,origin.list,2026-10-03 22:46:17.155913+00:00
vaytiennhanhonline.top,AVAILABILITY,origin.list,2026-10-03 22:46:19.348604+00:00
vaytheoluong-vietcombank24h.biz,AVAILABILITY,origin.list,2026-10-03 22:46:20.382211+00:00
vietcredits.com,AVAILABILITY,origin.list,2026-10-03 22:46:21.486965+00:00
vietcredit247.com,AVAILABILITY,origin.list,2026-10-03 22:46:22.523486+00:00
vietcapital.cyou,AVAILABILITY,origin.list,2026-10-03 22:46:23.297877+00:00
vietcooimbank.com,AVAILABILITY,origin.list,2026-10-03 22:46:23.548249+00:00
vietcredit9.com,AVAILABILITY,origin.list,2026-10-03 22:46:24.302527+00:00
vietgav.cc,AVAILABILITY,origin.list,2026-10-03 22:46:24.875689+00:00
vietgcv.cc,AVAILABILITY,origin.list,2026-10-03 22:46:25.316680+00:00
vietgov.cc,AVAILABILITY,origin.list,2026-10-03 22:46:25.817181+00:00
vietgov0.cc,AVAILABILITY,origin.list,2026-10-03 22:46:26.443853+00:00
vietgov3.cc,AVAILABILITY,origin.list,2026-10-03 22:46:28.000019+00:00
vieclamlazada.com.vn,AVAILABILITY,origin.list,2026-10-03 22:46:28.612252+00:00
vietgov22.cc,AVAILABILITY,origin.list,2026-10-03 22:46:29.049493+00:00
vietgov6.cc,AVAILABILITY,origin.list,2026-10-03 22:46:30.255600+00:00
vietgov5.cc,AVAILABILITY,origin.list,2026-10-03 22:46:31.309341+00:00
vieclamonlinetainha.com.vn,AVAILABILITY,origin.list,2026-10-03 22:46:31.618324+00:00
vietgov4.cc,AVAILABILITY,origin.list,2026-10-03 22:46:32.364170+00:00
vieticombank.com,AVAILABILITY,origin.list,2026-10-03 22:46:32.610543+00:00
vietinb.com,AVAILABILITY,origin.list,2026-10-03 22:46:33.462590+00:00
vietel.online,AVAILABILITY,origin.list,2026-10-03 22:46:33.808246+00:00
vietinbank-ipay.com,AVAILABILITY,origin.list,2026-10-03 22:46:34.571086+00:00
vietcombank.money,AVAILABILITY,origin.list,2026-10-03 22:46:35.607675+00:00
vietcombank-credit.tk,AVAILABILITY,origin.list,2026-10-03 22:46:36.292661+00:00
vietinbamk.com,AVAILABILITY,origin.list,2026-10-03 22:46:36.712306+00:00
vietcombankd.tk,AVAILABILITY,origin.list,2026-10-03 22:46:38.036594+00:00
vietiebink.com,AVAILABILITY,origin.list,2026-10-03 22:46:38.993414+00:00
vietcredit.website,AVAILABILITY,origin.list,2026-10-03 22:46:40.227273+00:00
viet69xlxx004.ga,AVAILABILITY,origin.list,2026-10-03 22:46:41.837462+00:00
vietinbank-online.com,AVAILABILITY,origin.list,2026-10-03 22:46:42.859534+00:00
vietjetvn.com,AVAILABILITY,origin.list,2026-10-03 22:46:43.956286+00:00
vietinbonk.com,AVAILABILITY,origin.list,2026-10-03 22:46:45.066441+00:00
vietcombank-vietnam.com.vn,AVAILABILITY,origin.list,2026-10-03 22:46:48.013640+00:00
vietcredit.click,AVAILABILITY,origin.list,2026-10-03 22:46:49.236752+00:00
vietinbankvis.cc,AVAILABILITY,origin.list,2026-10-03 22:46:50.294263+00:00
vietlottkeno5d.com,AVAILABILITY,origin.list,2026-10-03 22:46:51.339222+00:00
shoppe8.vip,AVAILABILITY,origin.list,2026-10-03 22:46:52.965074+00:00
vietflix.vn,AVAILABILITY,origin.list,2026-10-03 22:46:53.017273+00:00
vietlots789.com,AVAILABILITY,origin.list,2026-10-03 22:46:54.012874+00:00
vietlotts777.com,AVAILABILITY,origin.list,2026-10-03 22:46:54.132620+00:00
vietinbankis.cc,AVAILABILITY,origin.list,2026-10-03 22:46:54.982161+00:00
vietnamdebd.com,AVAILABILITY,origin.list,2026-10-03 22:46:55.291348+00:00
vietlotts888.com,AVAILABILITY,origin.list,2026-10-03 22:46:56.026734+00:00
vietmncredit.com,AVAILABILITY,origin.list,2026-10-03 22:46:57.033898+00:00
vietnaminsa.com,AVAILABILITY,origin.list,2026-10-03 22:46:58.047690+00:00
vietnaminsc.com,AVAILABILITY,origin.list,2026-10-03 22:46:59.074895+00:00
vaymb.org,AVAILABILITY,origin.list,2026-10-03 22:47:04.488194+00:00
vietnamgbg.com,AVAILABILITY,origin.list,2026-10-03 22:47:05.587544+00:00
vietnaminsb.com,AVAILABILITY,origin.list,2026-10-03 22:47:06.565409+00:00
vietnamonline55.com,AVAILABILITY,origin.list,2026-10-03 22:47:07.673347+00:00
tiki5688.shop,AVAILABILITY,origin.list,2026-10-03 22:47:16.607393+00:00
vietnamonline66.com,AVAILABILITY,origin.list,2026-10-03 22:47:17.639461+00:00
vietnamoks.com,AVAILABILITY,origin.list,2026-10-03 22:47:18.763605+00:00
vietnamonline99.com,AVAILABILITY,origin.list,2026-10-03 22:47:19.831696+00:00
taichinhbank.com.vn,AVAILABILITY,origin.list,2026-10-03 22:47:22.000281+00:00
vietnamyhn.com,AVAILABILITY,origin.list,2026-10-03 22:47:23.214176+00:00
vietnamkdam.com,AVAILABILITY,origin.list,2026-10-03 22:47:29.333684+00:00
vietnamqas.com,AVAILABILITY,origin.list,2026-10-03 22:47:30.642465+00:00
vayvon-techcombank.biz,AVAILABILITY,origin.list,2026-10-03 22:47:32.714145+00:00
vietsovpetro.cc,AVAILABILITY,origin.list,2026-10-03 22:47:33.874340+00:00
vietlott.world,AVAILABILITY,origin.list,2026-10-03 22:47:35.604854+00:00
vietelshop.online,AVAILABILITY,origin.list,2026-10-03 22:47:36.884019+00:00
viettel-store.com,AVAILABILITY,origin.list,2026-10-03 22:47:37.912368+00:00
tiki8.vip,AVAILABILITY,origin.list,2026-10-03 22:47:38.212991+00:00
vietret.com,AVAILABILITY,origin.list,2026-10-03 22:47:39.211878+00:00
viettcombank.com,AVAILABILITY,origin.list,2026-10-03 22:47:39.388993+00:00
viettgov.cc,AVAILABILITY,origin.list,2026-10-03 22:47:40.460282+00:00
vietnamplus.site,AVAILABILITY,origin.list,2026-10-03 22:47:40.639718+00:00
vietnamdsa.site,AVAILABILITY,origin.list,2026-10-03 22:47:41.597919+00:00
vietthanh247.com,AVAILABILITY,origin.list,2026-10-03 22:47:42.731931+00:00
viettel6.com,AVAILABILITY,origin.list,2026-10-03 22:47:43.752490+00:00
umyugu88.ru,AVAILABILITY,origin.list,2026-10-03 22:47:47.757428+00:00
vietjetairlines.vn,AVAILABILITY,origin.list,2026-10-03 22:47:49.488306+00:00
viettelvngroup.com,AVAILABILITY,origin.list,2026-10-03 22:47:50.562804+00:00
viettinvay.com,AVAILABILITY,origin.list,2026-10-03 22:47:51.653597+00:00
vietcombank.vn-ms.top,AVAILABILITY,origin.list,2026-10-03 22:47:53.582019+00:00
vietcapitalc.top,AVAILABILITY,origin.list,2026-10-03 22:47:55.253639+00:00
vietthanhcredit.com,AVAILABILITY,origin.list,2026-10-03 22:47:56.532371+00:00
vietcapital-vn.top,AVAILABILITY,origin.list,2026-10-03 22:47:58.561365+00:00
viettcredit.online,AVAILABILITY,origin.list,2026-10-03 22:47:59.663027+00:00
viettlot135p.com,AVAILABILITY,origin.list,2026-10-03 22:48:00.712962+00:00
tiki886.vip,AVAILABILITY,origin.list,2026-10-03 22:48:01.875934+00:00
vietnamairslines.vn,AVAILABILITY,origin.list,2026-10-03 22:48:02.474740+00:00
vietvcbdigibank.com,AVAILABILITY,origin.list,2026-10-03 22:48:02.964550+00:00
vifacebook.com,AVAILABILITY,origin.list,2026-10-03 22:48:03.563919+00:00
vietcombank.vn-llc.top,AVAILABILITY,origin.list,2026-10-03 22:48:04.484071+00:00
view-apple.com,AVAILABILITY,origin.list,2026-10-03 22:48:04.744856+00:00
vietnan.online,AVAILABILITY,origin.list,2026-10-03 22:48:05.782644+00:00
vietvn.net,AVAILABILITY,origin.list,2026-10-03 22:48:06.874951+00:00
viieetcombank.com,AVAILABILITY,origin.list,2026-10-03 22:48:07.999876+00:00
viietcombank.com,AVAILABILITY,origin.list,2026-10-03 22:48:09.087132+00:00
vietthanhcredit.online,AVAILABILITY,origin.list,2026-10-03 22:48:10.020032+00:00
viietccombank.com,AVAILABILITY,origin.list,2026-10-03 22:48:11.116254+00:00
vietviv.com,AVAILABILITY,origin.list,2026-10-03 22:48:12.122297+00:00
tiki444.vip,AVAILABILITY,origin.list,2026-10-03 22:48:18.709297+00:00
dantri.live,AVAILABILITY,origin.list,2026-10-03 22:48:20.924639+00:00
vingroupinvestment.com,AVAILABILITY,origin.list,2026-10-03 22:48:21.901996+00:00
viiietcombank.com,AVAILABILITY,origin.list,2026-10-03 22:48:22.894509+00:00
vietinbank.tk,AVAILABILITY,origin.list,2026-10-03 22:48:24.324029+00:00
vinacombank.com,AVAILABILITY,origin.list,2026-10-03 22:48:25.415789+00:00
vietinbanki.top,AVAILABILITY,origin.list,2026-10-03 22:48:27.805922+00:00
tet2023.shop,AVAILABILITY,origin.list,2026-10-03 22:48:28.150610+00:00
vip.tpbank84.com,AVAILABILITY,origin.list,2026-10-03 22:48:28.852868+00:00
vincomonevip.net,AVAILABILITY,origin.list,2026-10-03 22:48:29.268227+00:00
vinpearl1.vingroupsny.com,AVAILABILITY,origin.list,2026-10-03 22:48:29.948426+00:00
vip-dien-mayxanh.com,AVAILABILITY,origin.list,2026-10-03 22:48:30.337978+00:00
vip-dienmayxanh.com,AVAILABILITY,origin.list,2026-10-03 22:48:31.463531+00:00
vietcombank.vn-nng.top,AVAILABILITY,origin.list,2026-10-03 22:48:33.187809+00:00
tiki7.vip,AVAILABILITY,origin.list,2026-10-03 22:48:43.198042+00:00
vip8591.net,AVAILABILITY,origin.list,2026-10-03 22:48:44.304623+00:00
vipgooshop.com,AVAILABILITY,origin.list,2026-10-03 22:48:45.405093+00:00
vip.jaccsvn.com,AVAILABILITY,origin.list,2026-10-03 22:48:46.637959+00:00
vipcard-vib.com,AVAILABILITY,origin.list,2026-10-03 22:48:47.624540+00:00
viplovang.com,AVAILABILITY,origin.list,2026-10-03 22:48:48.702588+00:00
vietthanh24.xyz,AVAILABILITY,origin.list,2026-10-03 22:48:50.062258+00:00
vietimbank.top,AVAILABILITY,origin.list,2026-10-03 22:48:52.015121+00:00
telaagam.maxisl.vip,AVAILABILITY,origin.list,2026-10-03 22:48:55.299889+00:00
vip1-droppii.com,AVAILABILITY,origin.list,2026-10-03 22:48:56.539866+00:00
visa-vpbank-uu-tien.com,AVAILABILITY,origin.list,2026-10-03 22:48:57.565204+00:00
visa-vibbank.com,AVAILABILITY,origin.list,2026-10-03 22:48:58.647102+00:00
vipmomo247.com,AVAILABILITY,origin.list,2026-10-03 22:48:59.788423+00:00
visa-mb.com,AVAILABILITY,origin.list,2026-10-03 22:49:00.857290+00:00
vimomo.fun,AVAILABILITY,origin.list,2026-10-03 22:49:01.978835+00:00
vitindungpgbank.com,AVAILABILITY,origin.list,2026-10-03 22:49:03.052269+00:00
vipshopee.cc,AVAILABILITY,origin.list,2026-10-03 22:49:04.169317+00:00
vipmmomo2456.fun,AVAILABILITY,origin.list,2026-10-03 22:49:05.176310+00:00
vivayvnd.com,AVAILABILITY,origin.list,2026-10-03 22:49:06.279468+00:00
vitri-icloud.com,AVAILABILITY,origin.list,2026-10-03 22:49:07.332891+00:00
tiki333.vip,AVAILABILITY,origin.list,2026-10-03 22:49:08.405986+00:00
vmayman.com,AVAILABILITY,origin.list,2026-10-03 22:49:08.425449+00:00
vletcombank.com,AVAILABILITY,origin.list,2026-10-03 22:49:09.391293+00:00
vn-dienmayxanh.com,AVAILABILITY,origin.list,2026-10-03 22:49:09.463061+00:00
vn-eid.com,AVAILABILITY,origin.list,2026-10-03 22:49:10.481392+00:00
vn-findmy.com,AVAILABILITY,origin.list,2026-10-03 22:49:10.528532+00:00
vn-banking.xyz,AVAILABILITY,origin.list,2026-10-03 22:49:11.922047+00:00
viva.exchange,AVAILABILITY,origin.list,2026-10-03 22:49:12.552548+00:00
vn-cn.xyz,AVAILABILITY,origin.list,2026-10-03 22:49:13.236282+00:00
vimomo.monster,AVAILABILITY,origin.list,2026-10-03 22:49:14.395116+00:00
viva2.exchange,AVAILABILITY,origin.list,2026-10-03 22:49:14.982024+00:00
vn-ebank.xyz,AVAILABILITY,origin.list,2026-10-03 22:49:15.842582+00:00
vn-banks.xyz,AVAILABILITY,origin.list,2026-10-03 22:49:16.315338+00:00
vn-cl.xyz,AVAILABILITY,origin.list,2026-10-03 22:49:17.152482+00:00
vietnamops.club,AVAILABILITY,origin.list,2026-10-03 22:49:19.656230+00:00
vn-cvs.xyz,AVAILABILITY,origin.list,2026-10-03 22:49:20.984923+00:00
vn-i.cloud,AVAILABILITY,origin.list,2026-10-03 22:49:22.180287+00:00
vn-khachhang.click,AVAILABILITY,origin.list,2026-10-03 22:49:23.301624+00:00
vn-ebanks.xyz,AVAILABILITY,origin.list,2026-10-03 22:49:24.690998+00:00
vn-nhanqua.click,AVAILABILITY,origin.list,2026-10-03 22:49:25.556918+00:00
vn-nhanquatang.click,AVAILABILITY,origin.list,2026-10-03 22:49:26.613995+00:00
vn-nhanqua.online,AVAILABILITY,origin.list,2026-10-03 22:49:27.733663+00:00
vn-exprress.site,AVAILABILITY,origin.list,2026-10-03 22:49:28.819684+00:00
vn-lienkettaikhoannhanqua.online,AVAILABILITY,origin.list,2026-10-03 22:49:29.738125+00:00
vieclamfptt.one,AVAILABILITY,origin.list,2026-10-03 22:49:32.839353+00:00
vn-quatang.online,AVAILABILITY,origin.list,2026-10-03 22:49:33.932816+00:00
vn-nhanquatang.online,AVAILABILITY,origin.list,2026-10-03 22:49:35.076026+00:00
vn-rb.icu,AVAILABILITY,origin.list,2026-10-03 22:49:36.495802+00:00
vingroup.fit,AVAILABILITY,origin.list,2026-10-03 22:49:37.912133+00:00
vn-sacombank.com,AVAILABILITY,origin.list,2026-10-03 22:49:39.000407+00:00
techcombank.vn-jss.vip,AVAILABILITY,origin.list,2026-10-03 22:49:47.574742+00:00
vn-tiki.com,AVAILABILITY,origin.list,2026-10-03 22:49:48.664895+00:00
vn-nhanquatang2022.online,AVAILABILITY,origin.list,2026-10-03 22:49:49.867069+00:00
vimomo.me,AVAILABILITY,origin.list,2026-10-03 22:49:51.986627+00:00
vietsovpetro.biz,AVAILABILITY,origin.list,2026-10-03 22:49:54.076582+00:00
vn-quatang2022.online,AVAILABILITY,origin.list,2026-10-03 22:49:55.449783+00:00
vn-cn.life,AVAILABILITY,origin.list,2026-10-03 22:49:56.981459+00:00
vn-tpbank.com,AVAILABILITY,origin.list,2026-10-03 22:49:58.047306+00:00
tikishopping.shop,AVAILABILITY,origin.list,2026-10-03 22:49:58.471611+00:00
vn-shop.click,AVAILABILITY,origin.list,2026-10-03 22:49:58.961666+00:00
vietnammoi.biz,AVAILABILITY,origin.list,2026-10-03 22:49:59.496630+00:00
vn-taikhoan.online,AVAILABILITY,origin.list,2026-10-03 22:50:00.902790+00:00
vn-cr.life,AVAILABILITY,origin.list,2026-10-03 22:50:01.400263+00:00
vietthanh.club,AVAILABILITY,origin.list,2026-10-03 22:50:03.991628+00:00
vinideal-sale.pro,AVAILABILITY,origin.list,2026-10-03 22:50:05.098627+00:00
vn-vietnam.com,AVAILABILITY,origin.list,2026-10-03 22:50:05.099035+00:00
vn11568p.com,AVAILABILITY,origin.list,2026-10-03 22:50:06.185171+00:00
vn-sukien.online,AVAILABILITY,origin.list,2026-10-03 22:50:06.201470+00:00
vn-sbank.xyz,AVAILABILITY,origin.list,2026-10-03 22:50:07.930727+00:00
vipmomo79.club,AVAILABILITY,origin.list,2026-10-03 22:50:08.989136+00:00
vietnamrx.info,AVAILABILITY,origin.list,2026-10-03 22:50:09.734794+00:00
vn11268shp.com,AVAILABILITY,origin.list,2026-10-03 22:50:10.796136+00:00
viptikivn.club,AVAILABILITY,origin.list,2026-10-03 22:50:12.051501+00:00
vn-tiki.xyz,AVAILABILITY,origin.list,2026-10-03 22:50:13.360694+00:00
vn147258p.com,AVAILABILITY,origin.list,2026-10-03 22:50:14.453286+00:00
vn-sp.xyz,AVAILABILITY,origin.list,2026-10-03 22:50:15.795172+00:00
vn119shop.com,AVAILABILITY,origin.list,2026-10-03 22:50:16.841511+00:00
vn-nhanqua.store,AVAILABILITY,origin.list,2026-10-03 22:50:17.057977+00:00
vn.btaynguyenfood.com,AVAILABILITY,origin.list,2026-10-03 22:50:17.843862+00:00
vn277shop.com,AVAILABILITY,origin.list,2026-10-03 22:50:18.098862+00:00
vn156475p.com,AVAILABILITY,origin.list,2026-10-03 22:50:18.894281+00:00
vn335shop.com,AVAILABILITY,origin.list,2026-10-03 22:50:19.148421+00:00
vn63251s.com,AVAILABILITY,origin.list,2026-10-03 22:50:19.861926+00:00
vn22647shp.com,AVAILABILITY,origin.list,2026-10-03 22:50:20.123611+00:00
vipmomo123.me,AVAILABILITY,origin.list,2026-10-03 22:50:22.878407+00:00
vn-iy.life,AVAILABILITY,origin.list,2026-10-03 22:50:23.170352+00:00
vn55779p.com,AVAILABILITY,origin.list,2026-10-03 22:50:23.929884+00:00
vn-vp.xyz,AVAILABILITY,origin.list,2026-10-03 22:50:24.546660+00:00
vn55866shp.com,AVAILABILITY,origin.list,2026-10-03 22:50:25.632500+00:00
vietsovpetro.top,AVAILABILITY,origin.list,2026-10-03 22:50:27.216027+00:00
vn66733shop.com,AVAILABILITY,origin.list,2026-10-03 22:50:28.298831+00:00
vn6315shp.com,AVAILABILITY,origin.list,2026-10-03 22:50:29.382275+00:00
vn6932shp.com,AVAILABILITY,origin.list,2026-10-03 22:50:30.557419+00:00
vn667755s.com,AVAILABILITY,origin.list,2026-10-03 22:50:31.640193+00:00
vn66954shp.com,AVAILABILITY,origin.list,2026-10-03 22:50:32.729227+00:00
vipmomo.club,AVAILABILITY,origin.list,2026-10-03 22:50:33.742965+00:00
vn-mybank.top,AVAILABILITY,origin.list,2026-10-03 22:50:35.147842+00:00
vn68822s.com,AVAILABILITY,origin.list,2026-10-03 22:50:36.140409+00:00
vn86414s.com,AVAILABILITY,origin.list,2026-10-03 22:50:37.209432+00:00
tikia.vip,AVAILABILITY,origin.list,2026-10-03 22:50:42.309145+00:00
vn85548s.com,AVAILABILITY,origin.list,2026-10-03 22:50:43.353160+00:00
vn-llc.top,AVAILABILITY,origin.list,2026-10-03 22:50:45.254281+00:00
vn-nng.top,AVAILABILITY,origin.list,2026-10-03 22:50:47.249288+00:00
vn-ms.top,AVAILABILITY,origin.list,2026-10-03 22:50:49.186422+00:00
vn88631p.com,AVAILABILITY,origin.list,2026-10-03 22:50:50.318863+00:00
vnc63661s.com,AVAILABILITY,origin.list,2026-10-03 22:50:51.437609+00:00
vnc69977s.com,AVAILABILITY,origin.list,2026-10-03 22:50:52.530559+00:00
vn78223p.com,AVAILABILITY,origin.list,2026-10-03 22:50:53.579808+00:00
vnduthianhgroup.com,AVAILABILITY,origin.list,2026-10-03 22:50:54.725815+00:00
vnah567.com,AVAILABILITY,origin.list,2026-10-03 22:50:55.758251+00:00
nganhangsaison.org,AVAILABILITY,origin.list,2026-10-03 22:51:04.719318+00:00
vnbitcoin.cc,AVAILABILITY,origin.list,2026-10-03 22:51:05.913929+00:00
vnhopqua.com,AVAILABILITY,origin.list,2026-10-03 22:51:06.877661+00:00
vnc75635s.com,AVAILABILITY,origin.list,2026-10-03 22:51:07.890406+00:00
tikib.vip,AVAILABILITY,origin.list,2026-10-03 22:51:08.396092+00:00
vneid.vieegovn.cc,AVAILABILITY,origin.list,2026-10-03 22:51:08.872971+00:00
vn-iy.info,AVAILABILITY,origin.list,2026-10-03 22:51:13.465473+00:00
vn-scl.life,AVAILABILITY,origin.list,2026-10-03 22:51:13.990860+00:00
vn88khuyenmai.space,AVAILABILITY,origin.list,2026-10-03 22:51:14.795992+00:00
vn-sp.top,AVAILABILITY,origin.list,2026-10-03 22:51:15.628931+00:00
vnexprress.com,AVAILABILITY,origin.list,2026-10-03 22:51:16.846393+00:00
vnietinbank.com,AVAILABILITY,origin.list,2026-10-03 22:51:17.842223+00:00
vnpay-ruttientindung.com,AVAILABILITY,origin.list,2026-10-03 22:51:18.859025+00:00
vngiao.hangtietkiem.online,AVAILABILITY,origin.list,2026-10-03 22:51:20.005892+00:00
vn-ebanking.info,AVAILABILITY,origin.list,2026-10-03 22:51:20.843238+00:00
vnfiba.com,AVAILABILITY,origin.list,2026-10-03 22:51:21.130735+00:00
vnpay-quetthetindung.com,AVAILABILITY,origin.list,2026-10-03 22:51:22.379829+00:00
vnpay247-ruttientindung.com,AVAILABILITY,origin.list,2026-10-03 22:51:23.627376+00:00
vnpaycredit-ruttientindung247.com,AVAILABILITY,origin.list,2026-10-03 22:51:24.623290+00:00
vnpaycreditruttientindung-247.com,AVAILABILITY,origin.list,2026-10-03 22:51:25.911247+00:00
vn-iz.info,AVAILABILITY,origin.list,2026-10-03 22:51:26.259125+00:00
vn88khuyenmai.store,AVAILABILITY,origin.list,2026-10-03 22:51:27.337651+00:00
vnsendo.net,AVAILABILITY,origin.list,2026-10-03 22:51:28.634487+00:00
vn-hc.info,AVAILABILITY,origin.list,2026-10-03 22:51:30.583632+00:00
vnpt99.com,AVAILABILITY,origin.list,2026-10-03 22:51:31.992906+00:00
vnsehotro.com,AVAILABILITY,origin.list,2026-10-03 22:51:33.202632+00:00
vnebank.xyz,AVAILABILITY,origin.list,2026-10-03 22:51:34.770004+00:00
vn-tiki.top,AVAILABILITY,origin.list,2026-10-03 22:51:37.091226+00:00
vnshop111.com,AVAILABILITY,origin.list,2026-10-03 22:51:38.110273+00:00
vnshop11.com,AVAILABILITY,origin.list,2026-10-03 22:51:39.135261+00:00
vnshop00.com,AVAILABILITY,origin.list,2026-10-03 22:51:40.464638+00:00
vn-vongquaylol.cf,AVAILABILITY,origin.list,2026-10-03 22:51:43.217009+00:00
vnshop2.net,AVAILABILITY,origin.list,2026-10-03 22:51:44.205818+00:00
tikishop.vip,AVAILABILITY,origin.list,2026-10-03 22:51:44.836825+00:00
vnshop158.com,AVAILABILITY,origin.list,2026-10-03 22:51:45.330976+00:00
vnshop25.com,AVAILABILITY,origin.list,2026-10-03 22:51:45.857456+00:00
vn88khuyenmai.site,AVAILABILITY,origin.list,2026-10-03 22:51:46.374780+00:00
vnshop328.com,AVAILABILITY,origin.list,2026-10-03 22:51:46.907868+00:00
vnshop28.com,AVAILABILITY,origin.list,2026-10-03 22:51:47.435303+00:00
vnshop26.com,AVAILABILITY,origin.list,2026-10-03 22:51:48.437242+00:00
vnshop37.com,AVAILABILITY,origin.list,2026-10-03 22:51:49.831748+00:00
vn-ibank.info,AVAILABILITY,origin.list,2026-10-03 22:51:51.534311+00:00
ttb9.shop,AVAILABILITY,origin.list,2026-10-03 22:51:56.328979+00:00
vnmcrd2s.online,AVAILABILITY,origin.list,2026-10-03 22:51:57.470786+00:00
vnshop139.com,AVAILABILITY,origin.list,2026-10-03 22:51:58.608495+00:00
vnshop628.com,AVAILABILITY,origin.list,2026-10-03 22:51:59.690001+00:00
vnshop728.com,AVAILABILITY,origin.list,2026-10-03 22:52:00.849364+00:00
vnshop4988.com,AVAILABILITY,origin.list,2026-10-03 22:52:02.379738+00:00
ttb5.shop,AVAILABILITY,origin.list,2026-10-03 22:52:02.967649+00:00
vnshop42.com,AVAILABILITY,origin.list,2026-10-03 22:52:03.501886+00:00
vnshop752.com,AVAILABILITY,origin.list,2026-10-03 22:52:04.111532+00:00
vnshop965.com,AVAILABILITY,origin.list,2026-10-03 22:52:04.483750+00:00
vnshop864.com,AVAILABILITY,origin.list,2026-10-03 22:52:05.272020+00:00
vntiki1.com,AVAILABILITY,origin.list,2026-10-03 22:52:05.527158+00:00
vnshoping.com,AVAILABILITY,origin.list,2026-10-03 22:52:06.262541+00:00
vnshop93.com,AVAILABILITY,origin.list,2026-10-03 22:52:06.752984+00:00
vnshop925.com,AVAILABILITY,origin.list,2026-10-03 22:52:07.220076+00:00
vntanghanmucvisadebit.com,AVAILABILITY,origin.list,2026-10-03 22:52:07.891107+00:00
vntiki11.com,AVAILABILITY,origin.list,2026-10-03 22:52:08.218807+00:00
vntikiship.com,AVAILABILITY,origin.list,2026-10-03 22:52:08.963554+00:00
vnvietjet.com,AVAILABILITY,origin.list,2026-10-03 22:52:09.294008+00:00
vongquay-freefire2021.com,AVAILABILITY,origin.list,2026-10-03 22:52:10.357100+00:00
vntkm.com,AVAILABILITY,origin.list,2026-10-03 22:52:10.656286+00:00
vongquay-lienminh.com,AVAILABILITY,origin.list,2026-10-03 22:52:11.789813+00:00
vn.hothue.top,AVAILABILITY,origin.list,2026-10-03 22:52:13.320019+00:00
vongquay-pubgmobilevn-zing.com,AVAILABILITY,origin.list,2026-10-03 22:52:14.446118+00:00
vnviettel.com,AVAILABILITY,origin.list,2026-10-03 22:52:16.485661+00:00
vongquay-freefire.com,AVAILABILITY,origin.list,2026-10-03 22:52:20.497907+00:00
vongquay-pubgmobilevn.com,AVAILABILITY,origin.list,2026-10-03 22:52:21.521944+00:00
tomo5933.vip,AVAILABILITY,origin.list,2026-10-03 22:52:29.702206+00:00
vnvietcombanks.cc,AVAILABILITY,origin.list,2026-10-03 22:52:30.765627+00:00
vongquay-pubgmobilevng.com,AVAILABILITY,origin.list,2026-10-03 22:52:31.712110+00:00
vongquay-trian-pubgmobilevn.com,AVAILABILITY,origin.list,2026-10-03 22:52:32.723831+00:00
vongquay-pubg-vng.com,AVAILABILITY,origin.list,2026-10-03 22:52:33.753661+00:00
vongquay365.com,AVAILABILITY,origin.list,2026-10-03 22:52:34.941508+00:00
ttb8.shop,AVAILABILITY,origin.list,2026-10-03 22:52:37.999028+00:00
vn88khuyenmai.life,AVAILABILITY,origin.list,2026-10-03 22:52:39.051221+00:00
vnvietcombank.cc,AVAILABILITY,origin.list,2026-10-03 22:52:39.083108+00:00
vongquaygarena2021.com,AVAILABILITY,origin.list,2026-10-03 22:52:40.114471+00:00
vongquaycongnghegarena.com,AVAILABILITY,origin.list,2026-10-03 22:52:40.190217+00:00
napthex10.net,AVAILABILITY,origin.list,2026-10-03 22:52:41.227979+00:00
vongquaybooyah.com,AVAILABILITY,origin.list,2026-10-03 22:52:42.333403+00:00
vongquay-lienquanmobile.site,AVAILABILITY,origin.list,2026-10-03 22:52:43.368172+00:00
vongquaygarena21.com,AVAILABILITY,origin.list,2026-10-03 22:52:44.379096+00:00
vongloai.vn,AVAILABILITY,origin.list,2026-10-03 22:52:46.375348+00:00
vongquaylienmoba2021.com,AVAILABILITY,origin.list,2026-10-03 22:52:47.387277+00:00
tindungonline-evn.shop,AVAILABILITY,origin.list,2026-10-03 22:52:54.946350+00:00
vongquayduthuong.com,AVAILABILITY,origin.list,2026-10-03 22:52:55.969033+00:00
vn-rn.biz,AVAILABILITY,origin.list,2026-10-03 22:52:58.437256+00:00
tomo5963.vip,AVAILABILITY,origin.list,2026-10-03 22:52:58.542172+00:00
vongquaylqm.com,AVAILABILITY,origin.list,2026-10-03 22:52:59.587402+00:00
vongquaykimcuongfreefire.com,AVAILABILITY,origin.list,2026-10-03 22:52:59.591731+00:00
vongquayngoc.com,AVAILABILITY,origin.list,2026-10-03 22:53:00.705484+00:00
vongquaysieuphamfreefirevn.com,AVAILABILITY,origin.list,2026-10-03 22:53:01.751741+00:00
vongquayfreefiremembership.com,AVAILABILITY,origin.list,2026-10-03 22:53:02.825910+00:00
vn-uz.info,AVAILABILITY,origin.list,2026-10-03 22:53:03.622994+00:00
vonsieuatoc.com,AVAILABILITY,origin.list,2026-10-03 22:53:03.827381+00:00
vongquaytrungthu.com,AVAILABILITY,origin.list,2026-10-03 22:53:04.613557+00:00
vongquayroblox.com,AVAILABILITY,origin.list,2026-10-03 22:53:04.771385+00:00
voniao.com,AVAILABILITY,origin.list,2026-10-03 22:53:05.631835+00:00
vongquaythuongfreefire.com,AVAILABILITY,origin.list,2026-10-03 22:53:05.894799+00:00
vongquay88.site,AVAILABILITY,origin.list,2026-10-03 22:53:06.688557+00:00
vonsieubtoc.com,AVAILABILITY,origin.list,2026-10-03 22:53:06.981653+00:00
vonsieuetoc.com,AVAILABILITY,origin.list,2026-10-03 22:53:07.760458+00:00
vonsieudtoc.com,AVAILABILITY,origin.list,2026-10-03 22:53:08.135562+00:00
vonsieuhtoc.com,AVAILABILITY,origin.list,2026-10-03 22:53:08.788027+00:00
vonsieuftoc.com,AVAILABILITY,origin.list,2026-10-03 22:53:09.855454+00:00
vonsieuctoc.com,AVAILABILITY,origin.list,2026-10-03 22:53:11.011810+00:00
vnponte.top,AVAILABILITY,origin.list,2026-10-03 22:53:12.516797+00:00
vonsieugtoc.com,AVAILABILITY,origin.list,2026-10-03 22:53:13.514476+00:00
ttb6.shop,AVAILABILITY,origin.list,2026-10-03 22:53:18.672275+00:00
vonsieuitoc.com,AVAILABILITY,origin.list,2026-10-03 22:53:19.692179+00:00
vonsieujtoc.com,AVAILABILITY,origin.list,2026-10-03 22:53:20.652100+00:00
vib-gold-card.shop,AVAILABILITY,origin.list,2026-10-03 22:53:20.936523+00:00
vonsieuktoc.com,AVAILABILITY,origin.list,2026-10-03 22:53:22.022247+00:00
vongquay-2021lolgarena.ml,AVAILABILITY,origin.list,2026-10-03 22:53:23.482679+00:00
vinaconex.org,AVAILABILITY,origin.list,2026-10-03 22:53:23.643211+00:00
vonsieumtoc.com,AVAILABILITY,origin.list,2026-10-03 22:53:24.541263+00:00
vongquaylienminh.vn,AVAILABILITY,origin.list,2026-10-03 22:53:25.272732+00:00
vnshop2.top,AVAILABILITY,origin.list,2026-10-03 22:53:27.747652+00:00
vn-ub.info,AVAILABILITY,origin.list,2026-10-03 22:53:28.274799+00:00
vongquaylotus.xyz,AVAILABILITY,origin.list,2026-10-03 22:53:29.165288+00:00
vonsieultoc.com,AVAILABILITY,origin.list,2026-10-03 22:53:29.263373+00:00
vonsieuntoc.com,AVAILABILITY,origin.list,2026-10-03 22:53:30.195558+00:00
vonsieuptoc.com,AVAILABILITY,origin.list,2026-10-03 22:53:30.275196+00:00
vonsieuttoc.com,AVAILABILITY,origin.list,2026-10-03 22:53:31.221634+00:00
vonsieurtoc.com,AVAILABILITY,origin.list,2026-10-03 22:53:31.355743+00:00
vonsieuotoc.com,AVAILABILITY,origin.list,2026-10-03 22:53:32.327023+00:00
vonsieuutoc.com,AVAILABILITY,origin.list,2026-10-03 22:53:32.415313+00:00
vp-hanmuc.com,AVAILABILITY,origin.list,2026-10-03 22:53:33.432600+00:00
vonsieuvtoc.com,AVAILABILITY,origin.list,2026-10-03 22:53:34.410968+00:00
vpb-hanmuc.com,AVAILABILITY,origin.list,2026-10-03 22:53:35.405131+00:00
vonsieuqtoc.com,AVAILABILITY,origin.list,2026-10-03 22:53:36.505179+00:00
vonsieustoc.com,AVAILABILITY,origin.list,2026-10-03 22:53:37.588057+00:00
vonsieuxtoc.com,AVAILABILITY,origin.list,2026-10-03 22:53:38.717530+00:00
vp7811.com,AVAILABILITY,origin.list,2026-10-03 22:53:39.777080+00:00
vonsieuztoc.com,AVAILABILITY,origin.list,2026-10-03 22:53:40.752985+00:00
vonsieuytoc.com,AVAILABILITY,origin.list,2026-10-03 22:53:41.845304+00:00
vebo123.vip,AVAILABILITY,origin.list,2026-10-03 22:53:42.464167+00:00
vpb-nanghanmuc.com,AVAILABILITY,origin.list,2026-10-03 22:53:42.985174+00:00
vpb.tang-han-muc-the-visa-vn.com,AVAILABILITY,origin.list,2026-10-03 22:53:43.465566+00:00
vpb.nanghanmucvisa-vn.com,AVAILABILITY,origin.list,2026-10-03 22:53:44.026822+00:00
vpbank.vn-cl.xyz,AVAILABILITY,origin.list,2026-10-03 22:53:44.707545+00:00
vpbank-vaytien.com,AVAILABILITY,origin.list,2026-10-03 22:53:45.170431+00:00
vpb.tanghanmucvisa-vn.com,AVAILABILITY,origin.list,2026-10-03 22:53:45.769043+00:00
vpbban.com,AVAILABILITY,origin.list,2026-10-03 22:53:46.233561+00:00
vpbank.com.vn-rb.icu,AVAILABILITY,origin.list,2026-10-03 22:53:46.999449+00:00
vp-nanghanmuc.com,AVAILABILITY,origin.list,2026-10-03 22:53:47.268867+00:00
vpbank.chamsockhachhang-uudaithecanhan-tructuyen.online,AVAILABILITY,origin.list,2026-10-03 22:53:47.964239+00:00
vpbank.vn-sp.xyz,AVAILABILITY,origin.list,2026-10-03 22:53:48.420436+00:00
vps8449vn.com,AVAILABILITY,origin.list,2026-10-03 22:53:49.009852+00:00
vpbbank.com,AVAILABILITY,origin.list,2026-10-03 22:53:49.515770+00:00
vpbank.chamsockhachhang-uudai-the-truc-tuyen.online,AVAILABILITY,origin.list,2026-10-03 22:53:49.884959+00:00
vssid.svgov.cc,AVAILABILITY,origin.list,2026-10-03 22:53:50.865738+00:00
vongquaysieupham-grnfreefirevietnam.club,AVAILABILITY,origin.list,2026-10-03 22:53:54.262187+00:00
vongquaycongnghe.ga,AVAILABILITY,origin.list,2026-10-03 22:53:56.740868+00:00
vonocltx.club,AVAILABILITY,origin.list,2026-10-03 22:53:58.323932+00:00
travelokeaaa.vip,AVAILABILITY,origin.list,2026-10-03 22:54:13.682620+00:00
vpbsvn.com,AVAILABILITY,origin.list,2026-10-03 22:54:14.656411+00:00
vib-cardnew.shop,AVAILABILITY,origin.list,2026-10-03 22:54:14.830694+00:00
vstvst10toc.com,AVAILABILITY,origin.list,2026-10-03 22:54:15.623913+00:00
vssidgov.com,AVAILABILITY,origin.list,2026-10-03 22:54:16.751962+00:00
vongquayskinfree.tk,AVAILABILITY,origin.list,2026-10-03 22:54:18.541488+00:00
vnsendo.info,AVAILABILITY,origin.list,2026-10-03 22:54:24.644687+00:00
vstvst11toc.com,AVAILABILITY,origin.list,2026-10-03 22:54:25.637775+00:00
vstvst1toc.com,AVAILABILITY,origin.list,2026-10-03 22:54:26.695684+00:00
vrichshop.com,AVAILABILITY,origin.list,2026-10-03 22:54:27.923478+00:00
vstvst13toc.com,AVAILABILITY,origin.list,2026-10-03 22:54:28.885454+00:00
vietnamlua.vip,AVAILABILITY,origin.list,2026-10-03 22:54:34.952795+00:00
vongquaysieuphamfreefirevn.club,AVAILABILITY,origin.list,2026-10-03 22:54:36.026890+00:00
vstvst16toc.com,AVAILABILITY,origin.list,2026-10-03 22:54:37.153956+00:00
vp-nanghanmuc.online,AVAILABILITY,origin.list,2026-10-03 22:54:38.436288+00:00
trumcltx.vip,AVAILABILITY,origin.list,2026-10-03 22:54:39.114025+00:00
vpb-hanmuc.online,AVAILABILITY,origin.list,2026-10-03 22:54:39.416440+00:00
vstvst15toc.com,AVAILABILITY,origin.list,2026-10-03 22:54:40.176913+00:00
vstvst12toc.com,AVAILABILITY,origin.list,2026-10-03 22:54:40.508901+00:00
vstvst20toc.com,AVAILABILITY,origin.list,2026-10-03 22:54:41.223136+00:00
vstvst14toc.com,AVAILABILITY,origin.list,2026-10-03 22:54:41.566078+00:00
vstvst22toc.com,AVAILABILITY,origin.list,2026-10-03 22:54:42.267389+00:00
vstvst29toc.com,AVAILABILITY,origin.list,2026-10-03 22:54:42.663019+00:00
vstvst27toc.com,AVAILABILITY,origin.list,2026-10-03 22:54:43.279301+00:00
vstvst30toc.com,AVAILABILITY,origin.list,2026-10-03 22:54:43.641024+00:00
vpb-nanghanmuc.online,AVAILABILITY,origin.list,2026-10-03 22:54:44.644866+00:00
vstvst21toc.com,AVAILABILITY,origin.list,2026-10-03 22:54:45.716265+00:00
vstvst25toc.com,AVAILABILITY,origin.list,2026-10-03 22:54:46.829551+00:00
vstvst26toc.com,AVAILABILITY,origin.list,2026-10-03 22:54:47.817144+00:00
vstvst24toc.com,AVAILABILITY,origin.list,2026-10-03 22:54:49.240973+00:00
vstvst2toc.com,AVAILABILITY,origin.list,2026-10-03 22:54:50.303573+00:00
vstvst8toc.com,AVAILABILITY,origin.list,2026-10-03 22:54:51.435738+00:00
vuabem.com,AVAILABILITY,origin.list,2026-10-03 22:54:52.510593+00:00
vstvst28toc.com,AVAILABILITY,origin.list,2026-10-03 22:54:53.732274+00:00
vnvay.top,AVAILABILITY,origin.list,2026-10-03 22:54:54.706957+00:00
vstvst5toc.com,AVAILABILITY,origin.list,2026-10-03 22:54:54.757562+00:00
vtdpgbank.com,AVAILABILITY,origin.list,2026-10-03 22:54:55.776291+00:00
vstvst4toc.com,AVAILABILITY,origin.list,2026-10-03 22:54:55.784464+00:00
vstvst3toc.com,AVAILABILITY,origin.list,2026-10-03 22:54:56.764386+00:00
vuamomo.com,AVAILABILITY,origin.list,2026-10-03 22:54:56.851738+00:00
vvshopee.com,AVAILABILITY,origin.list,2026-10-03 22:54:57.804366+00:00
vviietcombank.com,AVAILABILITY,origin.list,2026-10-03 22:54:58.832360+00:00
vpbank.uudai-tructuyen-chamsockhachhang-the.com.vn,AVAILABILITY,origin.list,2026-10-03 22:55:00.941731+00:00
vstvst6toc.com,AVAILABILITY,origin.list,2026-10-03 22:55:02.027030+00:00
vstvst7toc.com,AVAILABILITY,origin.list,2026-10-03 22:55:03.095061+00:00
vstvst9toc.com,AVAILABILITY,origin.list,2026-10-03 22:55:04.226936+00:00
vwietcombank.com,AVAILABILITY,origin.list,2026-10-03 22:55:05.320268+00:00
vxvw11.com,AVAILABILITY,origin.list,2026-10-03 22:55:06.453821+00:00
vuacltxmomo.net,AVAILABILITY,origin.list,2026-10-03 22:55:07.569280+00:00
vpbank.vn-cn.life,AVAILABILITY,origin.list,2026-10-03 22:55:09.578022+00:00
vietnamokf.vip,AVAILABILITY,origin.list,2026-10-03 22:55:24.944622+00:00
vongquay2021.work,AVAILABILITY,origin.list,2026-10-03 22:55:26.545717+00:00
vxvw22.com,AVAILABILITY,origin.list,2026-10-03 22:55:27.626282+00:00
vvvietcombank.com,AVAILABILITY,origin.list,2026-10-03 22:55:28.768200+00:00
vvvvw-icloud.com,AVAILABILITY,origin.list,2026-10-03 22:55:29.964856+00:00
webh5.newfastloan.cc,AVAILABILITY,origin.list,2026-10-03 22:55:31.010776+00:00
vxvw55.com,AVAILABILITY,origin.list,2026-10-03 22:55:32.467583+00:00
wbk9sohp.jdpz.link,AVAILABILITY,origin.list,2026-10-03 22:55:33.526582+00:00
walmartshoping.com,AVAILABILITY,origin.list,2026-10-03 22:55:34.648392+00:00
web-membbership-freefire-garena.com,AVAILABILITY,origin.list,2026-10-03 22:55:35.813464+00:00
vietcredit.vip,AVAILABILITY,origin.list,2026-10-03 22:55:36.724155+00:00
warrenmoneytrader.com,AVAILABILITY,origin.list,2026-10-03 22:55:37.028588+00:00
web-trackers.com,AVAILABILITY,origin.list,2026-10-03 22:55:37.830631+00:00
webinfo-ebank.com,AVAILABILITY,origin.list,2026-10-03 22:55:38.077000+00:00
webnapthegame.com,AVAILABILITY,origin.list,2026-10-03 22:55:38.996256+00:00
web-shopee-vn.com,AVAILABILITY,origin.list,2026-10-03 22:55:40.126254+00:00
vpbank.uudaikhachhang-chamsocthetructuyen.com.vn,AVAILABILITY,origin.list,2026-10-03 22:55:40.929142+00:00
vuimomo.fun,AVAILABILITY,origin.list,2026-10-03 22:55:41.259577+00:00
weblenhangiaivn.com,AVAILABILITY,origin.list,2026-10-03 22:55:41.947665+00:00
webtrianthang12.com,AVAILABILITY,origin.list,2026-10-03 22:55:42.363750+00:00
webbanklienthong247.com,AVAILABILITY,origin.list,2026-10-03 22:55:43.268239+00:00
webnapgame.com,AVAILABILITY,origin.list,2026-10-03 22:55:44.369840+00:00
webtuanlocvang123.com,AVAILABILITY,origin.list,2026-10-03 22:55:45.394988+00:00
vpbank.vn-cr.life,AVAILABILITY,origin.list,2026-10-03 22:55:49.026016+00:00
webxacnhankhoanvay24h.com,AVAILABILITY,origin.list,2026-10-03 22:55:50.106397+00:00
webxacnhankhoanvay247.com,AVAILABILITY,origin.list,2026-10-03 22:55:51.087931+00:00
wietcombank.com,AVAILABILITY,origin.list,2026-10-03 22:55:52.148689+00:00
vtipshop.today,AVAILABILITY,origin.list,2026-10-03 22:55:53.568922+00:00
westgarybank.com,AVAILABILITY,origin.list,2026-10-03 22:55:54.646249+00:00
vietcapital.vip,AVAILABILITY,origin.list,2026-10-03 22:55:55.584687+00:00
webtrianvangthang12.com,AVAILABILITY,origin.list,2026-10-03 22:55:55.855996+00:00
wviietcombank.com,AVAILABILITY,origin.list,2026-10-03 22:55:56.932113+00:00
vuimomo.vin,AVAILABILITY,origin.list,2026-10-03 22:55:57.321162+00:00
wvwiietcoombank.com,AVAILABILITY,origin.list,2026-10-03 22:55:58.066981+00:00
walmartva.icu,AVAILABILITY,origin.list,2026-10-03 22:55:58.878505+00:00
www-icloudid.com,AVAILABILITY,origin.list,2026-10-03 22:55:59.902762+00:00
webshopping.cc,AVAILABILITY,origin.list,2026-10-03 22:56:00.964536+00:00
vyrqhmdy.unbrws.de,AVAILABILITY,origin.list,2026-10-03 22:56:02.503460+00:00
vietnamaidfund.vip,AVAILABILITY,origin.list,2026-10-03 22:56:23.257369+00:00
wvvietcombank.com,AVAILABILITY,origin.list,2026-10-03 22:56:24.510770+00:00
wvietcombank.com,AVAILABILITY,origin.list,2026-10-03 22:56:25.519019+00:00
vietcapital-vn.vip,AVAILABILITY,origin.list,2026-10-03 22:56:26.782430+00:00
wefinexvietnam.xyz,AVAILABILITY,origin.list,2026-10-03 22:56:28.180098+00:00
www.333lotte.com,AVAILABILITY,origin.list,2026-10-03 22:56:29.325671+00:00
www.33lotte.com,AVAILABILITY,origin.list,2026-10-03 23:04:34.609263+00:00
www.555lotte.com,AVAILABILITY,origin.list,2026-10-03 23:04:36.099403+00:00
wkkug.vcbnw.de,AVAILABILITY,origin.list,2026-10-03 23:04:42.744010+00:00
www.66lotte.com,AVAILABILITY,origin.list,2026-10-03 23:04:44.048551+00:00
www.abb-vnbank.cc,AVAILABILITY,origin.list,2026-10-03 23:04:45.591596+00:00
www.666lotte.com,AVAILABILITY,origin.list,2026-10-03 23:04:46.734871+00:00
www.88lotte.com,AVAILABILITY,origin.list,2026-10-03 23:04:48.008357+00:00
www.999lotte.com,AVAILABILITY,origin.list,2026-10-03 23:04:49.188358+00:00
vietnamqsc.vip,AVAILABILITY,origin.list,2026-10-03 23:04:50.620305+00:00
www.888lotte.com,AVAILABILITY,origin.list,2026-10-03 23:04:51.763141+00:00
lazadaapp.shop,AVAILABILITY,origin.list,2026-10-03 23:05:03.687210+00:00
vietnamlud.vip,AVAILABILITY,origin.list,2026-10-03 23:05:03.734298+00:00
wvontgd.pqmg.bid,AVAILABILITY,origin.list,2026-10-03 23:05:04.904024+00:00
www.applestorevn.com,AVAILABILITY,origin.list,2026-10-03 23:05:04.964184+00:00
www.55lotte.com,AVAILABILITY,origin.list,2026-10-03 23:05:06.069245+00:00
www.checkaccff.com,AVAILABILITY,origin.list,2026-10-03 23:05:07.145933+00:00
vietnamtur.vip,AVAILABILITY,origin.list,2026-10-03 23:05:14.084332+00:00
www.99lotte.com,AVAILABILITY,origin.list,2026-10-03 23:05:15.282954+00:00
vongquaysukienff.top,AVAILABILITY,origin.list,2026-10-03 23:05:17.426623+00:00
vib-solution.shop,AVAILABILITY,origin.list,2026-10-03 23:05:25.494818+00:00
vuimomo.club,AVAILABILITY,origin.list,2026-10-03 23:05:29.149603+00:00
www.acs84.com,AVAILABILITY,origin.list,2026-10-03 23:05:30.333414+00:00
vib-up-the.shop,AVAILABILITY,origin.list,2026-10-03 23:05:31.004023+00:00
www.fccomvn.com,AVAILABILITY,origin.list,2026-10-03 23:05:31.576492+00:00
woorivn.online,AVAILABILITY,origin.list,2026-10-03 23:05:31.946857+00:00
www.hdsaison-hi.cc,AVAILABILITY,origin.list,2026-10-03 23:05:32.785136+00:00
www.e-commercesc.cc,AVAILABILITY,origin.list,2026-10-03 23:05:33.983528+00:00
wedvay.vn,AVAILABILITY,origin.list,2026-10-03 23:05:34.358561+00:00
word.emldn.com,AVAILABILITY,origin.list,2026-10-03 23:05:35.310782+00:00
www.hdsaison-vn.cc,AVAILABILITY,origin.list,2026-10-03 23:05:35.395946+00:00
www.hdsaison-com.cc,AVAILABILITY,origin.list,2026-10-03 23:05:36.573042+00:00
www.fmiphone-apple.com,AVAILABILITY,origin.list,2026-10-03 23:05:36.632620+00:00
www.dangnhaphoso.com,AVAILABILITY,origin.list,2026-10-03 23:05:37.925765+00:00
www.kingking79.com,AVAILABILITY,origin.list,2026-10-03 23:05:39.068696+00:00
www.jaccsc.com,AVAILABILITY,origin.list,2026-10-03 23:05:40.160145+00:00
www.hdsaisonvn.com,AVAILABILITY,origin.list,2026-10-03 23:05:41.507821+00:00
www.lotte3333.com,AVAILABILITY,origin.list,2026-10-03 23:05:42.687609+00:00
www.lotte333.com,AVAILABILITY,origin.list,2026-10-03 23:05:43.766912+00:00
www.lotte66.com,AVAILABILITY,origin.list,2026-10-03 23:05:45.129303+00:00
www.lottevn333.com,AVAILABILITY,origin.list,2026-10-03 23:05:46.192951+00:00
www.jaccsn.com,AVAILABILITY,origin.list,2026-10-03 23:05:47.370371+00:00
www.lottevn518.com,AVAILABILITY,origin.list,2026-10-03 23:05:48.562698+00:00
www.iazada.com,AVAILABILITY,origin.list,2026-10-03 23:05:49.649394+00:00
www.lottevn999.com,AVAILABILITY,origin.list,2026-10-03 23:05:50.929716+00:00
www.lottevn6666.com,AVAILABILITY,origin.list,2026-10-03 23:05:52.088899+00:00
www.lottevn888.com,AVAILABILITY,origin.list,2026-10-03 23:05:53.245823+00:00
www.seleeashopee.com,AVAILABILITY,origin.list,2026-10-03 23:05:54.426609+00:00
www.sgxcoin.net,AVAILABILITY,origin.list,2026-10-03 23:05:55.595817+00:00
www.naptheffx2.com,AVAILABILITY,origin.list,2026-10-03 23:05:56.755271+00:00
vietcombank.vn-jss.vip,AVAILABILITY,origin.list,2026-10-03 23:06:00.808399+00:00
www.shbfinanoe.com,AVAILABILITY,origin.list,2026-10-03 23:06:02.036512+00:00
vpbank.com.vn-hc.info,AVAILABILITY,origin.list,2026-10-03 23:06:06.445268+00:00
www.lottevn896.com,AVAILABILITY,origin.list,2026-10-03 23:06:07.617405+00:00
www.lottevn9999.com,AVAILABILITY,origin.list,2026-10-03 23:06:08.738830+00:00
shopvanduc.com,AVAILABILITY,origin.list,2026-10-03 23:06:08.919260+00:00
xacminh-taikhoan-garena.com,AVAILABILITY,origin.list,2026-10-03 23:06:09.849951+00:00
www.sc0mvn.com,AVAILABILITY,origin.list,2026-10-03 23:06:10.297796+00:00
www.tpbank84.com,AVAILABILITY,origin.list,2026-10-03 23:06:11.351060+00:00
www.shbfinan.com,AVAILABILITY,origin.list,2026-10-03 23:06:11.477083+00:00
vpbank.com.vn-rn.biz,AVAILABILITY,origin.list,2026-10-03 23:06:13.314466+00:00
www.shbfina.com,AVAILABILITY,origin.list,2026-10-03 23:06:19.488806+00:00
vietnampiu.vip,AVAILABILITY,origin.list,2026-10-03 23:06:19.890851+00:00
www.vcbdigeibonk.com,AVAILABILITY,origin.list,2026-10-03 23:06:20.772696+00:00
www.vibvay.com,AVAILABILITY,origin.list,2026-10-03 23:06:20.956162+00:00
www.vib84.com,AVAILABILITY,origin.list,2026-10-03 23:06:21.955708+00:00
www.shbfinans.com,AVAILABILITY,origin.list,2026-10-03 23:06:22.151896+00:00
xacnhankhoanvay.com,AVAILABILITY,origin.list,2026-10-03 23:06:22.978895+00:00
xacminhbank247.com,AVAILABILITY,origin.list,2026-10-03 23:06:23.046625+00:00
www.vibvayvn.com,AVAILABILITY,origin.list,2026-10-03 23:06:24.027707+00:00
xacnhankhoanvay247.com,AVAILABILITY,origin.list,2026-10-03 23:06:24.069581+00:00
xacminhgarenalienquan.com,AVAILABILITY,origin.list,2026-10-03 23:06:24.950901+00:00
www.vcbigdank.com,AVAILABILITY,origin.list,2026-10-03 23:06:25.249201+00:00
xacnhantaikhoannhanqua.com,AVAILABILITY,origin.list,2026-10-03 23:06:25.940795+00:00
www.vnsendo.net,AVAILABILITY,origin.list,2026-10-03 23:06:27.033284+00:00
www.vn-findmy.com,AVAILABILITY,origin.list,2026-10-03 23:06:28.127334+00:00
xacnhankhoanvay24h.com,AVAILABILITY,origin.list,2026-10-03 23:06:29.120612+00:00
xacnhankhoanvay999.com,AVAILABILITY,origin.list,2026-10-03 23:06:30.221476+00:00
xacnhankhoanvay86.com,AVAILABILITY,origin.list,2026-10-03 23:06:31.193327+00:00
xacnhanvay247.com,AVAILABILITY,origin.list,2026-10-03 23:06:32.238045+00:00
www.view-apple.com,AVAILABILITY,origin.list,2026-10-03 23:06:33.323678+00:00
www.shopeesop.com,AVAILABILITY,origin.list,2026-10-03 23:06:34.550812+00:00
xd152.com,AVAILABILITY,origin.list,2026-10-03 23:06:35.504617+00:00
xacthuctangqua.com,AVAILABILITY,origin.list,2026-10-03 23:06:36.522311+00:00
xprzkwzu.net,AVAILABILITY,origin.list,2026-10-03 23:06:37.601899+00:00
vietcombank.vn-dll.vip,AVAILABILITY,origin.list,2026-10-03 23:06:38.317859+00:00
xacminhtaikhoan-garena-vn.xyz,AVAILABILITY,origin.list,2026-10-03 23:06:39.003422+00:00
xskttd5d.com,AVAILABILITY,origin.list,2026-10-03 23:06:40.043189+00:00
www.vpbank.chamsockhachhang-uudai-the-truc-tuyen.online,AVAILABILITY,origin.list,2026-10-03 23:06:40.994107+00:00
xn--shptruongstar-4w2g.com,AVAILABILITY,origin.list,2026-10-03 23:06:41.997278+00:00
www.thanhtrapcrt.online,AVAILABILITY,origin.list,2026-10-03 23:06:43.001297+00:00
vingroupventures.shop,AVAILABILITY,origin.list,2026-10-03 23:06:50.751632+00:00
xtramannchinhhang.com,AVAILABILITY,origin.list,2026-10-03 23:06:51.758484+00:00
vietnamtsm.vip,AVAILABILITY,origin.list,2026-10-03 23:06:54.118988+00:00
xtb111.com,AVAILABILITY,origin.list,2026-10-03 23:06:55.063211+00:00
ymx33.com,AVAILABILITY,origin.list,2026-10-03 23:06:56.076864+00:00
vn-lienket.shop,AVAILABILITY,origin.list,2026-10-03 23:07:05.211310+00:00
vietnamlo.vip,AVAILABILITY,origin.list,2026-10-03 23:07:08.227452+00:00
vpbank.com.vn-uz.info,AVAILABILITY,origin.list,2026-10-03 23:07:08.660702+00:00
www.tinchapshinhan.online,AVAILABILITY,origin.list,2026-10-03 23:07:09.245157+00:00
xuanlienquan.com,AVAILABILITY,origin.list,2026-10-03 23:07:09.626995+00:00
xakhogiovanga92.com,AVAILABILITY,origin.list,2026-10-03 23:07:10.224408+00:00
zmomo.cc,AVAILABILITY,origin.list,2026-10-03 23:07:10.930953+00:00
www.vpbank.chamsockhachhang-uudaithecanhan-tructuyen.online,AVAILABILITY,origin.list,2026-10-03 23:07:11.999897+00:00
zeroshop.cc,AVAILABILITY,origin.list,2026-10-03 23:07:12.955537+00:00
xakhohangtrungbay.site,AVAILABILITY,origin.list,2026-10-03 23:07:14.041915+00:00
xacnhan.vn,AVAILABILITY,origin.list,2026-10-03 23:07:15.901872+00:00
vietnamuyt.vip,AVAILABILITY,origin.list,2026-10-03 23:07:30.395086+00:00
zsmhlv.zgbv.tech,AVAILABILITY,origin.list,2026-10-03 23:07:31.354173+00:00
zvietcombank.com,AVAILABILITY,origin.list,2026-10-03 23:07:32.339851+00:00
xiaomivietnam.xyz,AVAILABILITY,origin.list,2026-10-03 23:07:33.671006+00:00
vietnamhds.vip,AVAILABILITY,origin.list,2026-10-03 23:07:34.101794+00:00
cardshinhan.com,AVAILABILITY,origin.list,2026-10-03 23:07:34.779435+00:00
yunduofei.xyz,AVAILABILITY,origin.list,2026-10-03 23:07:35.366122+00:00
znavidsde.cfd,AVAILABILITY,origin.list,2026-10-03 23:07:36.095410+00:00
vayngay88.online,AVAILABILITY,origin.list,2026-10-03 23:07:36.374422+00:00
mcnodes.zapto.org,AVAILABILITY,origin.list,2026-10-03 23:07:37.042350+00:00
zvay.online,AVAILABILITY,origin.list,2026-10-03 23:07:37.302620+00:00
yl0sj9.cyou,AVAILABILITY,origin.list,2026-10-03 23:07:38.579047+00:00
xn--shoptienzombe-mw2g.vn,AVAILABILITY,origin.list,2026-10-03 23:07:39.261819+00:00
zywjpypco.7hujk.de,AVAILABILITY,origin.list,2026-10-03 23:07:40.101497+00:00
rest.redirectme.net,AVAILABILITY,origin.list,2026-10-03 23:07:40.962627+00:00
xn--napth-351b.vn,AVAILABILITY,origin.list,2026-10-03 23:07:41.274479+00:00
continue.dasboard935-account.com,AVAILABILITY,origin.list,2026-10-03 23:07:42.335402+00:00
zkika.okyla.de,AVAILABILITY,origin.list,2026-10-03 23:07:43.954441+00:00
techcombank.ngan-hang.net,AVAILABILITY,origin.list,2026-10-03 23:07:44.976534+00:00
vaytienonline.click,AVAILABILITY,origin.list,2026-10-03 23:07:46.087104+00:00
aaeeonmart.com,AVAILABILITY,origin.list,2026-10-03 23:07:47.116051+00:00
vietnamqqa.vip,AVAILABILITY,origin.list,2026-10-03 23:08:08.192311+00:00
vietnamuic.vip,AVAILABILITY,origin.list,2026-10-03 23:08:08.224189+00:00
vn-lk.shop,AVAILABILITY,origin.list,2026-10-03 23:08:21.686574+00:00
vietnamraa.vip,AVAILABILITY,origin.list,2026-10-03 23:08:26.342343+00:00
xn--shopmllutv-cx3e.vn,AVAILABILITY,origin.list,2026-10-03 23:08:28.667276+00:00
ruttiendaohan.com,AVAILABILITY,origin.list,2026-10-03 23:08:29.660966+00:00
shopkelly.net,AVAILABILITY,origin.list,2026-10-03 23:08:30.524984+00:00
fc.adswt.com,AVAILABILITY,origin.list,2026-10-03 23:08:31.638328+00:00
vipoasis.shop,AVAILABILITY,origin.list,2026-10-03 23:09:07.554850+00:00
www.vieclamlazada.com.vn,AVAILABILITY,origin.list,2026-10-03 23:09:17.059362+00:00
shopacclienminh.vn,AVAILABILITY,origin.list,2026-10-03 23:09:17.398289+00:00
xacmjnhtaikhoanvn.ga,AVAILABILITY,origin.list,2026-10-03 23:09:23.930442+00:00
ansfrxyr.tmska.de,AVAILABILITY,origin.list,2026-10-03 23:09:30.661287+00:00
zloweb.me,AVAILABILITY,origin.list,2026-10-03 23:09:38.418058+00:00
mail.adswt.com,AVAILABILITY,origin.list,2026-10-03 23:09:44.598033+00:00
009855.com,AVAILABILITY,origin.list,2026-10-03 23:09:51.113412+00:00
vietnamxcm.vip,AVAILABILITY,origin.list,2026-10-03 23:09:51.588263+00:00
shoplienquanmienphi.com,AVAILABILITY,origin.list,2026-10-03 23:09:57.103912+00:00
www.vn-scl.life,AVAILABILITY,origin.list,2026-10-03 23:09:58.890239+00:00
feacbookk.com,AVAILABILITY,origin.list,2026-10-03 23:10:03.097156+00:00
0088shop.com,AVAILABILITY,origin.list,2026-10-03 23:10:04.887980+00:00
11promax.xakhohangtrungbay.site,AVAILABILITY,origin.list,2026-10-03 23:10:10.888972+00:00
yk37wagdg.life,AVAILABILITY,origin.list,2026-10-03 23:10:11.235883+00:00
11tiki.com,AVAILABILITY,origin.list,2026-10-03 23:10:17.042565+00:00
123-vay.com,AVAILABILITY,origin.list,2026-10-03 23:10:17.222630+00:00
1582020.com,AVAILABILITY,origin.list,2026-10-03 23:10:23.156313+00:00
1516shop.com,AVAILABILITY,origin.list,2026-10-03 23:10:23.244402+00:00
xiaosdg.top,AVAILABILITY,origin.list,2026-10-03 23:10:30.115881+00:00
zla653.top,AVAILABILITY,origin.list,2026-10-03 23:10:30.199506+00:00
0fb.co,AVAILABILITY,origin.list,2026-10-03 23:10:36.242402+00:00
www.baovietvc.top,AVAILABILITY,origin.list,2026-10-03 23:10:37.760082+00:00
yeumomo.me,AVAILABILITY,origin.list,2026-10-03 23:10:45.145339+00:00
vietnams.vip,AVAILABILITY,origin.list,2026-10-03 23:10:46.430698+00:00
24-7-vidientu.com,AVAILABILITY,origin.list,2026-10-03 23:10:51.227868+00:00
1583030.com,AVAILABILITY,origin.list,2026-10-03 23:10:52.645880+00:00
247-banking.com,AVAILABILITY,origin.list,2026-10-03 23:10:57.182664+00:00
247-vidientu.com,AVAILABILITY,origin.list,2026-10-03 23:10:58.897350+00:00
247-napas.com,AVAILABILITY,origin.list,2026-10-03 23:11:03.173811+00:00
247-bankings.com,AVAILABILITY,origin.list,2026-10-03 23:11:04.925576+00:00
247bank-ing.com,AVAILABILITY,origin.list,2026-10-03 23:11:09.254855+00:00
xosomomo.me,AVAILABILITY,origin.list,2026-10-03 23:11:13.054560+00:00
247appbank.com,AVAILABILITY,origin.list,2026-10-03 23:11:15.461639+00:00
zingmp3.pro,AVAILABILITY,origin.list,2026-10-03 23:11:21.479390+00:00
247napas.com,AVAILABILITY,origin.list,2026-10-03 23:11:21.503653+00:00
2phutkiemtien.com,AVAILABILITY,origin.list,2026-10-03 23:11:27.503372+00:00
247vi-bank.com,AVAILABILITY,origin.list,2026-10-03 23:11:27.553198+00:00
555shopify.com,AVAILABILITY,origin.list,2026-10-03 23:11:33.493059+00:00
333lotte.com,AVAILABILITY,origin.list,2026-10-03 23:11:33.608273+00:00
vimomo.vip,AVAILABILITY,origin.list,2026-10-03 23:11:55.914867+00:00
vn-ebayn.vip,AVAILABILITY,origin.list,2026-10-03 23:11:59.012833+00:00
555lotte.com,AVAILABILITY,origin.list,2026-10-03 23:12:02.006524+00:00
55lotte.com,AVAILABILITY,origin.list,2026-10-03 23:12:05.069609+00:00
558-558-559.com,AVAILABILITY,origin.list,2026-10-03 23:12:08.124846+00:00
666lotte.com,AVAILABILITY,origin.list,2026-10-03 23:12:11.048822+00:00
helpdesk.fxnxs.com,AVAILABILITY,origin.list,2026-10-03 23:12:14.401384+00:00
66lotte.com,AVAILABILITY,origin.list,2026-10-03 23:12:20.431890+00:00
24plexus.com,AVAILABILITY,origin.list,2026-10-03 23:12:21.964618+00:00
5namlienquan-giftcode.com,AVAILABILITY,origin.list,2026-10-03 23:12:26.536844+00:00
zla963.top,AVAILABILITY,origin.list,2026-10-03 23:12:28.382023+00:00
5giay.cc,AVAILABILITY,origin.list,2026-10-03 23:12:32.629889+00:00
123hmdhjg2.dyndns.org,AVAILABILITY,origin.list,2026-10-03 23:12:34.327322+00:00
6788vn.com,AVAILABILITY,origin.list,2026-10-03 23:12:38.623775+00:00
113-bca.online,AVAILABILITY,origin.list,2026-10-03 23:12:40.351047+00:00
www.bao-moi.pro,AVAILABILITY,origin.list,2026-10-03 23:12:53.373008+00:00
0fb.ltd,AVAILABILITY,origin.list,2026-10-03 23:13:01.021485+00:00
1is7m7.cyou,AVAILABILITY,origin.list,2026-10-03 23:13:07.516613+00:00
vietnamttt.vip,AVAILABILITY,origin.list,2026-10-03 23:13:08.752978+00:00
999lotte.com,AVAILABILITY,origin.list,2026-10-03 23:13:13.668122+00:00
duqzmnhq.muzazalo.me,AVAILABILITY,origin.list,2026-10-03 23:13:16.032062+00:00
9smomo.com,AVAILABILITY,origin.list,2026-10-03 23:13:19.772217+00:00
88lotte.com,AVAILABILITY,origin.list,2026-10-03 23:13:22.100188+00:00
456vdghgj30.dyndns.org,AVAILABILITY,origin.list,2026-10-03 23:13:25.933966+00:00
99lotte.com,AVAILABILITY,origin.list,2026-10-03 23:13:28.535770+00:00
abbabbbank.com,AVAILABILITY,origin.list,2026-10-03 23:13:32.038203+00:00
84mua.com,AVAILABILITY,origin.list,2026-10-03 23:13:34.648256+00:00
888lotte.com,AVAILABILITY,origin.list,2026-10-03 23:13:38.259915+00:00
abbankpro.com,AVAILABILITY,origin.list,2026-10-03 23:13:40.863036+00:00
a.viethu.com,AVAILABILITY,origin.list,2026-10-03 23:13:44.344097+00:00
abb-vnbank.cc,AVAILABILITY,origin.list,2026-10-03 23:13:46.882729+00:00
dns-log.d-n-s.org.uk,AVAILABILITY,origin.list,2026-10-03 23:13:50.818048+00:00
abbankvn.com,AVAILABILITY,origin.list,2026-10-03 23:13:52.993176+00:00
abbankquick.com,AVAILABILITY,origin.list,2026-10-03 23:13:56.884158+00:00
abutparker.com,AVAILABILITY,origin.list,2026-10-03 23:13:59.312849+00:00
abc8-vay.com,AVAILABILITY,origin.list,2026-10-03 23:14:02.962455+00:00
abfishop.com,AVAILABILITY,origin.list,2026-10-03 23:14:05.439301+00:00
671djn.cyou,AVAILABILITY,origin.list,2026-10-03 23:14:09.492043+00:00
acb.chamsocthe-uudaikhachhang.online,AVAILABILITY,origin.list,2026-10-03 23:14:11.455353+00:00
50gb034.xyz,AVAILABILITY,origin.list,2026-10-03 23:14:15.810465+00:00
acb.chamsocthe-uudaikhachhang-tructuyen.com,AVAILABILITY,origin.list,2026-10-03 23:14:17.514457+00:00
acb.uudaikhachhang-chamsocthetructuyen.com,AVAILABILITY,origin.list,2026-10-03 23:14:21.902104+00:00
acb.vn-vp.xyz,AVAILABILITY,origin.list,2026-10-03 23:14:23.698210+00:00
acb.chamsockhachhang-uudaithetructuyen-thang8.online,AVAILABILITY,origin.list,2026-10-03 23:14:29.865636+00:00
wutienitme247.info,AVAILABILITY,origin.list,2026-10-03 23:14:31.250642+00:00
acb.vn-cl.xyz,AVAILABILITY,origin.list,2026-10-03 23:14:36.023336+00:00
acb.vn-banks.xyz,AVAILABILITY,origin.list,2026-10-03 23:14:37.393591+00:00
8dt0a8.cyou,AVAILABILITY,origin.list,2026-10-03 23:14:42.512018+00:00
acbvnliin.com,AVAILABILITY,origin.list,2026-10-03 23:14:43.470623+00:00
acclienquan365.com,AVAILABILITY,origin.list,2026-10-03 23:14:48.579444+00:00
acs84.com,AVAILABILITY,origin.list,2026-10-03 23:14:49.495840+00:00
8zse5d.cyou,AVAILABILITY,origin.list,2026-10-03 23:14:54.968616+00:00
acbvnlin.com,AVAILABILITY,origin.list,2026-10-03 23:14:55.582178+00:00
acb.vn-c.xyz,AVAILABILITY,origin.list,2026-10-03 23:15:01.212131+00:00
adef77.com,AVAILABILITY,origin.list,2026-10-03 23:15:07.256654+00:00
zutube.pro,AVAILABILITY,origin.list,2026-10-03 23:15:09.249808+00:00
adef22.com,AVAILABILITY,origin.list,2026-10-03 23:15:13.309620+00:00
addatamarket.net,AVAILABILITY,origin.list,2026-10-03 23:15:15.346499+00:00
vn-kn.vip,AVAILABILITY,origin.list,2026-10-03 23:15:31.503596+00:00
adef66.com,AVAILABILITY,origin.list,2026-10-03 23:15:37.598857+00:00
vietnamurd.vip,AVAILABILITY,origin.list,2026-10-03 23:15:39.456599+00:00
admin-vayvonvietthanh.com,AVAILABILITY,origin.list,2026-10-03 23:15:43.560900+00:00
9g5lm9.cyou,AVAILABILITY,origin.list,2026-10-03 23:15:45.799728+00:00
aeeonmaill.com,AVAILABILITY,origin.list,2026-10-03 23:15:49.678056+00:00
acbbank.xyz,AVAILABILITY,origin.list,2026-10-03 23:15:52.245871+00:00
a666.vn,AVAILABILITY,origin.list,2026-10-03 23:15:56.374793+00:00
aets99.com,AVAILABILITY,origin.list,2026-10-03 23:15:58.213181+00:00
aeshopvn.com,AVAILABILITY,origin.list,2026-10-03 23:16:02.496208+00:00
adkiemtien123.click,AVAILABILITY,origin.list,2026-10-03 23:16:04.379268+00:00
2quality.de,AVAILABILITY,origin.list,2026-10-03 23:16:09.499342+00:00
aeeonmart.com,AVAILABILITY,origin.list,2026-10-03 23:16:10.436950+00:00
aeoonmail.com,AVAILABILITY,origin.list,2026-10-03 23:16:15.568806+00:00
acb.chamsockhachhang-the-tructuyen-thang9.com.vn,AVAILABILITY,origin.list,2026-10-03 23:16:17.631440+00:00
ahoravideo-cdn.com,AVAILABILITY,origin.list,2026-10-03 23:16:21.751031+00:00
acb.chamsockhachhang-uudai-tructuyen-thang10.com.vn,AVAILABILITY,origin.list,2026-10-03 23:16:25.624970+00:00
agrib-vn.com,AVAILABILITY,origin.list,2026-10-03 23:16:27.833898+00:00
aets22.com,AVAILABILITY,origin.list,2026-10-03 23:16:32.009421+00:00
wetrayn.top,AVAILABILITY,origin.list,2026-10-03 23:16:38.773670+00:00
alovay24h.com,AVAILABILITY,origin.list,2026-10-03 23:16:44.798689+00:00
alibabavnn.com,AVAILABILITY,origin.list,2026-10-03 23:16:50.779590+00:00
acb.chamsocthe-uudaitructuyen.com.vn,AVAILABILITY,origin.list,2026-10-03 23:16:59.033297+00:00
vietsovpetro.vip,AVAILABILITY,origin.list,2026-10-03 23:17:03.963912+00:00
agribank.dangkyungtuyen.com,AVAILABILITY,origin.list,2026-10-03 23:24:57.747799+00:00
acb.chamsockhachhang-uudaithetructuyen-thang10.com.vn,AVAILABILITY,origin.list,2026-10-03 23:24:58.650949+00:00
acb.chamsocthekhachhang-tructuyen-thang8.com.vn,AVAILABILITY,origin.list,2026-10-03 23:25:04.408354+00:00
alicshop.com,AVAILABILITY,origin.list,2026-10-03 23:25:04.437977+00:00
amazoni2.com,AVAILABILITY,origin.list,2026-10-03 23:25:10.240907+00:00
acb.uudaikhachhang-tructuyen-the.com.vn,AVAILABILITY,origin.list,2026-10-03 23:25:10.988782+00:00
amazon.amazonptj.com,AVAILABILITY,origin.list,2026-10-03 23:25:15.937443+00:00
acb.chamsocthe-uudaikhachhang-thang10.com.vn,AVAILABILITY,origin.list,2026-10-03 23:25:17.924281+00:00
amazonl3.com,AVAILABILITY,origin.list,2026-10-03 23:25:21.863025+00:00
acclienquan24h.vn,AVAILABILITY,origin.list,2026-10-03 23:25:28.095990+00:00
amazonl4.com,AVAILABILITY,origin.list,2026-10-03 23:25:33.692854+00:00
vn-dangky.shop,AVAILABILITY,origin.list,2026-10-03 23:25:37.153226+00:00
adsharedwi897th.cfd,AVAILABILITY,origin.list,2026-10-03 23:25:39.719139+00:00
acb.chamsocthe-uudai-tructuyen-thang10.com.vn,AVAILABILITY,origin.list,2026-10-03 23:25:44.157580+00:00
amatvip36sc.cc,AVAILABILITY,origin.list,2026-10-03 23:25:45.628260+00:00
amazonl0.com,AVAILABILITY,origin.list,2026-10-03 23:25:49.800047+00:00
amqa11.com,AVAILABILITY,origin.list,2026-10-03 23:25:51.397175+00:00
alibabavip.xyz,AVAILABILITY,origin.list,2026-10-03 23:25:55.709101+00:00
amazonxk.com,AVAILABILITY,origin.list,2026-10-03 23:25:57.098566+00:00
ahthegha.cfd,AVAILABILITY,origin.list,2026-10-03 23:26:01.390425+00:00
amg187098.com,AVAILABILITY,origin.list,2026-10-03 23:26:02.771560+00:00
and4.junglebeariwtc4.com,AVAILABILITY,origin.list,2026-10-03 23:26:08.413620+00:00
agribanks.space,AVAILABILITY,origin.list,2026-10-03 23:26:14.113113+00:00
vn-email.shop,AVAILABILITY,origin.list,2026-10-03 23:26:19.516648+00:00
amg133180.com,AVAILABILITY,origin.list,2026-10-03 23:26:19.782061+00:00
amg187208.com,AVAILABILITY,origin.list,2026-10-03 23:26:25.232118+00:00
anzvn.net,AVAILABILITY,origin.list,2026-10-03 23:26:25.563697+00:00
almofmultiple.cfd,AVAILABILITY,origin.list,2026-10-03 23:26:31.073986+00:00
anstv.net,AVAILABILITY,origin.list,2026-10-03 23:26:31.396921+00:00
acb.hotrokhachhang-uudai-tructuyen.com.vn,AVAILABILITY,origin.list,2026-10-03 23:26:36.986422+00:00
app.mybigc.net,AVAILABILITY,origin.list,2026-10-03 23:26:37.163276+00:00
anceovarec.cfd,AVAILABILITY,origin.list,2026-10-03 23:26:42.735986+00:00
acb.uudaikhachhangthe-tructuyen-thang9.com.vn,AVAILABILITY,origin.list,2026-10-03 23:26:44.014624+00:00
acb.vn-ol.top,AVAILABILITY,origin.list,2026-10-03 23:26:50.148408+00:00
amazoul.xyz,AVAILABILITY,origin.list,2026-10-03 23:26:55.887473+00:00
vn-nhanqua.shop,AVAILABILITY,origin.list,2026-10-03 23:27:01.713859+00:00
acb.uudauthekhachhanh-tructuyen-thang10.com.vn,AVAILABILITY,origin.list,2026-10-03 23:27:02.503764+00:00
api.simpletra.com,AVAILABILITY,origin.list,2026-10-03 23:27:07.573233+00:00
amazoul.site,AVAILABILITY,origin.list,2026-10-03 23:27:08.178412+00:00
ans7tv.net,AVAILABILITY,origin.list,2026-10-03 23:27:13.237771+00:00
hzmksreiuojy.ru,AVAILABILITY,origin.list,2026-10-03 23:27:21.643880+00:00
xtgfujmknprb.ru,AVAILABILITY,origin.list,2026-10-03 23:27:29.374729+00:00
vn-dll.vip,AVAILABILITY,origin.list,2026-10-03 23:27:32.675761+00:00
applecare-icloud.com,AVAILABILITY,origin.list,2026-10-03 23:27:35.155878+00:00
apxsoftwares.com,AVAILABILITY,origin.list,2026-10-03 23:27:38.574749+00:00
applestorevn.com,AVAILABILITY,origin.list,2026-10-03 23:27:40.756108+00:00
andslideasco.cfd,AVAILABILITY,origin.list,2026-10-03 23:27:44.551734+00:00
app.amazon-line.com,AVAILABILITY,origin.list,2026-10-03 23:27:46.585285+00:00
aquank.com,AVAILABILITY,origin.list,2026-10-03 23:27:50.533392+00:00
asiabayshop.com,AVAILABILITY,origin.list,2026-10-03 23:27:52.368088+00:00
ani453las.cfd,AVAILABILITY,origin.list,2026-10-03 23:27:56.395109+00:00
andelect.cfd,AVAILABILITY,origin.list,2026-10-03 23:27:58.136369+00:00
aquagoat.xyz,AVAILABILITY,origin.list,2026-10-03 23:28:02.310480+00:00
anwasthere.cfd,AVAILABILITY,origin.list,2026-10-03 23:28:04.158918+00:00
shopacgame24h.com,AVAILABILITY,origin.list,2026-10-03 23:28:08.328688+00:00
www.vn-ub.info,AVAILABILITY,origin.list,2026-10-03 23:28:12.267038+00:00
apphdbank.fun,AVAILABILITY,origin.list,2026-10-03 23:28:14.208613+00:00
aptersandt.cfd,AVAILABILITY,origin.list,2026-10-03 23:28:17.998827+00:00
dadw11.com,AVAILABILITY,origin.list,2026-10-03 23:28:19.842500+00:00
vietnamvisa-info.com,AVAILABILITY,origin.list,2026-10-03 23:28:23.794072+00:00
fecabooke.com,AVAILABILITY,origin.list,2026-10-03 23:28:25.557374+00:00
vietmobile.net,AVAILABILITY,origin.list,2026-10-03 23:28:29.403367+00:00
123vay.top,AVAILABILITY,origin.list,2026-10-03 23:28:31.926835+00:00
appvaytien.vn,AVAILABILITY,origin.list,2026-10-03 23:28:35.722584+00:00
napkimcuongx10.com,AVAILABILITY,origin.list,2026-10-03 23:28:37.618210+00:00
kiemduyetvien.cc,AVAILABILITY,origin.list,2026-10-03 23:28:41.704915+00:00
aliexshop.top,AVAILABILITY,origin.list,2026-10-03 23:28:43.743086+00:00
agribanking.com.vn,AVAILABILITY,origin.list,2026-10-03 23:28:48.308130+00:00
vietcombank.top,AVAILABILITY,origin.list,2026-10-03 23:28:49.891611+00:00
bsoabpxfs.njasu.de,AVAILABILITY,origin.list,2026-10-03 23:28:54.118551+00:00
amajwzon456.top,AVAILABILITY,origin.list,2026-10-03 23:28:56.390386+00:00
udavsofi.dvfrz.de,AVAILABILITY,origin.list,2026-10-03 23:28:59.775709+00:00
fecabookk.com,AVAILABILITY,origin.list,2026-10-03 23:29:02.182273+00:00
aiagjgqz.njasu.de,AVAILABILITY,origin.list,2026-10-03 23:29:05.638911+00:00
abc-vay.com,AVAILABILITY,origin.list,2026-10-03 23:29:07.861818+00:00
ebank.wmxba.com,AVAILABILITY,origin.list,2026-10-03 23:29:11.337176+00:00
ama-zmart.top,AVAILABILITY,origin.list,2026-10-03 23:29:14.572072+00:00
shopducmomtiktok.com,AVAILABILITY,origin.list,2026-10-03 23:29:16.974294+00:00
getintopc.digital,AVAILABILITY,origin.list,2026-10-03 23:29:21.383048+00:00
vongquaymienphi.net,AVAILABILITY,origin.list,2026-10-03 23:29:27.203618+00:00
cooknove.com,AVAILABILITY,origin.list,2026-10-03 23:29:32.920382+00:00
aliexshop.life,AVAILABILITY,origin.list,2026-10-03 23:29:41.533446+00:00
www.abc-vay.com,AVAILABILITY,origin.list,2026-10-03 23:29:47.293387+00:00
vn-tiki.vip,AVAILABILITY,origin.list,2026-10-03 23:29:49.947373+00:00
shopgamelienminh.com,AVAILABILITY,origin.list,2026-10-03 23:29:52.997267+00:00
napkc1s.com,AVAILABILITY,origin.list,2026-10-03 23:29:58.731446+00:00
vn-mall.shop,AVAILABILITY,origin.list,2026-10-03 23:30:03.940188+00:00
amazonbig.asia,AVAILABILITY,origin.list,2026-10-03 23:30:07.894897+00:00
anbinh-finance.club,AVAILABILITY,origin.list,2026-10-03 23:30:12.720188+00:00
www.vongquaymienphi.net,AVAILABILITY,origin.list,2026-10-03 23:30:13.650747+00:00
phanmemchuyennghiep.net,AVAILABILITY,origin.list,2026-10-03 23:30:18.405419+00:00
rrvay.com,AVAILABILITY,origin.list,2026-10-03 23:30:19.385034+00:00
gareena.vn,AVAILABILITY,origin.list,2026-10-03 23:30:26.229060+00:00
1cash.info,AVAILABILITY,origin.list,2026-10-03 23:30:28.341756+00:00
xn--wvvw-icoud-rw3e.com,AVAILABILITY,origin.list,2026-10-03 23:30:31.876165+00:00
fstmoney.xyz,AVAILABILITY,origin.list,2026-10-03 23:30:34.331097+00:00
napthevalorant.com,AVAILABILITY,origin.list,2026-10-03 23:30:37.556594+00:00
advanced-ip-sccanner.com,AVAILABILITY,origin.list,2026-10-03 23:30:40.023111+00:00
app.zingmp3.pro,AVAILABILITY,origin.list,2026-10-03 23:30:45.202970+00:00
napthegame24h.com,AVAILABILITY,origin.list,2026-10-03 23:30:45.695167+00:00
asian-tindung.com,AVAILABILITY,origin.list,2026-10-03 23:30:50.935065+00:00
samcenter-vn.com,AVAILABILITY,origin.list,2026-10-03 23:30:56.546771+00:00
vg99.co,AVAILABILITY,origin.list,2026-10-03 23:31:02.159502+00:00
atqa11.com,AVAILABILITY,origin.list,2026-10-03 23:31:07.875111+00:00
vn-jss.vip,AVAILABILITY,origin.list,2026-10-03 23:31:09.523143+00:00
auth.bitdefenderupdate.com,AVAILABILITY,origin.list,2026-10-03 23:31:13.502079+00:00
975.vn,AVAILABILITY,origin.list,2026-10-03 23:31:15.583902+00:00
awae-shop.com,AVAILABILITY,origin.list,2026-10-03 23:31:19.180505+00:00
xacnhansever1.freevnn.com,AVAILABILITY,origin.list,2026-10-03 23:31:25.326695+00:00
allcrackhere.info,AVAILABILITY,origin.list,2026-10-03 23:31:27.304574+00:00
www.samcenter-vn.com,AVAILABILITY,origin.list,2026-10-03 23:31:31.083892+00:00
asiashop999.com,AVAILABILITY,origin.list,2026-10-03 23:31:33.073627+00:00
asiashop666.com,AVAILABILITY,origin.list,2026-10-03 23:31:36.897753+00:00
bachhoaxanhh.com,AVAILABILITY,origin.list,2026-10-03 23:31:38.706171+00:00
avietcombank.com,AVAILABILITY,origin.list,2026-10-03 23:31:42.753105+00:00
banking24-7.com,AVAILABILITY,origin.list,2026-10-03 23:31:44.582170+00:00
bankvn1s.com,AVAILABILITY,origin.list,2026-10-03 23:31:48.528316+00:00
bank86.net,AVAILABILITY,origin.list,2026-10-03 23:31:50.352652+00:00
banklienthong247.com,AVAILABILITY,origin.list,2026-10-03 23:31:56.024858+00:00
bankingbnl.com,AVAILABILITY,origin.list,2026-10-03 23:32:01.883705+00:00
vn-in.shop,AVAILABILITY,origin.list,2026-10-03 23:32:03.577496+00:00
tinnong.info,AVAILABILITY,origin.list,2026-10-03 23:32:07.783346+00:00
baomoivn.net,AVAILABILITY,origin.list,2026-10-03 23:32:13.488888+00:00
idmfullcrack.info,AVAILABILITY,origin.list,2026-10-03 23:32:22.009318+00:00
vn999mall.vip,AVAILABILITY,origin.list,2026-10-03 23:32:22.354404+00:00
agpchrgue.mrhw.de,AVAILABILITY,origin.list,2026-10-03 23:32:27.671580+00:00
baohanhdienmayxanhvn.com,AVAILABILITY,origin.list,2026-10-03 23:32:28.133282+00:00
baotienphong.net,AVAILABILITY,origin.list,2026-10-03 23:32:33.573830+00:00
westernbank.vn,AVAILABILITY,origin.list,2026-10-03 23:32:34.474848+00:00
baohiemxahoi.vnagov.com,AVAILABILITY,origin.list,2026-10-03 23:32:39.261767+00:00
baotrixanhvn.com,AVAILABILITY,origin.list,2026-10-03 23:32:40.149492+00:00
baosaoviet24h.net,AVAILABILITY,origin.list,2026-10-03 23:32:44.928229+00:00
bbankpower.com,AVAILABILITY,origin.list,2026-10-03 23:32:46.029087+00:00
baoviet-vn.cc,AVAILABILITY,origin.list,2026-10-03 23:32:51.998791+00:00
xjpakmdcfuqe.ru,AVAILABILITY,origin.list,2026-10-03 23:32:52.467164+00:00
beoneviet.com,AVAILABILITY,origin.list,2026-10-03 23:32:57.762664+00:00
bilinkexchang.com,AVAILABILITY,origin.list,2026-10-03 23:32:58.451558+00:00
banktopvn.online,AVAILABILITY,origin.list,2026-10-03 23:33:03.447084+00:00
bideo-schnellvpn.com,AVAILABILITY,origin.list,2026-10-03 23:33:04.129452+00:00
bitsbankuk.com,AVAILABILITY,origin.list,2026-10-03 23:33:09.084013+00:00
bgtib222.com,AVAILABILITY,origin.list,2026-10-03 23:33:09.808920+00:00
bitrueexchange.com,AVAILABILITY,origin.list,2026-10-03 23:33:14.725985+00:00
bitbank6699.com,AVAILABILITY,origin.list,2026-10-03 23:33:15.507624+00:00
bkm-mallorca.com,AVAILABILITY,origin.list,2026-10-03 23:33:20.538118+00:00
bm3536.com,AVAILABILITY,origin.list,2026-10-03 23:33:21.144463+00:00
ateofakist.cfd,AVAILABILITY,origin.list,2026-10-03 23:33:26.350977+00:00
atyphy.cyou,AVAILABILITY,origin.list,2026-10-03 23:33:27.161918+00:00
bmoney2017.com,AVAILABILITY,origin.list,2026-10-03 23:33:31.966427+00:00
bm1717.com,AVAILABILITY,origin.list,2026-10-03 23:33:32.793554+00:00
ca-nhan-vpb.com,AVAILABILITY,origin.list,2026-10-03 23:33:37.702396+00:00
bluvenie.com,AVAILABILITY,origin.list,2026-10-03 23:33:38.461404+00:00
canhantpb.com,AVAILABILITY,origin.list,2026-10-03 23:33:43.333982+00:00
bvietcombank.com,AVAILABILITY,origin.list,2026-10-03 23:33:44.210370+00:00
bitcoinship.net,AVAILABILITY,origin.list,2026-10-03 23:33:49.149004+00:00
barbecueappledos.pw,AVAILABILITY,origin.list,2026-10-03 23:33:49.972440+00:00
bxrtxfr.xyz,AVAILABILITY,origin.list,2026-10-03 23:33:54.977003+00:00
canvayvon.net,AVAILABILITY,origin.list,2026-10-03 23:33:55.644918+00:00
canhanshinhan.com,AVAILABILITY,origin.list,2026-10-03 23:34:00.867830+00:00
buontien247.fun,AVAILABILITY,origin.list,2026-10-03 23:34:01.447751+00:00
card-tindung-vp.com,AVAILABILITY,origin.list,2026-10-03 23:34:06.566256+00:00
casneon.com,AVAILABILITY,origin.list,2026-10-03 23:34:12.223180+00:00
cct-giaohangtietkiem.com,AVAILABILITY,origin.list,2026-10-03 23:34:17.949054+00:00
card-tindung.com,AVAILABILITY,origin.list,2026-10-03 23:34:23.644143+00:00
vnshopee.vip,AVAILABILITY,origin.list,2026-10-03 23:34:27.217816+00:00
cathe-tindung247mpos.com,AVAILABILITY,origin.list,2026-10-03 23:34:29.407513+00:00
hdzonline.pro,AVAILABILITY,origin.list,2026-10-03 23:34:33.971449+00:00
vn-tk.shop,AVAILABILITY,origin.list,2026-10-03 23:34:42.360987+00:00
butvelocities.cfd,AVAILABILITY,origin.list,2026-10-03 23:34:48.145623+00:00
ccty-ghtk.com,AVAILABILITY,origin.list,2026-10-03 23:34:53.803599+00:00
vnambzuon36sc.vip,AVAILABILITY,origin.list,2026-10-03 23:34:58.780435+00:00
celerantatters.com,AVAILABILITY,origin.list,2026-10-03 23:34:59.625562+00:00
byasdebrisfie.cfd,AVAILABILITY,origin.list,2026-10-03 23:35:04.525603+00:00
bsanvietnam.online,AVAILABILITY,origin.list,2026-10-03 23:35:05.412509+00:00
cesareurope.com,AVAILABILITY,origin.list,2026-10-03 23:35:10.202637+00:00
cettiarl.com,AVAILABILITY,origin.list,2026-10-03 23:35:11.081694+00:00
chamsockhachhang-uudai-tructuyenthe.com,AVAILABILITY,origin.list,2026-10-03 23:35:16.337601+00:00
chamsockhachhang-uudaithe-thang6.com,AVAILABILITY,origin.list,2026-10-03 23:35:16.712494+00:00
cgovn.cc,AVAILABILITY,origin.list,2026-10-03 23:35:22.356109+00:00
caonhanh.xyz,AVAILABILITY,origin.list,2026-10-03 23:35:22.668176+00:00
cbfor49836.click,AVAILABILITY,origin.list,2026-10-03 23:35:28.186411+00:00
chamsockhachhangnanghanmuctindungmsb.com,AVAILABILITY,origin.list,2026-10-03 23:35:28.539394+00:00
buyboxershort3contactshop.click,AVAILABILITY,origin.list,2026-10-03 23:35:34.261786+00:00
abfishop.org,AVAILABILITY,origin.list,2026-10-03 23:35:36.744706+00:00
cb49836.click,AVAILABILITY,origin.list,2026-10-03 23:35:39.916432+00:00
apple.support-maps.live,AVAILABILITY,origin.list,2026-10-03 23:35:42.994480+00:00
chamsocthe-uudaikhachhang.com,AVAILABILITY,origin.list,2026-10-03 23:35:45.712710+00:00
chamsockhachhang-uudaithetructuyen-thang8.online,AVAILABILITY,origin.list,2026-10-03 23:35:48.902747+00:00
chamsockhachhang-uudai-the-truc-tuyen.online,AVAILABILITY,origin.list,2026-10-03 23:35:51.480434+00:00
sgshopee.top,AVAILABILITY,origin.list,2026-10-03 23:35:55.223497+00:00
chamsocthekhachhang-uudai-tructuyen.com,AVAILABILITY,origin.list,2026-10-03 23:35:57.392017+00:00
cf222.art,AVAILABILITY,origin.list,2026-10-03 23:36:01.489891+00:00
08ro35delw.ru,AVAILABILITY,origin.list,2026-10-03 23:36:04.442196+00:00
bigc.net.vn,AVAILABILITY,origin.list,2026-10-03 23:36:08.549647+00:00
chamsocthe-uudaikhachhang-tructuyen.com,AVAILABILITY,origin.list,2026-10-03 23:36:10.141561+00:00
baothanhnien.top,AVAILABILITY,origin.list,2026-10-03 23:36:14.494501+00:00
chamsocthekhachang-truc-tuyen.com,AVAILABILITY,origin.list,2026-10-03 23:36:15.762112+00:00
bemcll.me,AVAILABILITY,origin.list,2026-10-03 23:36:21.252580+00:00
chamsockhachhang-tructuyenuudaithe.online,AVAILABILITY,origin.list,2026-10-03 23:36:21.589901+00:00
checkaccff.com,AVAILABILITY,origin.list,2026-10-03 23:36:26.933912+00:00
bitbank.la,AVAILABILITY,origin.list,2026-10-03 23:36:27.996787+00:00
chamsockhachhang-uudaitructuyen.online,AVAILABILITY,origin.list,2026-10-03 23:36:32.568921+00:00
chamsocuudaithekhachhang-tructuyen.com,AVAILABILITY,origin.list,2026-10-03 23:36:33.612315+00:00
cham-soc-the-truc-tuyen.com.vn,AVAILABILITY,origin.list,2026-10-03 23:36:39.151459+00:00
chanlemmo.com,AVAILABILITY,origin.list,2026-10-03 23:36:44.942282+00:00
chinhphu.hodancu.com,AVAILABILITY,origin.list,2026-10-03 23:36:50.562144+00:00
vn-mail.shop,AVAILABILITY,origin.list,2026-10-03 23:36:53.707787+00:00
chinhphu.cc,AVAILABILITY,origin.list,2026-10-03 23:36:56.479867+00:00
chovaytiengopsg.com,AVAILABILITY,origin.list,2026-10-03 23:36:59.352772+00:00
chovayfecredit.com,AVAILABILITY,origin.list,2026-10-03 23:37:02.246357+00:00
offb.info,AVAILABILITY,origin.list,2026-10-03 23:37:11.902106+00:00
chamsockhachhang-uudaithecanhan-tructuyen.online,AVAILABILITY,origin.list,2026-10-03 23:37:17.540560+00:00
vn-online.shop,AVAILABILITY,origin.list,2026-10-03 23:37:26.313135+00:00
vn-thongtin.shop,AVAILABILITY,origin.list,2026-10-03 23:45:56.287077+00:00
vnsendotv.vip,AVAILABILITY,origin.list,2026-10-03 23:45:58.934890+00:00
citi-vietnam.com,AVAILABILITY,origin.list,2026-10-03 23:46:02.015772+00:00
baovietvay.top,AVAILABILITY,origin.list,2026-10-03 23:46:05.202874+00:00
chamsocthe-uudaikhachhang.online,AVAILABILITY,origin.list,2026-10-03 23:46:07.768116+00:00
chovaytieudung.online,AVAILABILITY,origin.list,2026-10-03 23:46:11.054513+00:00
cloudshop88.net,AVAILABILITY,origin.list,2026-10-03 23:46:13.605108+00:00
chamsocthekhachhang-thang4.online,AVAILABILITY,origin.list,2026-10-03 23:46:16.905699+00:00
bao-moi.pro,AVAILABILITY,origin.list,2026-10-03 23:46:21.172926+00:00
chamsockhachhang-uudai-tructuyen-thang10.com.vn,AVAILABILITY,origin.list,2026-10-03 23:46:24.799667+00:00
baovietin.top,AVAILABILITY,origin.list,2026-10-03 23:46:27.295604+00:00
baovietcv.top,AVAILABILITY,origin.list,2026-10-03 23:46:31.096351+00:00
chuyentienngay.site,AVAILABILITY,origin.list,2026-10-03 23:46:33.091068+00:00
clubfiletyc.com,AVAILABILITY,origin.list,2026-10-03 23:46:36.873218+00:00
chamsockhachhangtheuudai-tructuyen.com.vn,AVAILABILITY,origin.list,2026-10-03 23:46:39.471656+00:00
chamsockhachhang-uudaithetructuyen-thang10.com.vn,AVAILABILITY,origin.list,2026-10-03 23:46:43.635873+00:00
baovietvc.top,AVAILABILITY,origin.list,2026-10-03 23:46:45.809128+00:00
chamsockhachhang-the-tructuyen-thang9.com.vn,AVAILABILITY,origin.list,2026-10-03 23:46:50.129003+00:00
clb.vin,AVAILABILITY,origin.list,2026-10-03 23:46:52.015459+00:00
chamsocthe-uudai-tructuyen-thang10.com.vn,AVAILABILITY,origin.list,2026-10-03 23:46:56.258573+00:00
chamsocthe-uudaitructuyen.com.vn,AVAILABILITY,origin.list,2026-10-03 23:46:58.181860+00:00
cloud27.xyz,AVAILABILITY,origin.list,2026-10-03 23:47:03.921068+00:00
chamsocthe-uudaikhachhang-thang10.com.vn,AVAILABILITY,origin.list,2026-10-03 23:47:10.175567+00:00
cmvietcombank.com,AVAILABILITY,origin.list,2026-10-03 23:47:15.964415+00:00
vnsendo.vip,AVAILABILITY,origin.list,2026-10-03 23:47:20.084701+00:00
cloud25.xyz,AVAILABILITY,origin.list,2026-10-03 23:47:25.834062+00:00
vn-nhanquatang.shop,AVAILABILITY,origin.list,2026-10-03 23:47:30.999150+00:00
checkerviet.win,AVAILABILITY,origin.list,2026-10-03 23:47:32.008061+00:00
chamsocthekhachhang-tructuyen-thang8.com.vn,AVAILABILITY,origin.list,2026-10-03 23:47:37.678099+00:00
code-garena-vn.com,AVAILABILITY,origin.list,2026-10-03 23:47:37.707879+00:00
clubleadershipsolutions.com,AVAILABILITY,origin.list,2026-10-03 23:47:43.285069+00:00
code-lienquan-vn.com,AVAILABILITY,origin.list,2026-10-03 23:47:43.335750+00:00
cnvietcombank.com,AVAILABILITY,origin.list,2026-10-03 23:47:48.972086+00:00
cnaptheaz.com,AVAILABILITY,origin.list,2026-10-03 23:47:48.995046+00:00
codelienquan2022.com,AVAILABILITY,origin.list,2026-10-03 23:47:54.686283+00:00
baiduthi2051.work,AVAILABILITY,origin.list,2026-10-03 23:47:57.810144+00:00
com.vn-sp.xyz,AVAILABILITY,origin.list,2026-10-03 23:48:00.413546+00:00
comptrffc.com,AVAILABILITY,origin.list,2026-10-03 23:48:03.487722+00:00
clmm29.fun,AVAILABILITY,origin.list,2026-10-03 23:48:06.256071+00:00
congnap-playtogether.com,AVAILABILITY,origin.list,2026-10-03 23:48:09.173584+00:00
congdongvietnam247.com,AVAILABILITY,origin.list,2026-10-03 23:48:12.012957+00:00
chamsocthekhachhang-thang4.com.vn,AVAILABILITY,origin.list,2026-10-03 23:48:15.665095+00:00
congdientu247.com,AVAILABILITY,origin.list,2026-10-03 23:48:17.714331+00:00
congnaplienquan.com,AVAILABILITY,origin.list,2026-10-03 23:48:21.404041+00:00
chamsocthekhachhang-uudai-tructuyen-thang9.com.vn,AVAILABILITY,origin.list,2026-10-03 23:48:24.024427+00:00
com.vn-rb.icu,AVAILABILITY,origin.list,2026-10-03 23:48:27.237469+00:00
congtytaichinhlotte.com,AVAILABILITY,origin.list,2026-10-03 23:48:29.859996+00:00
cliphott.io.vn,AVAILABILITY,origin.list,2026-10-03 23:48:36.214234+00:00
baiduthi2063.work,AVAILABILITY,origin.list,2026-10-03 23:48:41.031315+00:00
congthongtinvidientu.com,AVAILABILITY,origin.list,2026-10-03 23:48:41.895125+00:00
com-bank.xyz,AVAILABILITY,origin.list,2026-10-03 23:48:47.725047+00:00
chientich-sinhnhat-lienquanvn.gq,AVAILABILITY,origin.list,2026-10-03 23:48:47.995784+00:00
condandthi.cfd,AVAILABILITY,origin.list,2026-10-03 23:48:53.546041+00:00
continue.dasboard174-account.com,AVAILABILITY,origin.list,2026-10-03 23:48:53.673405+00:00
continue.dasboard154-account.com,AVAILABILITY,origin.list,2026-10-03 23:48:59.747352+00:00
vnsendo.shop,AVAILABILITY,origin.list,2026-10-03 23:49:06.513036+00:00
checkfbviet.tk,AVAILABILITY,origin.list,2026-10-03 23:49:06.546639+00:00
continue.dasboard563-account.com,AVAILABILITY,origin.list,2026-10-03 23:49:12.282209+00:00
moviet.icu,AVAILABILITY,origin.list,2026-10-03 23:49:12.664989+00:00
continue.dasboard593-account.com,AVAILABILITY,origin.list,2026-10-03 23:49:17.876393+00:00
continue.dasboard597-account.com,AVAILABILITY,origin.list,2026-10-03 23:49:18.335255+00:00
businesseventskp.top,AVAILABILITY,origin.list,2026-10-03 23:49:23.849053+00:00
aribank.info,AVAILABILITY,origin.list,2026-10-03 23:49:27.787607+00:00
continue.dasboard914-account.com,AVAILABILITY,origin.list,2026-10-03 23:49:29.481522+00:00
continue.dasboard184-account.com,AVAILABILITY,origin.list,2026-10-03 23:49:33.457485+00:00
continue.dasboard966-account.com,AVAILABILITY,origin.list,2026-10-03 23:49:39.127616+00:00
vntiki.shop,AVAILABILITY,origin.list,2026-10-03 23:49:41.526554+00:00
coinprofitsexchange.uk,AVAILABILITY,origin.list,2026-10-03 23:49:44.987444+00:00
congtacvienonline.vn,AVAILABILITY,origin.list,2026-10-03 23:49:47.451749+00:00
continue.dasboard974-account.com,AVAILABILITY,origin.list,2026-10-03 23:49:50.628719+00:00
cardano-ada.live,AVAILABILITY,origin.list,2026-10-03 23:50:00.379051+00:00
vnpanda.shop,AVAILABILITY,origin.list,2026-10-03 23:50:08.436563+00:00
baiduthi02.work,AVAILABILITY,origin.list,2026-10-03 23:50:10.232234+00:00
cressbank.com,AVAILABILITY,origin.list,2026-10-03 23:50:14.175334+00:00
continue.dasboard934-account.com,AVAILABILITY,origin.list,2026-10-03 23:50:15.923471+00:00
cracknhanh.com,AVAILABILITY,origin.list,2026-10-03 23:50:19.822110+00:00
continue.dasboard965-account.com,AVAILABILITY,origin.list,2026-10-03 23:50:21.598052+00:00
continue.dasboard945-account.com,AVAILABILITY,origin.list,2026-10-03 23:50:25.455038+00:00
cskh-the-vpbank.com,AVAILABILITY,origin.list,2026-10-03 23:50:27.433827+00:00
coronappzz.com,AVAILABILITY,origin.list,2026-10-03 23:50:31.186856+00:00
chientich-sinhnhatlienquangarenavn.ml,AVAILABILITY,origin.list,2026-10-03 23:50:33.545346+00:00
crestfidubank.com,AVAILABILITY,origin.list,2026-10-03 23:50:36.906276+00:00
cryptominexchange.com,AVAILABILITY,origin.list,2026-10-03 23:50:39.540808+00:00
cskh-vib.nang-han-muc-the-visa.com,AVAILABILITY,origin.list,2026-10-03 23:50:42.641342+00:00
cskh-dienmay-xanh.com,AVAILABILITY,origin.list,2026-10-03 23:50:45.155846+00:00
cskh-ca-nhan-vpbank.com,AVAILABILITY,origin.list,2026-10-03 23:50:48.433769+00:00
cl247.me,AVAILABILITY,origin.list,2026-10-03 23:50:52.942845+00:00
cskhdienmayxanhvn.com,AVAILABILITY,origin.list,2026-10-03 23:50:54.045410+00:00
cskh-vib.ho-tro-tin-dung-ca-nhan.com,AVAILABILITY,origin.list,2026-10-03 23:50:59.732539+00:00
clmm113.me,AVAILABILITY,origin.list,2026-10-03 23:51:06.805611+00:00
cskh-dienmayxanhvn.com,AVAILABILITY,origin.list,2026-10-03 23:51:12.563009+00:00
aeeonmaili.shop,AVAILABILITY,origin.list,2026-10-03 23:51:18.160545+00:00
cskhcanhanhd.com,AVAILABILITY,origin.list,2026-10-03 23:51:18.350760+00:00
cskhxacminhtaikhoangarena-vn.com,AVAILABILITY,origin.list,2026-10-03 23:51:24.080663+00:00
congnghevietmy.com.vn,AVAILABILITY,origin.list,2026-10-03 23:51:24.937523+00:00
play.appgoogle.cc,AVAILABILITY,origin.list,2026-10-03 23:51:29.827966+00:00
clmm.pe,AVAILABILITY,origin.list,2026-10-03 23:51:31.226666+00:00
cskhmbcanhan.com,AVAILABILITY,origin.list,2026-10-03 23:51:36.899093+00:00
www.findiphone.mobi,AVAILABILITY,origin.list,2026-10-03 23:51:46.179070+00:00
bschuyenkhoamat.biz,AVAILABILITY,origin.list,2026-10-03 23:51:46.797967+00:00
cskhmayxanh.com,AVAILABILITY,origin.list,2026-10-03 23:51:51.863100+00:00
ctv-shopee.com,AVAILABILITY,origin.list,2026-10-03 23:51:52.600789+00:00
cryptooexchange.xyz,AVAILABILITY,origin.list,2026-10-03 23:51:57.683367+00:00
cskh-vib-canhan.com,AVAILABILITY,origin.list,2026-10-03 23:51:58.382225+00:00
ctvay.net,AVAILABILITY,origin.list,2026-10-03 23:52:03.448691+00:00
cltx19.me,AVAILABILITY,origin.list,2026-10-03 23:52:05.591791+00:00
chuyentienkieuhoi247.cf,AVAILABILITY,origin.list,2026-10-03 23:52:10.993959+00:00
api.bitdefenderupdate.org,AVAILABILITY,origin.list,2026-10-03 23:52:12.796455+00:00
ctvshopee.com,AVAILABILITY,origin.list,2026-10-03 23:52:16.645943+00:00
clmm34.me,AVAILABILITY,origin.list,2026-10-03 23:52:20.894164+00:00
fairu-chat.com,AVAILABILITY,origin.list,2026-10-03 23:52:26.679091+00:00
vnwish.shop,AVAILABILITY,origin.list,2026-10-03 23:52:28.760465+00:00
dadw22.com,AVAILABILITY,origin.list,2026-10-03 23:52:32.442683+00:00
csr110112203eur.click,AVAILABILITY,origin.list,2026-10-03 23:52:34.486750+00:00
cvietcombank.com,AVAILABILITY,origin.list,2026-10-03 23:52:40.184218+00:00
d.gdtgov.cfd,AVAILABILITY,origin.list,2026-10-03 23:52:45.838347+00:00
xjrprd.yokayseiy.com,AVAILABILITY,origin.list,2026-10-03 23:52:48.402876+00:00
dadw55.com,AVAILABILITY,origin.list,2026-10-03 23:52:51.494389+00:00
csr110112204eur.click,AVAILABILITY,origin.list,2026-10-03 23:52:54.067487+00:00
da8975.com,AVAILABILITY,origin.list,2026-10-03 23:52:59.763925+00:00
bidvsmartbanking2.ihappy.info,AVAILABILITY,origin.list,2026-10-03 23:53:00.028426+00:00
da6555.com,AVAILABILITY,origin.list,2026-10-03 23:53:05.449346+00:00
da2323.com,AVAILABILITY,origin.list,2026-10-03 23:53:05.810093+00:00
congdong-awc-vongquaylienquan.tk,AVAILABILITY,origin.list,2026-10-03 23:53:12.311986+00:00
bitdefenderupdate.org,AVAILABILITY,origin.list,2026-10-03 23:53:15.785331+00:00
dangkyonline-payment.com,AVAILABILITY,origin.list,2026-10-03 23:53:17.948290+00:00
daef33.com,AVAILABILITY,origin.list,2026-10-03 23:53:21.558403+00:00
cn.hothue.top,AVAILABILITY,origin.list,2026-10-03 23:53:27.771530+00:00
clmm.tv,AVAILABILITY,origin.list,2026-10-03 23:53:33.290237+00:00
dangkyhosotructuyen2023.com,AVAILABILITY,origin.list,2026-10-03 23:53:33.518310+00:00
com.vn-sp.top,AVAILABILITY,origin.list,2026-10-03 23:53:38.952172+00:00
csr110112201eur.click,AVAILABILITY,origin.list,2026-10-03 23:53:39.257226+00:00
dailyssshopee.com,AVAILABILITY,origin.list,2026-10-03 23:53:45.079090+00:00
cltx888.me,AVAILABILITY,origin.list,2026-10-03 23:53:46.108985+00:00
daisyshopp.com,AVAILABILITY,origin.list,2026-10-03 23:53:50.777377+00:00
dangkytruyenhinhcap.com,AVAILABILITY,origin.list,2026-10-03 23:53:51.951101+00:00
dangkyquetthe-tindungvn.com,AVAILABILITY,origin.list,2026-10-03 23:53:56.509998+00:00
dangnhaphoso.com,AVAILABILITY,origin.list,2026-10-03 23:53:57.638348+00:00
dangkyrik.net,AVAILABILITY,origin.list,2026-10-03 23:54:02.224023+00:00
dangky.electricz.xyz,AVAILABILITY,origin.list,2026-10-03 23:54:03.316616+00:00
dangkyvay-bank247.net,AVAILABILITY,origin.list,2026-10-03 23:54:07.935255+00:00
campxanh.info,AVAILABILITY,origin.list,2026-10-03 23:54:11.982019+00:00
dangkyappbank.online,AVAILABILITY,origin.list,2026-10-03 23:54:17.817722+00:00
dautukiemtien.net,AVAILABILITY,origin.list,2026-10-03 23:54:23.477140+00:00
relxmining.net,AVAILABILITY,origin.list,2026-10-03 23:54:24.097305+00:00
dangkytanggiai2022.com,AVAILABILITY,origin.list,2026-10-03 23:54:29.282974+00:00
datgrabsaigon.com,AVAILABILITY,origin.list,2026-10-03 23:54:29.740561+00:00
dangkynick.online,AVAILABILITY,origin.list,2026-10-03 23:54:35.036907+00:00
dathangdon.com,AVAILABILITY,origin.list,2026-10-03 23:54:35.519061+00:00
demo.sc0mvn.com,AVAILABILITY,origin.list,2026-10-03 23:54:41.045430+00:00
dangkysendo.vn,AVAILABILITY,origin.list,2026-10-03 23:54:41.781549+00:00
dich-vu-kh-vip-vpbank.com,AVAILABILITY,origin.list,2026-10-03 23:54:46.919875+00:00
dangkyvaybidv.com,AVAILABILITY,origin.list,2026-10-03 23:54:47.624360+00:00
ctswasprimarilyd.cfd,AVAILABILITY,origin.list,2026-10-03 23:54:53.381381+00:00
dautruongdanhvong.com,AVAILABILITY,origin.list,2026-10-03 23:54:59.144829+00:00
dg2255.com,AVAILABILITY,origin.list,2026-10-03 23:55:04.954855+00:00
defi.hsfdefi.com,AVAILABILITY,origin.list,2026-10-03 23:55:10.751799+00:00
dich-vu-kvip-vpbank.com,AVAILABILITY,origin.list,2026-10-03 23:55:16.766091+00:00
dich-vu-online-vpbank.com,AVAILABILITY,origin.list,2026-10-03 23:55:22.644906+00:00
dev-checkmoneypayment-mpos.com,AVAILABILITY,origin.list,2026-10-03 23:55:28.419331+00:00
dfsshop66.com,AVAILABILITY,origin.list,2026-10-03 23:55:34.379414+00:00
daohannganhang.click,AVAILABILITY,origin.list,2026-10-03 23:55:40.195700+00:00
dich-vu-dien-mayxanh.com,AVAILABILITY,origin.list,2026-10-03 23:55:45.962797+00:00
dangkycongtacvien.vn,AVAILABILITY,origin.list,2026-10-03 23:55:52.182331+00:00
dichvu-chuyentien24h.000webhostapp.com,AVAILABILITY,origin.list,2026-10-03 23:55:54.978116+00:00
dich-vu-the-ai-vpbank.com,AVAILABILITY,origin.list,2026-10-03 23:55:57.872490+00:00
dich-vu-the-cashback-vib.com,AVAILABILITY,origin.list,2026-10-03 23:56:00.711374+00:00
dich-vu-the-kt3-vib.com,AVAILABILITY,origin.list,2026-10-03 23:56:03.567619+00:00
dangkytinchapshinhan.xyz,AVAILABILITY,origin.list,2026-10-03 23:56:06.465089+00:00
dich-vu-the-ez-vpbank.com,AVAILABILITY,origin.list,2026-10-03 23:56:12.437680+00:00
banksieutoc.one,AVAILABILITY,origin.list,2026-10-03 23:56:14.392875+00:00
dich-vu-the-vvip-vpb.com,AVAILABILITY,origin.list,2026-10-03 23:56:20.539016+00:00
amadbfk.shop,AVAILABILITY,origin.list,2026-10-03 23:56:35.389796+00:00
angminer.net,AVAILABILITY,origin.list,2026-10-03 23:56:36.674282+00:00
dich-vu-vip3-vib.com,AVAILABILITY,origin.list,2026-10-03 23:56:41.009304+00:00
dich-vu-the-elite-vib.com,AVAILABILITY,origin.list,2026-10-03 23:56:42.336427+00:00
dich-vu-the-vdiamond-vpbank.com,AVAILABILITY,origin.list,2026-10-03 23:56:46.794449+00:00
dcommerc.cfd,AVAILABILITY,origin.list,2026-10-03 23:56:48.305405+00:00
dich-vu-the-sat-vib.com,AVAILABILITY,origin.list,2026-10-03 23:56:52.429532+00:00
dich-vu-the-vdiamond-vib.com,AVAILABILITY,origin.list,2026-10-03 23:56:53.968369+00:00
dangkyshopee.vn,AVAILABILITY,origin.list,2026-10-03 23:56:59.805053+00:00
dfeenxea.tidc.bid,AVAILABILITY,origin.list,2026-10-03 23:57:00.255869+00:00
dich-vu-xvip-vib.com,AVAILABILITY,origin.list,2026-10-03 23:57:05.510590+00:00
dich-vu-the-svip-vib.com,AVAILABILITY,origin.list,2026-10-03 23:57:05.866230+00:00
dichvucong.cvgov.com,AVAILABILITY,origin.list,2026-10-03 23:57:11.213490+00:00
dichvucong.dulieuquocgia.com,AVAILABILITY,origin.list,2026-10-03 23:57:11.512644+00:00
dich-vu-update-vpbank.com,AVAILABILITY,origin.list,2026-10-03 23:57:16.864381+00:00
dich-vu-the-vvip-vib.com,AVAILABILITY,origin.list,2026-10-03 23:57:17.216090+00:00
dichvu.congtygiaohangtietkiemvn.com,AVAILABILITY,origin.list,2026-10-03 23:57:22.731210+00:00
dichvucong.dancuquocgia.net,AVAILABILITY,origin.list,2026-10-03 23:57:23.084803+00:00
dichvucong.tgovn.cc,AVAILABILITY,origin.list,2026-10-03 23:57:28.364476+00:00
dichvucong.bcavnvnvngov.com,AVAILABILITY,origin.list,2026-10-03 23:57:28.781945+00:00
dichvucong.hgov.net,AVAILABILITY,origin.list,2026-10-03 23:57:34.015095+00:00
dichvu-dien-mayxanh.com,AVAILABILITY,origin.list,2026-10-03 23:57:34.537398+00:00
dichvucong.kgov.net,AVAILABILITY,origin.list,2026-10-03 23:57:39.651660+00:00
dichvucong.lgov.net,AVAILABILITY,origin.list,2026-10-03 23:57:40.233082+00:00
dichvucong.ccbcavn.cc,AVAILABILITY,origin.list,2026-10-03 23:57:45.291418+00:00
dhl-vietnam.vn,AVAILABILITY,origin.list,2026-10-03 23:57:46.280083+00:00
dichvucong.dinhdanhcutru.com,AVAILABILITY,origin.list,2026-10-03 23:57:51.002113+00:00
dichvucong.vgovn.net,AVAILABILITY,origin.list,2026-10-03 23:57:51.919961+00:00
dhl-chuyenphatnhanhquocte.vn,AVAILABILITY,origin.list,2026-10-03 23:57:57.016227+00:00
dichvucong.vsgov.com,AVAILABILITY,origin.list,2026-10-03 23:57:57.610219+00:00
dichvucong.govnx.com,AVAILABILITY,origin.list,2026-10-03 23:58:02.663074+00:00
dichvucong.hhlpa.com,AVAILABILITY,origin.list,2026-10-03 23:58:03.241844+00:00
bocongthuong.org,AVAILABILITY,origin.list,2026-10-03 23:58:11.610867+00:00
dichvucong.xgovn.net,AVAILABILITY,origin.list,2026-10-04 00:06:06.824293+00:00
dichvugiaohangtietkiem.com,AVAILABILITY,origin.list,2026-10-04 00:06:12.569879+00:00
dichvucong.zvgov.com,AVAILABILITY,origin.list,2026-10-04 00:06:18.356303+00:00
ff-membership.shop,AVAILABILITY,origin.list,2026-10-04 00:06:18.440750+00:00
dichvucong.snggov.com,AVAILABILITY,origin.list,2026-10-04 00:06:24.156712+00:00
dhlvietnam-express.vn,AVAILABILITY,origin.list,2026-10-04 00:06:24.510843+00:00
dichvudaohantindung.com,AVAILABILITY,origin.list,2026-10-04 00:06:30.280316+00:00
com.vn-iy.info,AVAILABILITY,origin.list,2026-10-04 00:06:31.335841+00:00
dichvunhantien24h.com,AVAILABILITY,origin.list,2026-10-04 00:06:36.075165+00:00
dienmayxanh263.com,AVAILABILITY,origin.list,2026-10-04 00:06:37.086130+00:00
dichvucong.hhghv.com,AVAILABILITY,origin.list,2026-10-04 00:06:42.975539+00:00
cltxmm.us,AVAILABILITY,origin.list,2026-10-04 00:06:43.007030+00:00
dienlanhdienmayxanh.com,AVAILABILITY,origin.list,2026-10-04 00:06:44.207855+00:00
dichvucongbaohiemxahoi.com,AVAILABILITY,origin.list,2026-10-04 00:06:44.230122+00:00
dienmayxanh268.com,AVAILABILITY,origin.list,2026-10-04 00:06:47.957050+00:00
dienmayxanhbeauty.com,AVAILABILITY,origin.list,2026-10-04 00:06:47.985984+00:00
dienmayxanhbeautyplus.com,AVAILABILITY,origin.list,2026-10-04 00:06:51.725212+00:00
dienmayxanh-hcm.com,AVAILABILITY,origin.list,2026-10-04 00:06:52.673281+00:00
dichvushopee.com,AVAILABILITY,origin.list,2026-10-04 00:06:53.322768+00:00
dhl-chuyenphatnhanhquocte.com.vn,AVAILABILITY,origin.list,2026-10-04 00:06:53.773961+00:00
referencet.art,AVAILABILITY,origin.list,2026-10-04 00:06:54.045214+00:00
dienmayxanhhcm24h.com,AVAILABILITY,origin.list,2026-10-04 00:06:54.466578+00:00
dienmayxanhctv24.com,AVAILABILITY,origin.list,2026-10-04 00:06:54.706789+00:00
dienmayxanhantam.com,AVAILABILITY,origin.list,2026-10-04 00:06:55.081585+00:00
dhlexpress-vietnam.com.vn,AVAILABILITY,origin.list,2026-10-04 00:06:55.853020+00:00
dienmayxanh389.com,AVAILABILITY,origin.list,2026-10-04 00:06:56.092966+00:00
dienmayxanh.cloud,AVAILABILITY,origin.list,2026-10-04 00:06:56.774585+00:00
dienmayxanhtrungtam.com,AVAILABILITY,origin.list,2026-10-04 00:06:56.777050+00:00
dienmayxanh542.com,AVAILABILITY,origin.list,2026-10-04 00:06:57.364712+00:00
dienmayxanhhcm.com,AVAILABILITY,origin.list,2026-10-04 00:06:57.436415+00:00
dinhdanhcutru.com,AVAILABILITY,origin.list,2026-10-04 00:06:58.018697+00:00
dienthoaiviet.net,AVAILABILITY,origin.list,2026-10-04 00:06:58.103305+00:00
dichvuvietnam.pw,AVAILABILITY,origin.list,2026-10-04 00:06:58.691412+00:00
do002.com,AVAILABILITY,origin.list,2026-10-04 00:06:58.867601+00:00
do005.com,AVAILABILITY,origin.list,2026-10-04 00:06:59.493783+00:00
dmxprovip.com,AVAILABILITY,origin.list,2026-10-04 00:07:00.337397+00:00
com.vn-rn.biz,AVAILABILITY,origin.list,2026-10-04 00:07:02.440294+00:00
docbao24h.net,AVAILABILITY,origin.list,2026-10-04 00:07:03.069739+00:00
doithecaothanhtienmat.com,AVAILABILITY,origin.list,2026-10-04 00:07:03.817066+00:00
com.vn-hc.info,AVAILABILITY,origin.list,2026-10-04 00:07:03.874617+00:00
dichvudienmay-xanh.online,AVAILABILITY,origin.list,2026-10-04 00:07:04.565520+00:00
drakeesh.com,AVAILABILITY,origin.list,2026-10-04 00:07:05.350645+00:00
doitiengia.com,AVAILABILITY,origin.list,2026-10-04 00:07:06.022547+00:00
dienmayxanhh.com,AVAILABILITY,origin.list,2026-10-04 00:07:06.673426+00:00
doctromtinnhan.com,AVAILABILITY,origin.list,2026-10-04 00:07:07.247603+00:00
dragoncapitalmoney.com,AVAILABILITY,origin.list,2026-10-04 00:07:07.855809+00:00
domainxnewma.com,AVAILABILITY,origin.list,2026-10-04 00:07:08.818490+00:00
chinhphu.dulieucutru.org,AVAILABILITY,origin.list,2026-10-04 00:07:13.339772+00:00
donhangkiemtra.com,AVAILABILITY,origin.list,2026-10-04 00:07:14.021652+00:00
dtcltx.com,AVAILABILITY,origin.list,2026-10-04 00:07:14.727780+00:00
dragoncapitalvay.com,AVAILABILITY,origin.list,2026-10-04 00:07:15.400231+00:00
duchessefit.com,AVAILABILITY,origin.list,2026-10-04 00:07:16.219597+00:00
dtdvmuadong-lienquan.com,AVAILABILITY,origin.list,2026-10-04 00:07:16.845964+00:00
dienmayxanh.fun,AVAILABILITY,origin.list,2026-10-04 00:07:17.585962+00:00
dv-ca-nhan-vpbank.com,AVAILABILITY,origin.list,2026-10-04 00:07:18.180159+00:00
vp111.vip,AVAILABILITY,origin.list,2026-10-04 00:07:26.613017+00:00
duyetdonlazada.com,AVAILABILITY,origin.list,2026-10-04 00:07:27.208352+00:00
dvfbnhan.com,AVAILABILITY,origin.list,2026-10-04 00:07:27.886913+00:00
didongviet.store,AVAILABILITY,origin.list,2026-10-04 00:07:28.784723+00:00
hashtechlimited.com,AVAILABILITY,origin.list,2026-10-04 00:07:29.272217+00:00
e-sacombank.com,AVAILABILITY,origin.list,2026-10-04 00:07:29.438930+00:00
dv-nang-cap-vpbank.com,AVAILABILITY,origin.list,2026-10-04 00:07:29.953438+00:00
ebanking.smbnv.com,AVAILABILITY,origin.list,2026-10-04 00:07:30.087341+00:00
dvdienmayxanh.com,AVAILABILITY,origin.list,2026-10-04 00:07:30.721843+00:00
ebanking.ttoh4.com,AVAILABILITY,origin.list,2026-10-04 00:07:31.480583+00:00
dichvucong.zlgov.com,AVAILABILITY,origin.list,2026-10-04 00:07:31.606525+00:00
ebank.hlug1k.com,AVAILABILITY,origin.list,2026-10-04 00:07:32.109574+00:00
drake4.xyz,AVAILABILITY,origin.list,2026-10-04 00:07:32.574518+00:00
ebayshopnet.com,AVAILABILITY,origin.list,2026-10-04 00:07:32.784654+00:00
dpsmhx.zxte.bid,AVAILABILITY,origin.list,2026-10-04 00:07:33.310294+00:00
ebanking.dnryg31.com,AVAILABILITY,origin.list,2026-10-04 00:07:33.574823+00:00
eqav33.com,AVAILABILITY,origin.list,2026-10-04 00:07:34.255151+00:00
edunetworkonlinevietnam.com,AVAILABILITY,origin.list,2026-10-04 00:07:34.382741+00:00
ebayasean.com,AVAILABILITY,origin.list,2026-10-04 00:07:34.994315+00:00
dienmayxanhcenter.vn,AVAILABILITY,origin.list,2026-10-04 00:07:35.389995+00:00
ebayget.cc,AVAILABILITY,origin.list,2026-10-04 00:07:35.797188+00:00
ebeuboay.cc,AVAILABILITY,origin.list,2026-10-04 00:07:36.075159+00:00
ebmarketingshops.com,AVAILABILITY,origin.list,2026-10-04 00:07:36.388200+00:00
egt091102207euc.click,AVAILABILITY,origin.list,2026-10-04 00:07:36.755337+00:00
egt091102205euc.click,AVAILABILITY,origin.list,2026-10-04 00:07:36.994994+00:00
eeeesss.xyz,AVAILABILITY,origin.list,2026-10-04 00:07:37.440266+00:00
escortlarbul.com,AVAILABILITY,origin.list,2026-10-04 00:07:37.612849+00:00
easyloan-money-th.com,AVAILABILITY,origin.list,2026-10-04 00:07:38.014390+00:00
eqav77.com,AVAILABILITY,origin.list,2026-10-04 00:07:38.227714+00:00
donghothongminh-mienphiship.online,AVAILABILITY,origin.list,2026-10-04 00:07:38.591876+00:00
equinor-vn.com,AVAILABILITY,origin.list,2026-10-04 00:07:38.913490+00:00
eufk22.com,AVAILABILITY,origin.list,2026-10-04 00:07:39.251290+00:00
eserbank.com,AVAILABILITY,origin.list,2026-10-04 00:07:39.550499+00:00
e-bankingshopee.vn,AVAILABILITY,origin.list,2026-10-04 00:07:40.686995+00:00
ebaayshopping.site,AVAILABILITY,origin.list,2026-10-04 00:07:41.489687+00:00
edbythe67ak.cfd,AVAILABILITY,origin.list,2026-10-04 00:07:42.282076+00:00
eulo99.com,AVAILABILITY,origin.list,2026-10-04 00:07:42.880004+00:00
etkf44.com,AVAILABILITY,origin.list,2026-10-04 00:07:43.619227+00:00
eulo11.com,AVAILABILITY,origin.list,2026-10-04 00:07:44.239663+00:00
eventlienquanmobile.com,AVAILABILITY,origin.list,2026-10-04 00:07:44.835970+00:00
eeorderso.cfd,AVAILABILITY,origin.list,2026-10-04 00:07:45.605696+00:00
eufk55.com,AVAILABILITY,origin.list,2026-10-04 00:07:46.220413+00:00
eventriansieusao.com,AVAILABILITY,origin.list,2026-10-04 00:07:46.806389+00:00
diem-vietcom-bank.com,AVAILABILITY,origin.list,2026-10-04 00:07:57.719082+00:00
alibabavn.shop,AVAILABILITY,origin.list,2026-10-04 00:07:58.198080+00:00
eventlienquanvn.com,AVAILABILITY,origin.list,2026-10-04 00:07:58.358890+00:00
facebookvni.com,AVAILABILITY,origin.list,2026-10-04 00:07:58.865035+00:00
chinhphu.kbshkdt.org,AVAILABILITY,origin.list,2026-10-04 00:08:00.628806+00:00
egiontheh.cfd,AVAILABILITY,origin.list,2026-10-04 00:08:01.376051+00:00
chuyengiadinh.org,AVAILABILITY,origin.list,2026-10-04 00:08:01.906333+00:00
emodernst.cfd,AVAILABILITY,origin.list,2026-10-04 00:08:02.067910+00:00
eventlqvn.com,AVAILABILITY,origin.list,2026-10-04 00:08:02.514021+00:00
fairu-endpoint.com,AVAILABILITY,origin.list,2026-10-04 00:08:02.691979+00:00
entbymo.cfd,AVAILABILITY,origin.list,2026-10-04 00:08:03.370318+00:00
email-apple.support,AVAILABILITY,origin.list,2026-10-04 00:08:03.434321+00:00
oojoictf.iqerm.link,AVAILABILITY,origin.list,2026-10-04 00:08:03.940365+00:00
evnnpcs.com,AVAILABILITY,origin.list,2026-10-04 00:08:04.066401+00:00
expressmoney.cc,AVAILABILITY,origin.list,2026-10-04 00:08:04.729173+00:00
chinhphu.thongtincutru.org,AVAILABILITY,origin.list,2026-10-04 00:08:05.416541+00:00
bideo-chat.xyz,AVAILABILITY,origin.list,2026-10-04 00:08:05.420346+00:00
fairu-schnellvpn.com,AVAILABILITY,origin.list,2026-10-04 00:08:06.024513+00:00
ebankingshopee.vn,AVAILABILITY,origin.list,2026-10-04 00:08:06.842520+00:00
ergyfrommo.cfd,AVAILABILITY,origin.list,2026-10-04 00:08:07.563752+00:00
com.vn-iz.info,AVAILABILITY,origin.list,2026-10-04 00:08:08.221064+00:00
statediting.live,AVAILABILITY,origin.list,2026-10-04 00:08:09.134952+00:00
fajiafu50.com,AVAILABILITY,origin.list,2026-10-04 00:08:09.738240+00:00
fbviet88.com,AVAILABILITY,origin.list,2026-10-04 00:08:10.312780+00:00
fccomvn.com,AVAILABILITY,origin.list,2026-10-04 00:08:10.923397+00:00
fajiafu30.com,AVAILABILITY,origin.list,2026-10-04 00:08:11.503526+00:00
evnvaytien.xyz,AVAILABILITY,origin.list,2026-10-04 00:08:12.234530+00:00
ff-garena-membership-2021.com,AVAILABILITY,origin.list,2026-10-04 00:08:12.832772+00:00
fdsd11.com,AVAILABILITY,origin.list,2026-10-04 00:08:13.465941+00:00
ff-garena-membershipff.com,AVAILABILITY,origin.list,2026-10-04 00:08:14.100830+00:00
ff-member-ganena.com,AVAILABILITY,origin.list,2026-10-04 00:08:14.768199+00:00
fd2.hmexchangecentre.com,AVAILABILITY,origin.list,2026-10-04 00:08:15.395925+00:00
evncredit.online,AVAILABILITY,origin.list,2026-10-04 00:08:16.092198+00:00
fdsd22.com,AVAILABILITY,origin.list,2026-10-04 00:08:16.761869+00:00
acclienquangiare.shop,AVAILABILITY,origin.list,2026-10-04 00:08:17.205008+00:00
fe.lwcvn.com,AVAILABILITY,origin.list,2026-10-04 00:08:17.835711+00:00
exovietnam.xyz,AVAILABILITY,origin.list,2026-10-04 00:08:18.530273+00:00
com.vn-uz.info,AVAILABILITY,origin.list,2026-10-04 00:08:21.697339+00:00
com.vn-ub.info,AVAILABILITY,origin.list,2026-10-04 00:08:22.150312+00:00
bgkjn.tygpzq.bid,AVAILABILITY,origin.list,2026-10-04 00:08:22.469566+00:00
ff-member-shippvn.com,AVAILABILITY,origin.list,2026-10-04 00:08:22.731454+00:00
ff-garena-sukien.com,AVAILABILITY,origin.list,2026-10-04 00:08:23.105655+00:00
ff-garenamemberships.com,AVAILABILITY,origin.list,2026-10-04 00:08:23.416379+00:00
ff-membership-garena.com,AVAILABILITY,origin.list,2026-10-04 00:08:24.088621+00:00
dichvucong.agov.net,AVAILABILITY,origin.list,2026-10-04 00:08:24.199731+00:00
ff-member-gazeza.com,AVAILABILITY,origin.list,2026-10-04 00:08:24.721477+00:00
ff-memberrshipvn-garena.com,AVAILABILITY,origin.list,2026-10-04 00:08:24.878517+00:00
ff-membershipp.com,AVAILABILITY,origin.list,2026-10-04 00:08:25.328549+00:00
ff-garena2021-membersship.com,AVAILABILITY,origin.list,2026-10-04 00:08:25.476394+00:00
ff-memberships-garena-vn.com,AVAILABILITY,origin.list,2026-10-04 00:08:26.325231+00:00
edunetworkvietnam.com.vn,AVAILABILITY,origin.list,2026-10-04 00:08:26.568343+00:00
ff-membershipp-garena.net,AVAILABILITY,origin.list,2026-10-04 00:08:27.042218+00:00
ff-membership-grn.com,AVAILABILITY,origin.list,2026-10-04 00:08:27.193987+00:00
ff-menbershipgarena.com,AVAILABILITY,origin.list,2026-10-04 00:08:27.724338+00:00
ffmemberrship-garena.com,AVAILABILITY,origin.list,2026-10-04 00:08:28.011329+00:00
eximbank.today,AVAILABILITY,origin.list,2026-10-04 00:08:28.743615+00:00
easywebmanager.nl,AVAILABILITY,origin.list,2026-10-04 00:08:28.940159+00:00
ffgarena-membeship.com,AVAILABILITY,origin.list,2026-10-04 00:08:29.561049+00:00
ff-memnber-garena.com,AVAILABILITY,origin.list,2026-10-04 00:08:29.810031+00:00
ff-membersship-garrena.com,AVAILABILITY,origin.list,2026-10-04 00:08:30.295018+00:00
ff-membersshipp-garenaa.com,AVAILABILITY,origin.list,2026-10-04 00:08:30.588551+00:00
ffmembershipggarena.com,AVAILABILITY,origin.list,2026-10-04 00:08:30.944764+00:00
ffmenberzship-garena.com,AVAILABILITY,origin.list,2026-10-04 00:08:31.217882+00:00
ff-garena-sukien.site,AVAILABILITY,origin.list,2026-10-04 00:08:31.969006+00:00
ff-members-garena.vn,AVAILABILITY,origin.list,2026-10-04 00:08:32.121067+00:00
ffmenbershipgarena.com,AVAILABILITY,origin.list,2026-10-04 00:08:32.909491+00:00
fasebook.com.vn,AVAILABILITY,origin.list,2026-10-04 00:08:33.805704+00:00
fhef11.com,AVAILABILITY,origin.list,2026-10-04 00:08:34.504492+00:00
fhdd8431.com,AVAILABILITY,origin.list,2026-10-04 00:08:35.156996+00:00
dienmayxanhsuachua.life,AVAILABILITY,origin.list,2026-10-04 00:08:35.609948+00:00
ficonexchange.com,AVAILABILITY,origin.list,2026-10-04 00:08:35.781481+00:00
finacehoisomb.com,AVAILABILITY,origin.list,2026-10-04 00:08:36.218712+00:00
fmiphone-apple.com,AVAILABILITY,origin.list,2026-10-04 00:08:36.538622+00:00
finshope.com,AVAILABILITY,origin.list,2026-10-04 00:08:37.049142+00:00
facabook.id.vn,AVAILABILITY,origin.list,2026-10-04 00:08:37.573425+00:00
ffz-garena-membership.com,AVAILABILITY,origin.list,2026-10-04 00:08:37.921634+00:00
filavietnamve.com,AVAILABILITY,origin.list,2026-10-04 00:08:38.139568+00:00
finashope.com,AVAILABILITY,origin.list,2026-10-04 00:08:38.779476+00:00
fr1211022010eur.click,AVAILABILITY,origin.list,2026-10-04 00:08:38.808347+00:00
fr121102201eur.click,AVAILABILITY,origin.list,2026-10-04 00:08:39.382125+00:00
fr121102208eur.click,AVAILABILITY,origin.list,2026-10-04 00:08:39.452574+00:00
facebookk.life,AVAILABILITY,origin.list,2026-10-04 00:08:40.463692+00:00
dienmayxanh-vn.top,AVAILABILITY,origin.list,2026-10-04 00:08:40.874472+00:00
fr121102207.click,AVAILABILITY,origin.list,2026-10-04 00:08:41.045045+00:00
fr131102202eur.click,AVAILABILITY,origin.list,2026-10-04 00:08:41.549957+00:00
freefire-membershipp-vn.com,AVAILABILITY,origin.list,2026-10-04 00:08:41.725569+00:00
file-store2.xyz,AVAILABILITY,origin.list,2026-10-04 00:08:42.326787+00:00
ff-membershipz-garena.ga,AVAILABILITY,origin.list,2026-10-04 00:08:42.826264+00:00
ff-membership-garenal.ga,AVAILABILITY,origin.list,2026-10-04 00:08:43.182716+00:00
fr121102209eur.click,AVAILABILITY,origin.list,2026-10-04 00:08:43.440100+00:00
fr131102203eur.click,AVAILABILITY,origin.list,2026-10-04 00:08:44.055642+00:00
fr191102203eura.click,AVAILABILITY,origin.list,2026-10-04 00:08:44.073253+00:00
ffgarenavongquay.xyz,AVAILABILITY,origin.list,2026-10-04 00:08:44.824366+00:00
fr131102204eur.click,AVAILABILITY,origin.list,2026-10-04 00:08:45.414528+00:00
citivay.org,AVAILABILITY,origin.list,2026-10-04 00:08:46.174755+00:00
dantrii.info,AVAILABILITY,origin.list,2026-10-04 00:08:48.315091+00:00
eximbank.me,AVAILABILITY,origin.list,2026-10-04 00:08:49.446658+00:00
ff-menber-garena.vn,AVAILABILITY,origin.list,2026-10-04 00:08:49.563586+00:00
free.sc0mvn.com,AVAILABILITY,origin.list,2026-10-04 00:08:50.044425+00:00
fr131102206aced.click,AVAILABILITY,origin.list,2026-10-04 00:08:50.248264+00:00
freefire-vietnam.com,AVAILABILITY,origin.list,2026-10-04 00:08:50.931040+00:00
freefire-membershipp-garena.com,AVAILABILITY,origin.list,2026-10-04 00:08:50.995752+00:00
freefire-membershipvn-garena.com,AVAILABILITY,origin.list,2026-10-04 00:08:51.586723+00:00
freefiremembership-garenas.com,AVAILABILITY,origin.list,2026-10-04 00:08:51.658334+00:00
fpttrolynhansu.online,AVAILABILITY,origin.list,2026-10-04 00:08:52.191509+00:00
fr131102205eur.click,AVAILABILITY,origin.list,2026-10-04 00:08:52.347529+00:00
fpttrolynhansu.store,AVAILABILITY,origin.list,2026-10-04 00:08:52.938922+00:00
freefiremembershipq.com,AVAILABILITY,origin.list,2026-10-04 00:08:53.002586+00:00
fr191102204eura.click,AVAILABILITY,origin.list,2026-10-04 00:08:53.612495+00:00
fmagnitude.cfd,AVAILABILITY,origin.list,2026-10-04 00:08:53.947591+00:00
freefiremenbershipvn.com,AVAILABILITY,origin.list,2026-10-04 00:08:54.257802+00:00
freefirenhanqua.com,AVAILABILITY,origin.list,2026-10-04 00:08:54.659510+00:00
freefirehopqua.com,AVAILABILITY,origin.list,2026-10-04 00:08:54.866070+00:00
gameshopvn.com,AVAILABILITY,origin.list,2026-10-04 00:08:55.258143+00:00
fxshopeevip99.com,AVAILABILITY,origin.list,2026-10-04 00:08:55.548250+00:00
ftpshopvn.com,AVAILABILITY,origin.list,2026-10-04 00:08:55.970735+00:00
freefirervmembership.com,AVAILABILITY,origin.list,2026-10-04 00:08:56.217929+00:00
fvpvietnam.com,AVAILABILITY,origin.list,2026-10-04 00:08:56.621258+00:00
fullofactivishop.com,AVAILABILITY,origin.list,2026-10-04 00:08:56.875050+00:00
freelienquan2021.com,AVAILABILITY,origin.list,2026-10-04 00:08:57.269023+00:00
garena-ffmenbership.com,AVAILABILITY,origin.list,2026-10-04 00:08:57.480853+00:00
garena-freefire-memberships.com,AVAILABILITY,origin.list,2026-10-04 00:08:58.069532+00:00
gamevnshop.com,AVAILABILITY,origin.list,2026-10-04 00:08:58.209877+00:00
garena-ff.membershipsvn.com,AVAILABILITY,origin.list,2026-10-04 00:08:58.865018+00:00
garena-ff-membershipvn.com,AVAILABILITY,origin.list,2026-10-04 00:08:59.499686+00:00
gameshopvn.net,AVAILABILITY,origin.list,2026-10-04 00:09:00.164174+00:00
garena-membership-aov.com,AVAILABILITY,origin.list,2026-10-04 00:09:00.784020+00:00
eximbank.club,AVAILABILITY,origin.list,2026-10-04 00:09:00.834051+00:00
garena-lienquanvn-giftcode.com,AVAILABILITY,origin.list,2026-10-04 00:09:01.375874+00:00
garena-sukien-codegiftlqmb.com,AVAILABILITY,origin.list,2026-10-04 00:09:01.530217+00:00
garena-lienquanmobile-vn.com,AVAILABILITY,origin.list,2026-10-04 00:09:02.214785+00:00
garena-membershipffvn.com,AVAILABILITY,origin.list,2026-10-04 00:09:02.870827+00:00
garena-membershippvn.com,AVAILABILITY,origin.list,2026-10-04 00:09:03.484102+00:00
garena-sukien-skinsss.com,AVAILABILITY,origin.list,2026-10-04 00:09:04.065560+00:00
vanmaymomo.me,AVAILABILITY,origin.list,2026-10-04 00:09:14.928937+00:00
aliexshop.vip,AVAILABILITY,origin.list,2026-10-04 00:09:16.150223+00:00
garena-members.com,AVAILABILITY,origin.list,2026-10-04 00:09:17.046937+00:00
garena-menberships.com,AVAILABILITY,origin.list,2026-10-04 00:09:17.824461+00:00
congtykiman.org,AVAILABILITY,origin.list,2026-10-04 00:09:18.430685+00:00
garena.xacminhtaikhoan-vn.com,AVAILABILITY,origin.list,2026-10-04 00:09:18.454354+00:00
garenaamembeship.com,AVAILABILITY,origin.list,2026-10-04 00:09:19.118442+00:00
garenaamenbeship.com,AVAILABILITY,origin.list,2026-10-04 00:09:19.214959+00:00
garenaffmembeships.com,AVAILABILITY,origin.list,2026-10-04 00:09:19.786899+00:00
garenafreefire-membership.com,AVAILABILITY,origin.list,2026-10-04 00:09:19.876747+00:00
garenaffmembershipvn2021.com,AVAILABILITY,origin.list,2026-10-04 00:09:20.437956+00:00
frionene.xyz,AVAILABILITY,origin.list,2026-10-04 00:09:20.620762+00:00
sp5188.com,AVAILABILITY,origin.list,2026-10-04 00:09:21.037748+00:00
garenafreefiremembership-2021.com,AVAILABILITY,origin.list,2026-10-04 00:09:21.236155+00:00
garenafreefirevietnam2021.com,AVAILABILITY,origin.list,2026-10-04 00:09:21.667324+00:00
garenalienquan-chuoisukienhe.com,AVAILABILITY,origin.list,2026-10-04 00:09:22.342226+00:00
garenalqm.com,AVAILABILITY,origin.list,2026-10-04 00:09:23.017159+00:00
garenamembership.com,AVAILABILITY,origin.list,2026-10-04 00:09:23.658396+00:00
garenafreefire-memberrship.com,AVAILABILITY,origin.list,2026-10-04 00:09:24.339718+00:00
garenalienquanvn.com,AVAILABILITY,origin.list,2026-10-04 00:09:24.990915+00:00
garenamembershippvn.com,AVAILABILITY,origin.list,2026-10-04 00:09:25.590133+00:00
ff.memberships-garena.id.vn,AVAILABILITY,origin.list,2026-10-04 00:09:27.429372+00:00
garean.vn,AVAILABILITY,origin.list,2026-10-04 00:09:28.194234+00:00
faceb.me,AVAILABILITY,origin.list,2026-10-04 00:09:28.795778+00:00
garenanhanqua.com,AVAILABILITY,origin.list,2026-10-04 00:09:29.412739+00:00
garena-membershipp.online,AVAILABILITY,origin.list,2026-10-04 00:09:30.169736+00:00
garenamembershipff2021.com,AVAILABILITY,origin.list,2026-10-04 00:09:30.830241+00:00
garenasukienff.com,AVAILABILITY,origin.list,2026-10-04 00:09:31.536190+00:00
garena-membership.site,AVAILABILITY,origin.list,2026-10-04 00:09:32.225407+00:00
garenamembersship2021.com,AVAILABILITY,origin.list,2026-10-04 00:09:32.809005+00:00
metacritic.lol,AVAILABILITY,origin.list,2026-10-04 00:09:32.816815+00:00
gcaothushop.net,AVAILABILITY,origin.list,2026-10-04 00:09:33.435289+00:00
garenamemnbership.com,AVAILABILITY,origin.list,2026-10-04 00:09:33.451632+00:00
ggiao.hangtietkiem.com,AVAILABILITY,origin.list,2026-10-04 00:09:34.158036+00:00
gameover-shop.de,AVAILABILITY,origin.list,2026-10-04 00:09:34.616984+00:00
fussboden-elsenhans.de,AVAILABILITY,origin.list,2026-10-04 00:09:35.213583+00:00
gayleesinshop.com,AVAILABILITY,origin.list,2026-10-04 00:09:35.297294+00:00
garrenamembershipp.com,AVAILABILITY,origin.list,2026-10-04 00:09:35.828626+00:00
ghnn11.com,AVAILABILITY,origin.list,2026-10-04 00:09:35.899272+00:00
gdla.rgov.net,AVAILABILITY,origin.list,2026-10-04 00:09:36.417539+00:00
ghnn22.com,AVAILABILITY,origin.list,2026-10-04 00:09:36.493227+00:00
gbcloudbank.com,AVAILABILITY,origin.list,2026-10-04 00:09:37.061884+00:00
ghnn33.com,AVAILABILITY,origin.list,2026-10-04 00:09:37.254869+00:00
garenaa.vn,AVAILABILITY,origin.list,2026-10-04 00:09:38.113275+00:00
findprizesplace.life,AVAILABILITY,origin.list,2026-10-04 00:09:39.288420+00:00
freefire-garena-membership.tk,AVAILABILITY,origin.list,2026-10-04 00:09:39.747341+00:00
giaitrimomo.net,AVAILABILITY,origin.list,2026-10-04 00:09:39.878093+00:00
ghtk247.com,AVAILABILITY,origin.list,2026-10-04 00:09:40.372004+00:00
giaingan799.com,AVAILABILITY,origin.list,2026-10-04 00:09:40.641778+00:00
gefkyqjq.adckt.tech,AVAILABILITY,origin.list,2026-10-04 00:09:41.209758+00:00
garenamembership.ga,AVAILABILITY,origin.list,2026-10-04 00:09:41.255631+00:00
giaithuongviet457.com,AVAILABILITY,origin.list,2026-10-04 00:09:41.856863+00:00
giaodich-quetthetindung.com,AVAILABILITY,origin.list,2026-10-04 00:09:41.916828+00:00
giaodich-quetthetindungvn.com,AVAILABILITY,origin.list,2026-10-04 00:09:42.530802+00:00
giainganonline799.com,AVAILABILITY,origin.list,2026-10-04 00:09:42.532256+00:00
shopth2.com,AVAILABILITY,origin.list,2026-10-04 00:09:43.232813+00:00
garenafreefiremembership2021.ga,AVAILABILITY,origin.list,2026-10-04 00:09:43.853005+00:00
caoviet.net,AVAILABILITY,origin.list,2026-10-04 00:09:43.883001+00:00
vongquay79.com,AVAILABILITY,origin.list,2026-10-04 00:09:44.543982+00:00
ishopk.com,AVAILABILITY,origin.list,2026-10-04 00:09:44.556879+00:00
shopsieupham.com,AVAILABILITY,origin.list,2026-10-04 00:09:45.209095+00:00
findmy-status.com,AVAILABILITY,origin.list,2026-10-04 00:09:45.889769+00:00
garena.mobi,AVAILABILITY,origin.list,2026-10-04 00:09:47.344526+00:00
giaodichphieurutienmposvn.com,AVAILABILITY,origin.list,2026-10-04 00:09:48.075938+00:00
giaodichquettindungvn-online.com,AVAILABILITY,origin.list,2026-10-04 00:09:48.727373+00:00
facebookk.live,AVAILABILITY,origin.list,2026-10-04 00:09:49.011077+00:00
giaiviet259.com,AVAILABILITY,origin.list,2026-10-04 00:09:49.396592+00:00
getclipabcxyz.com,AVAILABILITY,origin.list,2026-10-04 00:09:50.033852+00:00
gdtgov.cfd,AVAILABILITY,origin.list,2026-10-04 00:09:50.736346+00:00
giaodichquettindungpos247-online.com,AVAILABILITY,origin.list,2026-10-04 00:09:51.399268+00:00
garenaj.vn,AVAILABILITY,origin.list,2026-10-04 00:09:52.538267+00:00
suitablepartner.life,AVAILABILITY,origin.list,2026-10-04 00:09:53.037221+00:00
giaohangtietkiem247.com,AVAILABILITY,origin.list,2026-10-04 00:09:53.248881+00:00
giftcode-garenavn-sukienlqmb.com,AVAILABILITY,origin.list,2026-10-04 00:09:53.618416+00:00
garenaprize.click,AVAILABILITY,origin.list,2026-10-04 00:09:53.957370+00:00
giftcode-mobilelienquan.com,AVAILABILITY,origin.list,2026-10-04 00:09:54.275213+00:00
giaodichquoctes.com,AVAILABILITY,origin.list,2026-10-04 00:09:54.630037+00:00
giaodichpostructuyenvn.com,AVAILABILITY,origin.list,2026-10-04 00:09:54.925529+00:00
giftcode-lienquanmobile-vn.com,AVAILABILITY,origin.list,2026-10-04 00:09:55.275861+00:00
giftcode-sukienaov.com,AVAILABILITY,origin.list,2026-10-04 00:09:55.919887+00:00
dichvucong.thongtindancu.org,AVAILABILITY,origin.list,2026-10-04 00:09:56.056626+00:00
giaohangtietkiemvietnam.com,AVAILABILITY,origin.list,2026-10-04 00:09:56.535018+00:00
giftcode-garena-lienquan.com,AVAILABILITY,origin.list,2026-10-04 00:09:56.745663+00:00
giiao.hangtietkiem.com,AVAILABILITY,origin.list,2026-10-04 00:09:57.151062+00:00
goshop2018.com,AVAILABILITY,origin.list,2026-10-04 00:09:57.386180+00:00
giovangvn999.com,AVAILABILITY,origin.list,2026-10-04 00:09:57.739373+00:00
gpay247-mp0s-quetthetindung.com,AVAILABILITY,origin.list,2026-10-04 00:09:58.020590+00:00
goshopee.net,AVAILABILITY,origin.list,2026-10-04 00:09:58.389917+00:00
gpay-mpos-ruttientindung.com,AVAILABILITY,origin.list,2026-10-04 00:09:58.649400+00:00
globalsellingads.com,AVAILABILITY,origin.list,2026-10-04 00:09:59.054773+00:00
grn-memberships.com,AVAILABILITY,origin.list,2026-10-04 00:09:59.264698+00:00
griefcube.cc,AVAILABILITY,origin.list,2026-10-04 00:10:00.029451+00:00
goshopee.cc,AVAILABILITY,origin.list,2026-10-04 00:10:00.679553+00:00
h5.tocdovn.com,AVAILABILITY,origin.list,2026-10-04 00:10:01.278456+00:00
grn-membershipff.com,AVAILABILITY,origin.list,2026-10-04 00:10:01.974882+00:00
hacktaikhoan.com,AVAILABILITY,origin.list,2026-10-04 00:10:02.573051+00:00
greenvay8.com,AVAILABILITY,origin.list,2026-10-04 00:10:03.241496+00:00
evnbankcredit.info,AVAILABILITY,origin.list,2026-10-04 00:10:03.626136+00:00
h5.tocdovnm.com,AVAILABILITY,origin.list,2026-10-04 00:10:03.936022+00:00
garena.fan,AVAILABILITY,origin.list,2026-10-04 00:10:05.074482+00:00
foreovietnam.me,AVAILABILITY,origin.list,2026-10-04 00:10:05.490155+00:00
hacktaikhoanfacebook.com,AVAILABILITY,origin.list,2026-10-04 00:10:05.650613+00:00
giaohangtietkiemvn.website,AVAILABILITY,origin.list,2026-10-04 00:10:06.171682+00:00
grn-memberships2021.com,AVAILABILITY,origin.list,2026-10-04 00:10:06.270936+00:00
h092021u.click,AVAILABILITY,origin.list,2026-10-04 00:10:06.754950+00:00
greatvay.xyz,AVAILABILITY,origin.list,2026-10-04 00:10:07.171213+00:00
gt091102204euc.click,AVAILABILITY,origin.list,2026-10-04 00:10:07.392356+00:00
globalshopping.website,AVAILABILITY,origin.list,2026-10-04 00:10:07.768886+00:00
h51.carpcredits.com,AVAILABILITY,origin.list,2026-10-04 00:10:08.107266+00:00
hanghaiqt.com,AVAILABILITY,origin.list,2026-10-04 00:10:08.338477+00:00
hdb.vntanghanmucvisadebit.com,AVAILABILITY,origin.list,2026-10-04 00:10:08.720285+00:00
gionghatvietnhi.online,AVAILABILITY,origin.list,2026-10-04 00:10:08.974678+00:00
han-muc-khcn-uu-tien-vna1.com,AVAILABILITY,origin.list,2026-10-04 00:10:09.306076+00:00
halovay.com,AVAILABILITY,origin.list,2026-10-04 00:10:09.976781+00:00
hanmucvn.com,AVAILABILITY,origin.list,2026-10-04 00:10:10.576741+00:00
h5.diamondwallet.online,AVAILABILITY,origin.list,2026-10-04 00:10:11.136860+00:00
hdbank.tructuyen-uudai-thekhachhang.com,AVAILABILITY,origin.list,2026-10-04 00:10:11.752854+00:00
hangairsoft.com,AVAILABILITY,origin.list,2026-10-04 00:10:12.394854+00:00
goshop.vin,AVAILABILITY,origin.list,2026-10-04 00:10:13.551602+00:00
handico.vaytienmat-nhanh24h.com,AVAILABILITY,origin.list,2026-10-04 00:10:14.218826+00:00
hdbankfinancc.website,AVAILABILITY,origin.list,2026-10-04 00:10:14.813949+00:00
hdcreditvnn.com,AVAILABILITY,origin.list,2026-10-04 00:10:15.486958+00:00
hdbanks.com,AVAILABILITY,origin.list,2026-10-04 00:10:16.103101+00:00
hdb.tang-han-muc-tin-dung-vn.com,AVAILABILITY,origin.list,2026-10-04 00:10:16.790286+00:00
hdsaison-app.cc,AVAILABILITY,origin.list,2026-10-04 00:10:17.493348+00:00
gplxgovn.vn,AVAILABILITY,origin.list,2026-10-04 00:10:18.976645+00:00
giaodichvidientu.com.vn,AVAILABILITY,origin.list,2026-10-04 00:10:19.993872+00:00
shopnamblue.com,AVAILABILITY,origin.list,2026-10-04 00:10:20.577352+00:00
dichvucong.dancuso.com,AVAILABILITY,origin.list,2026-10-04 00:10:20.645044+00:00
hdbankfinance.space,AVAILABILITY,origin.list,2026-10-04 00:10:21.340026+00:00
hdbankfinance.icu,AVAILABILITY,origin.list,2026-10-04 00:10:21.421898+00:00
hdbankfinancc.space,AVAILABILITY,origin.list,2026-10-04 00:10:21.984337+00:00
hdsaison-hi.cc,AVAILABILITY,origin.list,2026-10-04 00:10:22.017721+00:00
hdsaison-vip.cc,AVAILABILITY,origin.list,2026-10-04 00:10:22.638562+00:00
hdsaison-vn.com,AVAILABILITY,origin.list,2026-10-04 00:10:23.303917+00:00
hethongbank.com,AVAILABILITY,origin.list,2026-10-04 00:10:23.987762+00:00
hdbankfinancc.xyz,AVAILABILITY,origin.list,2026-10-04 00:10:24.704252+00:00
hethongbhx.com,AVAILABILITY,origin.list,2026-10-04 00:10:25.287909+00:00
hdbankfinancc.icu,AVAILABILITY,origin.list,2026-10-04 00:10:26.204067+00:00
hethongbank24h.com,AVAILABILITY,origin.list,2026-10-04 00:10:26.835288+00:00
hdsaisonvn.com,AVAILABILITY,origin.list,2026-10-04 00:10:27.455790+00:00
asiabay.shop,AVAILABILITY,origin.list,2026-10-04 00:10:27.955222+00:00
hdsaison-vn.cc,AVAILABILITY,origin.list,2026-10-04 00:10:28.116101+00:00
hdbankfinance.website,AVAILABILITY,origin.list,2026-10-04 00:10:28.559138+00:00
h49vnk.cyou,AVAILABILITY,origin.list,2026-10-04 00:10:29.407276+00:00
hethongdonhang.com,AVAILABILITY,origin.list,2026-10-04 00:10:30.027784+00:00
hdtinchap.com,AVAILABILITY,origin.list,2026-10-04 00:10:30.661995+00:00
hethongtikicareers24.com,AVAILABILITY,origin.list,2026-10-04 00:10:31.311307+00:00
hdbankfinance.xyz,AVAILABILITY,origin.list,2026-10-04 00:10:31.994797+00:00
hdbankfinance.world,AVAILABILITY,origin.list,2026-10-04 00:10:32.548238+00:00
hdbankfinance.cyou,AVAILABILITY,origin.list,2026-10-04 00:10:33.256693+00:00
hotro.asia,AVAILABILITY,origin.list,2026-10-04 00:10:33.650617+00:00
hethonggiaodichvidientu247.com,AVAILABILITY,origin.list,2026-10-04 00:10:33.942731+00:00
hethongviet99.com,AVAILABILITY,origin.list,2026-10-04 00:10:34.257423+00:00
hgff11.com,AVAILABILITY,origin.list,2026-10-04 00:10:34.629811+00:00
hihashop.com,AVAILABILITY,origin.list,2026-10-04 00:10:34.904226+00:00
helandsca.cfd,AVAILABILITY,origin.list,2026-10-04 00:10:35.385131+00:00
hdfn.online,AVAILABILITY,origin.list,2026-10-04 00:10:36.074206+00:00
hethongtikicareers24h.com,AVAILABILITY,origin.list,2026-10-04 00:10:36.747087+00:00
hitiens.com,AVAILABILITY,origin.list,2026-10-04 00:10:37.425531+00:00
garenamembership.top,AVAILABILITY,origin.list,2026-10-04 00:10:38.363091+00:00
hishopes.com,AVAILABILITY,origin.list,2026-10-04 00:10:39.040955+00:00
homecreditvn.net,AVAILABILITY,origin.list,2026-10-04 00:10:39.714657+00:00
giftcode-17thang8-lienquan-garena.ga,AVAILABILITY,origin.list,2026-10-04 00:10:40.561914+00:00
acb.vn-jss.vip,AVAILABILITY,origin.list,2026-10-04 00:10:58.491080+00:00
hkdbitexchange.com,AVAILABILITY,origin.list,2026-10-04 00:10:59.092425+00:00
hhwd68.com,AVAILABILITY,origin.list,2026-10-04 00:10:59.754399+00:00
hocsinhthanhlich.com,AVAILABILITY,origin.list,2026-10-04 00:11:00.426213+00:00
hopquavn.com,AVAILABILITY,origin.list,2026-10-04 00:11:01.101886+00:00
goplay88.me,AVAILABILITY,origin.list,2026-10-04 00:11:05.177809+00:00
hosothuong22.com,AVAILABILITY,origin.list,2026-10-04 00:11:05.887348+00:00
hosodangkyjookyli.com,AVAILABILITY,origin.list,2026-10-04 00:11:06.582359+00:00
dichvunhantien-eu.org,AVAILABILITY,origin.list,2026-10-04 00:11:09.390787+00:00
hoso5032.com,AVAILABILITY,origin.list,2026-10-04 00:11:10.009088+00:00
heirreplacem.cfd,AVAILABILITY,origin.list,2026-10-04 00:11:10.713046+00:00
www.vn999mall.vip,AVAILABILITY,origin.list,2026-10-04 00:11:11.229127+00:00
hosovang152.com,AVAILABILITY,origin.list,2026-10-04 00:11:11.385708+00:00
hotbuckers.com,AVAILABILITY,origin.list,2026-10-04 00:11:11.886703+00:00
hopquafreefire2021.com,AVAILABILITY,origin.list,2026-10-04 00:11:11.998023+00:00
hot-membership.com,AVAILABILITY,origin.list,2026-10-04 00:11:12.481693+00:00
herihed.cfd,AVAILABILITY,origin.list,2026-10-04 00:11:12.676322+00:00
hotro-garenavn.com,AVAILABILITY,origin.list,2026-10-04 00:11:13.067637+00:00
hotro-vn.com,AVAILABILITY,origin.list,2026-10-04 00:11:13.674956+00:00
hdbankfinance.agency,AVAILABILITY,origin.list,2026-10-04 00:11:13.881329+00:00
hocsinh-vn-edu.online,AVAILABILITY,origin.list,2026-10-04 00:11:14.332325+00:00
hillvietnam.xyz,AVAILABILITY,origin.list,2026-10-04 00:11:14.666805+00:00
hotro-xacminhtaikhoan-garena-vn.com,AVAILABILITY,origin.list,2026-10-04 00:11:15.278916+00:00
goshopee.club,AVAILABILITY,origin.list,2026-10-04 00:11:16.034007+00:00
hdbankfinance.win,AVAILABILITY,origin.list,2026-10-04 00:11:16.362404+00:00
hotrodienmayxanh.com,AVAILABILITY,origin.list,2026-10-04 00:11:16.686249+00:00
hocsinhthanhlich21.xyz,AVAILABILITY,origin.list,2026-10-04 00:11:17.067836+00:00
hotro0nline28.com,AVAILABILITY,origin.list,2026-10-04 00:11:17.256360+00:00
hocsinhthanhlich2021.online,AVAILABILITY,origin.list,2026-10-04 00:11:17.848389+00:00
giaohangtietkiem247.top,AVAILABILITY,origin.list,2026-10-04 00:11:17.997058+00:00
hotro-vi.net,AVAILABILITY,origin.list,2026-10-04 00:11:18.574318+00:00
hoiquanlq.vn,AVAILABILITY,origin.list,2026-10-04 00:11:18.722175+00:00
hotrotaichinh247g.com,AVAILABILITY,origin.list,2026-10-04 00:11:19.247048+00:00
hotro-taikhoan-garena-lqmb.com,AVAILABILITY,origin.list,2026-10-04 00:11:19.363790+00:00
hotromayxanh.com,AVAILABILITY,origin.list,2026-10-04 00:11:19.828781+00:00
hotroruttindung.com,AVAILABILITY,origin.list,2026-10-04 00:11:20.492526+00:00
hethongquatang.vn,AVAILABILITY,origin.list,2026-10-04 00:11:20.672108+00:00
hotrokhachhangtindungvietinbank.com,AVAILABILITY,origin.list,2026-10-04 00:11:21.181894+00:00
hotrovaytaichinhsg.com,AVAILABILITY,origin.list,2026-10-04 00:11:21.329406+00:00
hotdealshopee.com,AVAILABILITY,origin.list,2026-10-04 00:11:21.796235+00:00
hotroonline.net,AVAILABILITY,origin.list,2026-10-04 00:11:21.991594+00:00
hotrokhachhang-garena-account.com,AVAILABILITY,origin.list,2026-10-04 00:11:22.447265+00:00
hotrovayvoneximbak.com,AVAILABILITY,origin.list,2026-10-04 00:11:22.602683+00:00
hotrovaytinchapvpbank.com,AVAILABILITY,origin.list,2026-10-04 00:11:23.152046+00:00
honapply.vn,AVAILABILITY,origin.list,2026-10-04 00:11:23.427277+00:00
hpggroup.net,AVAILABILITY,origin.list,2026-10-04 00:11:23.757190+00:00
hotroviet999.com,AVAILABILITY,origin.list,2026-10-04 00:11:24.011495+00:00
hotrotaichinhh.com,AVAILABILITY,origin.list,2026-10-04 00:11:24.642509+00:00
hpy88yu.com,AVAILABILITY,origin.list,2026-10-04 00:11:25.260044+00:00
hotrovaynganhang88.com,AVAILABILITY,origin.list,2026-10-04 00:11:25.875356+00:00
garenamembership.asia,AVAILABILITY,origin.list,2026-10-04 00:11:28.630786+00:00
huaxinapp3.com,AVAILABILITY,origin.list,2026-10-04 00:11:29.345371+00:00
hotrotieudungtpbank.com,AVAILABILITY,origin.list,2026-10-04 00:11:30.010535+00:00
hotrochatluongchuyennghieptoanquoc.click,AVAILABILITY,origin.list,2026-10-04 00:11:30.736224+00:00
huaxinapp2.com,AVAILABILITY,origin.list,2026-10-04 00:11:31.390899+00:00
huaxinapp4.com,AVAILABILITY,origin.list,2026-10-04 00:11:31.983564+00:00
i-shopping888.com,AVAILABILITY,origin.list,2026-10-04 00:11:32.658826+00:00
huaxinapp1.com,AVAILABILITY,origin.list,2026-10-04 00:11:33.266028+00:00
ib-ebanking.com,AVAILABILITY,origin.list,2026-10-04 00:11:33.854821+00:00
hdbankfinancc.digital,AVAILABILITY,origin.list,2026-10-04 00:11:35.646696+00:00
ibkbank.net,AVAILABILITY,origin.list,2026-10-04 00:11:36.351001+00:00
ibankingdigital.com,AVAILABILITY,origin.list,2026-10-04 00:11:37.032670+00:00
iazada.com,AVAILABILITY,origin.list,2026-10-04 00:11:37.685453+00:00
huiyuangang.cc,AVAILABILITY,origin.list,2026-10-04 00:11:38.537876+00:00
hsunzrcz.thdcn.tech,AVAILABILITY,origin.list,2026-10-04 00:11:39.109963+00:00
hotronganhang.site,AVAILABILITY,origin.list,2026-10-04 00:11:39.783620+00:00
huaxinapp5.com,AVAILABILITY,origin.list,2026-10-04 00:11:40.476847+00:00
hotro.autos,AVAILABILITY,origin.list,2026-10-04 00:11:41.648181+00:00
iisacombank.com,AVAILABILITY,origin.list,2026-10-04 00:11:42.232770+00:00
hotrovaytinchapshinhan.xyz,AVAILABILITY,origin.list,2026-10-04 00:11:42.925353+00:00
icloudvi.com,AVAILABILITY,origin.list,2026-10-04 00:11:43.553842+00:00
insaoke-sacombank.com,AVAILABILITY,origin.list,2026-10-04 00:11:44.289758+00:00
ilsacombank.com,AVAILABILITY,origin.list,2026-10-04 00:11:44.970157+00:00
insurancopo.com,AVAILABILITY,origin.list,2026-10-04 00:11:45.566315+00:00
inet-ebank.com,AVAILABILITY,origin.list,2026-10-04 00:11:46.247755+00:00
hs38ma.cyou,AVAILABILITY,origin.list,2026-10-04 00:11:47.043385+00:00
www.amadbfk.vip,AVAILABILITY,origin.list,2026-10-04 00:11:47.393766+00:00
insvrvietnam.com,AVAILABILITY,origin.list,2026-10-04 00:11:47.998711+00:00
insurancuyt.com,AVAILABILITY,origin.list,2026-10-04 00:11:48.593357+00:00
ipscannershop.com,AVAILABILITY,origin.list,2026-10-04 00:11:49.258186+00:00
hotrokhachhang-uudai-tructuyen.com.vn,AVAILABILITY,origin.list,2026-10-04 00:11:50.665830+00:00
giaodichdaquocgia.us,AVAILABILITY,origin.list,2026-10-04 00:11:50.808944+00:00
insuranckjk.com,AVAILABILITY,origin.list,2026-10-04 00:11:51.303875+00:00
insuvietnam.com,AVAILABILITY,origin.list,2026-10-04 00:11:51.461038+00:00
hthecrown.cfd,AVAILABILITY,origin.list,2026-10-04 00:11:52.122424+00:00
indush.cfd,AVAILABILITY,origin.list,2026-10-04 00:11:52.202128+00:00
iplaytogethershop.com,AVAILABILITY,origin.list,2026-10-04 00:11:52.775527+00:00
ipscanneronline.com,AVAILABILITY,origin.list,2026-10-04 00:11:52.803927+00:00
investshopeemall.net,AVAILABILITY,origin.list,2026-10-04 00:11:53.452412+00:00
isacombank.net,AVAILABILITY,origin.list,2026-10-04 00:11:53.467014+00:00
insurancud.online,AVAILABILITY,origin.list,2026-10-04 00:11:54.165414+00:00
iesandb.cfd,AVAILABILITY,origin.list,2026-10-04 00:11:54.208774+00:00
ihgatms.cfd,AVAILABILITY,origin.list,2026-10-04 00:11:54.915505+00:00
isacambank.com,AVAILABILITY,origin.list,2026-10-04 00:11:55.576365+00:00
isacembank.com,AVAILABILITY,origin.list,2026-10-04 00:11:56.217219+00:00
ishoph.com,AVAILABILITY,origin.list,2026-10-04 00:11:56.819086+00:00
giacatloi.info,AVAILABILITY,origin.list,2026-10-04 00:11:57.038105+00:00
itikiab.com,AVAILABILITY,origin.list,2026-10-04 00:11:57.739054+00:00
iviietcombank.com,AVAILABILITY,origin.list,2026-10-04 00:11:58.340856+00:00
insurancdsa.site,AVAILABILITY,origin.list,2026-10-04 00:11:58.952995+00:00
isaombank.com,AVAILABILITY,origin.list,2026-10-04 00:11:59.617459+00:00
images.emldn.com,AVAILABILITY,origin.list,2026-10-04 00:12:00.643587+00:00
ivvietcombank.com,AVAILABILITY,origin.list,2026-10-04 00:12:01.248776+00:00
hdbankfinance.club,AVAILABILITY,origin.list,2026-10-04 00:12:01.548918+00:00
jaccsc.com,AVAILABILITY,origin.list,2026-10-04 00:12:01.893275+00:00
hdbankfinancc.top,AVAILABILITY,origin.list,2026-10-04 00:12:02.935977+00:00
jaccscom.com,AVAILABILITY,origin.list,2026-10-04 00:12:03.589930+00:00
jaccsn.com,AVAILABILITY,origin.list,2026-10-04 00:12:04.193039+00:00
hdbankfinance.live,AVAILABILITY,origin.list,2026-10-04 00:12:04.603658+00:00
jomashopsa.com,AVAILABILITY,origin.list,2026-10-04 00:12:05.250079+00:00
ibankingshopee.vn,AVAILABILITY,origin.list,2026-10-04 00:12:05.438348+00:00
kaurroot.com,AVAILABILITY,origin.list,2026-10-04 00:12:05.912055+00:00
ionthatco.cfd,AVAILABILITY,origin.list,2026-10-04 00:12:06.130680+00:00
idnhanquatang.vn,AVAILABILITY,origin.list,2026-10-04 00:12:06.780378+00:00
hdbankfinance.top,AVAILABILITY,origin.list,2026-10-04 00:12:07.728034+00:00
k2rjtiki.com,AVAILABILITY,origin.list,2026-10-04 00:12:08.375143+00:00
fpttrolynhansu.one,AVAILABILITY,origin.list,2026-10-04 00:12:08.884097+00:00
iruiotish.cfd,AVAILABILITY,origin.list,2026-10-04 00:12:09.109249+00:00
jeyrkyshop.com,AVAILABILITY,origin.list,2026-10-04 00:12:09.506269+00:00
jtqqzvqrd.net,AVAILABILITY,origin.list,2026-10-04 00:12:09.701939+00:00
ionvictoriesin.cfd,AVAILABILITY,origin.list,2026-10-04 00:12:10.215392+00:00
napplaytogether.com,AVAILABILITY,origin.list,2026-10-04 00:12:10.354966+00:00
kdsf11.com,AVAILABILITY,origin.list,2026-10-04 00:12:10.823145+00:00
kfdg22.com,AVAILABILITY,origin.list,2026-10-04 00:12:11.074166+00:00
itsdebri.cfd,AVAILABILITY,origin.list,2026-10-04 00:12:11.532364+00:00
kerrysexchange.com,AVAILABILITY,origin.list,2026-10-04 00:12:11.684531+00:00
istanmove.cfd,AVAILABILITY,origin.list,2026-10-04 00:12:12.195423+00:00
jo9p72.cyou,AVAILABILITY,origin.list,2026-10-04 00:12:12.444293+00:00
kh-cn-mrd-f5-tpbank.com,AVAILABILITY,origin.list,2026-10-04 00:12:12.862855+00:00
itishindia.cfd,AVAILABILITY,origin.list,2026-10-04 00:12:13.143756+00:00
kh-cn-uutien-3fv-vib.com,AVAILABILITY,origin.list,2026-10-04 00:12:13.494402+00:00
khach-hang-ca-nhan-vip5.com,AVAILABILITY,origin.list,2026-10-04 00:12:13.876556+00:00
jewvvkh.cyou,AVAILABILITY,origin.list,2026-10-04 00:12:14.231624+00:00
internetbank.site,AVAILABILITY,origin.list,2026-10-04 00:12:14.505451+00:00
jump.unixpop.xyz,AVAILABILITY,origin.list,2026-10-04 00:12:14.843361+00:00
kfdg55.com,AVAILABILITY,origin.list,2026-10-04 00:12:15.148903+00:00
khoaviphamtaikhoan.com,AVAILABILITY,origin.list,2026-10-04 00:12:15.501485+00:00
kh-vibquocte.com,AVAILABILITY,origin.list,2026-10-04 00:12:15.769031+00:00
khcn-my-diamon-han-muc-uu-tien.com,AVAILABILITY,origin.list,2026-10-04 00:12:16.131977+00:00
khcn-han-muc-tin-dung-ca-nhan.com,AVAILABILITY,origin.list,2026-10-04 00:12:16.373949+00:00
khachhangvib-canhan.com,AVAILABILITY,origin.list,2026-10-04 00:12:16.787790+00:00
jetkingncsc.online,AVAILABILITY,origin.list,2026-10-04 00:12:16.998859+00:00
khcn-uu-tien-3fv-vib.com,AVAILABILITY,origin.list,2026-10-04 00:12:17.610566+00:00
jaemoney.ltd,AVAILABILITY,origin.list,2026-10-04 00:12:17.844404+00:00
khcn-tindung-vp.com,AVAILABILITY,origin.list,2026-10-04 00:12:18.208423+00:00
shoptetff.com,AVAILABILITY,origin.list,2026-10-04 00:12:18.770856+00:00
tienbip.net,AVAILABILITY,origin.list,2026-10-04 00:12:19.490251+00:00
dienlanhnguyenkim.ctyvn.net,AVAILABILITY,origin.list,2026-10-04 00:12:20.179569+00:00
husbandsonly.co.uk,AVAILABILITY,origin.list,2026-10-04 00:12:21.126426+00:00
insurancdsa.life,AVAILABILITY,origin.list,2026-10-04 00:12:23.138753+00:00
napthex5.com,AVAILABILITY,origin.list,2026-10-04 00:12:23.805832+00:00
cloudsponcer.com,AVAILABILITY,origin.list,2026-10-04 00:12:24.392146+00:00
businessvideonews.com,AVAILABILITY,origin.list,2026-10-04 00:12:24.994828+00:00
tagclick-cdn.com,AVAILABILITY,origin.list,2026-10-04 00:12:25.680946+00:00
virtuallaughing.com,AVAILABILITY,origin.list,2026-10-04 00:12:26.327282+00:00
apple-vn.shop,AVAILABILITY,origin.list,2026-10-04 00:12:26.765140+00:00
unlimitedteacup.com,AVAILABILITY,origin.list,2026-10-04 00:12:26.965416+00:00
kavietnam.xyz,AVAILABILITY,origin.list,2026-10-04 00:12:27.797971+00:00
facebook.c0m.ltd,AVAILABILITY,origin.list,2026-10-04 00:12:27.851722+00:00
icswdocmv.on-ke.tech,AVAILABILITY,origin.list,2026-10-04 00:12:28.569659+00:00
taichinhthongminh.online,AVAILABILITY,origin.list,2026-10-04 00:12:29.301902+00:00
qrdfibtn.xfbly.online,AVAILABILITY,origin.list,2026-10-04 00:12:29.875917+00:00
dienmayxanh24h.com,AVAILABILITY,origin.list,2026-10-04 00:12:30.546831+00:00
nceefmh.qokng.online,AVAILABILITY,origin.list,2026-10-04 00:12:31.278072+00:00
member.sukien-lienquanmobile.com,AVAILABILITY,origin.list,2026-10-04 00:12:32.137496+00:00
24h.c0m.ltd,AVAILABILITY,origin.list,2026-10-04 00:12:33.088027+00:00
sukien-lienquanmobile.com,AVAILABILITY,origin.list,2026-10-04 00:12:33.751389+00:00
insuranc.club,AVAILABILITY,origin.list,2026-10-04 00:12:34.564797+00:00
cltx.shop,AVAILABILITY,origin.list,2026-10-04 00:12:39.908270+00:00
vaynhanhnamthanh.pro,AVAILABILITY,origin.list,2026-10-04 00:12:42.735679+00:00
napthe360.com,AVAILABILITY,origin.list,2026-10-04 00:12:43.301247+00:00
lienkettaikhoan.com,AVAILABILITY,origin.list,2026-10-04 00:12:45.591977+00:00
sandeal.net,AVAILABILITY,origin.list,2026-10-04 06:34:20.540699+00:00
nmifozwt.mcvxbk.online,AVAILABILITY,origin.list,2026-10-04 14:35:20.881484+00:00
officials-kmspico.com,AVAILABILITY,origin.list,2026-10-04 14:35:23.676848+00:00
shopteufunny.vn,AVAILABILITY,origin.list,2026-10-04 19:59:12.394723+00:00
momoearn.finance,AVAILABILITY,origin.list,2026-10-04 19:59:13.995368+00:00
vssid.cc,AVAILABILITY,origin.list,2026-10-04 19:59:18.224768+00:00
bideo-cdn.com,AVAILABILITY,origin.list,2026-10-04 19:59:19.634764+00:00
org.govqp.com,AVAILABILITY,origin.list,2026-10-04 19:59:23.953779+00:00
ahoravideo-blog.com,AVAILABILITY,origin.list,2026-10-04 19:59:25.467414+00:00
privatproxy-schnellvpn.com,AVAILABILITY,origin.list,2026-10-04 19:59:29.785234+00:00
irduwhojas.ga,AVAILABILITY,origin.list,2026-10-04 19:59:31.631885+00:00
cicfbo.yt-hgs.de,AVAILABILITY,origin.list,2026-10-04 19:59:35.634788+00:00
privatproxy-chat.com,AVAILABILITY,origin.list,2026-10-04 19:59:37.234603+00:00
insurancyn.club,AVAILABILITY,origin.list,2026-10-04 19:59:41.535058+00:00
ff-membeship.gairena.com,AVAILABILITY,origin.list,2026-10-04 19:59:42.989431+00:00
shoprbx.com,AVAILABILITY,origin.list,2026-10-04 19:59:47.195492+00:00
cdn.g8z.net,AVAILABILITY,origin.list,2026-10-04 19:59:48.648230+00:00
track-ecpost.click,AVAILABILITY,origin.list,2026-10-04 19:59:52.871633+00:00
dns.g8z.net,AVAILABILITY,origin.list,2026-10-04 19:59:54.292021+00:00
sieukhuyenmai.xyz,AVAILABILITY,origin.list,2026-10-04 19:59:58.945179+00:00
hocsinhthanhlich2020.info,AVAILABILITY,origin.list,2026-10-04 20:00:03.649414+00:00
trackfr.help,AVAILABILITY,origin.list,2026-10-04 20:00:04.834543+00:00
trackfr.art,AVAILABILITY,origin.list,2026-10-04 20:00:09.873118+00:00
icloud-vietnam.info,AVAILABILITY,origin.list,2026-10-04 20:00:12.872921+00:00
trackqa.click,AVAILABILITY,origin.list,2026-10-04 20:00:15.560195+00:00
om-tracka.top,AVAILABILITY,origin.list,2026-10-04 20:00:20.153643+00:00
naptheplaytogether.com,AVAILABILITY,origin.list,2026-10-04 20:00:21.238904+00:00
trackqa.xyz,AVAILABILITY,origin.list,2026-10-04 20:00:25.915082+00:00
trackfr.top,AVAILABILITY,origin.list,2026-10-04 20:00:27.669549+00:00
wemmzxo.cvtrs.link,AVAILABILITY,origin.list,2026-10-04 20:00:31.585837+00:00
sp56788.com,AVAILABILITY,origin.list,2026-10-04 20:00:33.314224+00:00
vaynganhang.top,AVAILABILITY,origin.list,2026-10-04 20:00:37.890442+00:00
shopvethan.com,AVAILABILITY,origin.list,2026-10-04 20:00:38.914441+00:00
freepccrack.com,AVAILABILITY,origin.list,2026-10-04 20:00:43.511096+00:00
hososonghung.org,AVAILABILITY,origin.list,2026-10-04 20:00:48.552657+00:00
muabitcoin.net,AVAILABILITY,origin.list,2026-10-04 20:00:49.690682+00:00
dienmayxanh24h.net,AVAILABILITY,origin.list,2026-10-04 20:00:55.305262+00:00
tuoitre24h.info,AVAILABILITY,origin.list,2026-10-04 20:00:59.419251+00:00
giaothuongvietnhat.org,AVAILABILITY,origin.list,2026-10-04 20:01:03.876949+00:00
shoprikaki.com,AVAILABILITY,origin.list,2026-10-04 20:01:09.725358+00:00
hdbankfinance.org,AVAILABILITY,origin.list,2026-10-04 20:01:20.610778+00:00
abxvr.ndkp.tech,AVAILABILITY,origin.list,2026-10-04 20:01:26.368433+00:00
baovietn.vip,AVAILABILITY,origin.list,2026-10-04 20:01:28.558091+00:00
khoi-khach-hang-ca-nhan-vni-diamon.com,AVAILABILITY,origin.list,2026-10-04 20:01:32.109897+00:00
khonapgame.com,AVAILABILITY,origin.list,2026-10-04 20:01:34.498288+00:00
track-ec.buzz,AVAILABILITY,origin.list,2026-10-04 20:01:39.110200+00:00
khoi-khach-hang-ca-nhan-uu-tien-vni.com,AVAILABILITY,origin.list,2026-10-04 20:01:40.401900+00:00
khuyenmailq.com,AVAILABILITY,origin.list,2026-10-04 20:01:44.920375+00:00
trackqa.buzz,AVAILABILITY,origin.list,2026-10-04 20:01:49.408357+00:00
khuyenmaitanthu.com,AVAILABILITY,origin.list,2026-10-04 20:01:50.598655+00:00
khuyenmaifreefirex5.com,AVAILABILITY,origin.list,2026-10-04 20:01:55.279040+00:00
trackfr.buzz,AVAILABILITY,origin.list,2026-10-04 20:01:59.715755+00:00
rbdwa.com,AVAILABILITY,origin.list,2026-10-04 20:02:01.128152+00:00
gaerena.vn,AVAILABILITY,origin.list,2026-10-04 20:02:05.548387+00:00
kiemtien2017.com,AVAILABILITY,origin.list,2026-10-04 20:02:06.891136+00:00
vietjet.online,AVAILABILITY,origin.list,2026-10-04 20:02:11.259148+00:00
trackqar.buzz,AVAILABILITY,origin.list,2026-10-04 20:02:14.907849+00:00
andall.servicesql.info,AVAILABILITY,origin.list,2026-10-04 20:02:19.486324+00:00
khvib-canhan.com,AVAILABILITY,origin.list,2026-10-04 20:02:20.806554+00:00
kiemtien2002.com,AVAILABILITY,origin.list,2026-10-04 20:02:25.167697+00:00
agjevez.ztraks.de,AVAILABILITY,origin.list,2026-10-04 20:02:26.616494+00:00
hoangkim1.org,AVAILABILITY,origin.list,2026-10-04 20:02:30.923008+00:00
kiemtiendinhcao.net,AVAILABILITY,origin.list,2026-10-04 20:02:32.443505+00:00
kiemtien4u.com,AVAILABILITY,origin.list,2026-10-04 20:02:36.586806+00:00
khoataikhoan-grn-vinhvien.xyz,AVAILABILITY,origin.list,2026-10-04 20:02:38.286270+00:00
kiemtiendinhcaoaz.com,AVAILABILITY,origin.list,2026-10-04 20:02:42.222915+00:00
kiemtienmomo.com,AVAILABILITY,origin.list,2026-10-04 20:02:44.321777+00:00
khoataikhoanhack-garena.xyz,AVAILABILITY,origin.list,2026-10-04 20:02:47.934662+00:00
kiemtienaff.com,AVAILABILITY,origin.list,2026-10-04 20:02:49.926241+00:00
kiemtienonlinenhanh2023.com,AVAILABILITY,origin.list,2026-10-04 20:02:53.551492+00:00
khovang.click,AVAILABILITY,origin.list,2026-10-04 20:02:55.802101+00:00
kingking79.com,AVAILABILITY,origin.list,2026-10-04 20:02:59.249902+00:00
kiemtratindung.com,AVAILABILITY,origin.list,2026-10-04 20:03:01.520758+00:00
kkh818.com,AVAILABILITY,origin.list,2026-10-04 20:03:07.137498+00:00
dorsitan.shop,AVAILABILITY,origin.list,2026-10-04 20:03:19.065101+00:00
binzdapoet.shop,AVAILABILITY,origin.list,2026-10-04 20:03:19.206901+00:00
kiemtientaigia2018.com,AVAILABILITY,origin.list,2026-10-04 20:03:24.778988+00:00
kjgb11.com,AVAILABILITY,origin.list,2026-10-04 20:03:30.508141+00:00
codb2b.shop,AVAILABILITY,origin.list,2026-10-04 20:03:31.973177+00:00
khuyenmaii2023.website,AVAILABILITY,origin.list,2026-10-04 20:03:36.336334+00:00
tikishop.top,AVAILABILITY,origin.list,2026-10-04 20:03:38.525545+00:00
khoataikhoangarena.xyz,AVAILABILITY,origin.list,2026-10-04 20:03:42.208967+00:00
kpd63519s.com,AVAILABILITY,origin.list,2026-10-04 20:03:44.359395+00:00
korshoptiktok.com,AVAILABILITY,origin.list,2026-10-04 20:03:47.859479+00:00
kiemtiencv19.pw,AVAILABILITY,origin.list,2026-10-04 20:03:50.042055+00:00
l-fb.co,AVAILABILITY,origin.list,2026-10-04 20:03:53.450382+00:00
kpt32165s.com,AVAILABILITY,origin.list,2026-10-04 20:03:55.639271+00:00
khuyenmaii2023.site,AVAILABILITY,origin.list,2026-10-04 20:03:59.146518+00:00
free-fire.shop,AVAILABILITY,origin.list,2026-10-04 20:04:13.711175+00:00
www.shopeesmarket.com,AVAILABILITY,origin.list,2026-10-04 20:04:15.233399+00:00
km-digibank.com,AVAILABILITY,origin.list,2026-10-04 20:04:19.382362+00:00
ksdp997.com,AVAILABILITY,origin.list,2026-10-04 20:04:24.967818+00:00
kyaj11.com,AVAILABILITY,origin.list,2026-10-04 20:04:30.842903+00:00
depandirect.be,AVAILABILITY,origin.list,2026-10-04 20:04:31.695358+00:00
la5959.com,AVAILABILITY,origin.list,2026-10-04 20:04:36.445806+00:00
la9435.com,AVAILABILITY,origin.list,2026-10-04 20:04:42.139661+00:00
findiphone.mobi,AVAILABILITY,origin.list,2026-10-04 20:04:47.586867+00:00
kuurza.com,AVAILABILITY,origin.list,2026-10-04 20:04:47.819211+00:00
laisuatkiemtiencao.com,AVAILABILITY,origin.list,2026-10-04 20:04:53.303792+00:00
kiemtienonline.team,AVAILABILITY,origin.list,2026-10-04 20:04:53.603219+00:00
la7168.com,AVAILABILITY,origin.list,2026-10-04 20:04:58.979566+00:00
kirov1.xyz,AVAILABILITY,origin.list,2026-10-04 20:05:05.002129+00:00
shopeesmarket.com,AVAILABILITY,origin.list,2026-10-04 20:05:09.554453+00:00
kiemtienmomo.online,AVAILABILITY,origin.list,2026-10-04 20:05:10.828559+00:00
ladsblue.com,AVAILABILITY,origin.list,2026-10-04 20:05:16.545836+00:00
lapdatinternet.net,AVAILABILITY,origin.list,2026-10-04 20:05:22.388111+00:00
kiemtien24h.vn,AVAILABILITY,origin.list,2026-10-04 20:05:28.724819+00:00
ebuyy.shop,AVAILABILITY,origin.list,2026-10-04 20:05:30.680797+00:00
la7890.cc,AVAILABILITY,origin.list,2026-10-04 20:05:34.626895+00:00
lazada1.com,AVAILABILITY,origin.list,2026-10-04 20:05:36.346131+00:00
lazada-task.cc,AVAILABILITY,origin.list,2026-10-04 20:05:40.436627+00:00
vdbank.com.vn,AVAILABILITY,origin.list,2026-10-04 20:05:42.851930+00:00
lambangcap3giare.net,AVAILABILITY,origin.list,2026-10-04 20:05:46.129582+00:00
lazada12.net,AVAILABILITY,origin.list,2026-10-04 20:05:48.477388+00:00
lazada1.cc,AVAILABILITY,origin.list,2026-10-04 20:05:51.740097+00:00
lazada111.com,AVAILABILITY,origin.list,2026-10-04 20:05:54.297538+00:00
lazada13.net,AVAILABILITY,origin.list,2026-10-04 20:05:57.503717+00:00
lazada36.com,AVAILABILITY,origin.list,2026-10-04 20:06:00.161290+00:00
labtpb.online,AVAILABILITY,origin.list,2026-10-04 20:06:03.318400+00:00
lazada1vn.net,AVAILABILITY,origin.list,2026-10-04 20:06:05.963295+00:00
lazada2.cc,AVAILABILITY,origin.list,2026-10-04 20:06:09.388360+00:00
lazada3.net,AVAILABILITY,origin.list,2026-10-04 20:06:11.888044+00:00
lazada1vn.com,AVAILABILITY,origin.list,2026-10-04 20:06:15.079150+00:00
lazada14.net,AVAILABILITY,origin.list,2026-10-04 20:06:17.497263+00:00
lazada7788.com,AVAILABILITY,origin.list,2026-10-04 20:06:20.672925+00:00
largerinscale.cfd,AVAILABILITY,origin.list,2026-10-04 20:06:23.255640+00:00
lazada438.com,AVAILABILITY,origin.list,2026-10-04 20:06:26.286493+00:00
lazada218.com,AVAILABILITY,origin.list,2026-10-04 20:06:29.182745+00:00
dotreliable.com,AVAILABILITY,origin.list,2026-10-04 20:06:42.209596+00:00
dvw22rk.c2dat.shop,AVAILABILITY,origin.list,2026-10-04 20:06:45.775377+00:00
lazada8.net,AVAILABILITY,origin.list,2026-10-04 20:06:47.959265+00:00
lazada68.com,AVAILABILITY,origin.list,2026-10-04 20:06:51.442342+00:00
lavas.exchange,AVAILABILITY,origin.list,2026-10-04 20:06:54.063049+00:00
lazadabrand.com,AVAILABILITY,origin.list,2026-10-04 20:06:57.350007+00:00
lazada556.com,AVAILABILITY,origin.list,2026-10-04 20:06:59.728760+00:00
lazada889.com,AVAILABILITY,origin.list,2026-10-04 20:07:03.008185+00:00
lazadac15.com,AVAILABILITY,origin.list,2026-10-04 20:07:05.477653+00:00
lazadae16.com,AVAILABILITY,origin.list,2026-10-04 20:07:08.896510+00:00
lazadaf13.com,AVAILABILITY,origin.list,2026-10-04 20:07:11.236914+00:00
lazadad18.com,AVAILABILITY,origin.list,2026-10-04 20:07:14.533033+00:00
lazadaf15.com,AVAILABILITY,origin.list,2026-10-04 20:07:16.931267+00:00
lazada6.net,AVAILABILITY,origin.list,2026-10-04 20:07:20.197010+00:00
lazadagroup.net,AVAILABILITY,origin.list,2026-10-04 20:07:22.568881+00:00
lazadaf16.com,AVAILABILITY,origin.list,2026-10-04 23:47:36.723338+00:00
lazadah15.com,AVAILABILITY,origin.list,2026-10-04 23:47:39.473770+00:00
lazadag18.com,AVAILABILITY,origin.list,2026-10-04 23:47:43.239378+00:00
khangdz215.tk,AVAILABILITY,origin.list,2026-10-04 23:47:46.268828+00:00
lapmangsctv.com.vn,AVAILABILITY,origin.list,2026-10-04 23:47:50.457189+00:00
lazadaf18.com,AVAILABILITY,origin.list,2026-10-04 23:47:52.701137+00:00
ctxkfl.cndgz.link,AVAILABILITY,origin.list,2026-10-04 23:47:56.508393+00:00
lazadag12.com,AVAILABILITY,origin.list,2026-10-04 23:47:59.072873+00:00
lazadag16.com,AVAILABILITY,origin.list,2026-10-04 23:48:02.878702+00:00
lazadamallc.com,AVAILABILITY,origin.list,2026-10-04 23:48:05.250242+00:00
lazadaord.com,AVAILABILITY,origin.list,2026-10-04 23:48:09.057503+00:00
lazadamallz.com,AVAILABILITY,origin.list,2026-10-04 23:48:11.405015+00:00
lazadau14.com,AVAILABILITY,origin.list,2026-10-04 23:48:15.381777+00:00
l-j.me,AVAILABILITY,origin.list,2026-10-04 23:48:18.718598+00:00
lazadaj15.com,AVAILABILITY,origin.list,2026-10-04 23:48:21.509679+00:00
lazadah16.com,AVAILABILITY,origin.list,2026-10-04 23:48:24.919581+00:00
lazadao13.com,AVAILABILITY,origin.list,2026-10-04 23:48:27.756492+00:00
lazadao14.com,AVAILABILITY,origin.list,2026-10-04 23:48:31.106901+00:00
lazadap14.com,AVAILABILITY,origin.list,2026-10-04 23:48:34.089858+00:00
lazadaapp.icu,AVAILABILITY,origin.list,2026-10-04 23:48:37.705367+00:00
lazd8.com,AVAILABILITY,origin.list,2026-10-04 23:48:40.317584+00:00
labanga.de,AVAILABILITY,origin.list,2026-10-04 23:48:44.845914+00:00
lazadap15.com,AVAILABILITY,origin.list,2026-10-04 23:48:46.751650+00:00
lazadau15.com,AVAILABILITY,origin.list,2026-10-04 23:48:51.112355+00:00
japan-shopac.asia,AVAILABILITY,origin.list,2026-10-04 23:48:56.172150+00:00
kiemtien.asia,AVAILABILITY,origin.list,2026-10-04 23:49:03.355479+00:00
lazadav17.com,AVAILABILITY,origin.list,2026-10-04 23:49:09.649807+00:00
lazadatuyennhanvien.com,AVAILABILITY,origin.list,2026-10-04 23:49:15.863805+00:00
goshopbackvip.vip,AVAILABILITY,origin.list,2026-10-04 23:49:19.786695+00:00
letanggiai01.com,AVAILABILITY,origin.list,2026-10-04 23:49:22.110254+00:00
lazada1.vn,AVAILABILITY,origin.list,2026-10-04 23:49:27.353446+00:00
lazadaz17.com,AVAILABILITY,origin.list,2026-10-04 23:49:28.267182+00:00
letraoquavn.com,AVAILABILITY,origin.list,2026-10-04 23:49:33.584906+00:00
lazadax17.com,AVAILABILITY,origin.list,2026-10-04 23:49:34.482193+00:00
lienminhhanghieu.com,AVAILABILITY,origin.list,2026-10-04 23:49:39.739469+00:00
lienminhshopgame.com,AVAILABILITY,origin.list,2026-10-04 23:49:40.691361+00:00
kiemtiensieutoc.me,AVAILABILITY,origin.list,2026-10-04 23:49:46.801194+00:00
lienquan-garenavn2.com,AVAILABILITY,origin.list,2026-10-04 23:49:46.915511+00:00
langthang7.ml,AVAILABILITY,origin.list,2026-10-04 23:49:53.366943+00:00
kmnapthe.ga,AVAILABILITY,origin.list,2026-10-04 23:49:54.182214+00:00
lienquan-garena-member.com,AVAILABILITY,origin.list,2026-10-04 23:49:59.624566+00:00
letangqua2022.com,AVAILABILITY,origin.list,2026-10-04 23:50:00.419372+00:00
lienketvidientu.com,AVAILABILITY,origin.list,2026-10-04 23:50:05.785646+00:00
lienquan-giftcode-vn.com,AVAILABILITY,origin.list,2026-10-04 23:50:06.588884+00:00
lienminh-membership.com,AVAILABILITY,origin.list,2026-10-04 23:50:12.775042+00:00
khuyenmaivangonline.club,AVAILABILITY,origin.list,2026-10-04 23:50:16.102920+00:00
lienquan-garena-giftcode.com,AVAILABILITY,origin.list,2026-10-04 23:50:18.985994+00:00
bachoaxanhh.com,AVAILABILITY,origin.list,2026-10-04 23:50:22.299873+00:00
lienquan-vuihe2021.com,AVAILABILITY,origin.list,2026-10-04 23:50:25.147100+00:00
lienquan-sukienqua.com,AVAILABILITY,origin.list,2026-10-04 23:50:28.472195+00:00
lazadaflashsale99.xyz,AVAILABILITY,origin.list,2026-10-04 23:50:31.920117+00:00
lazadaz.xyz,AVAILABILITY,origin.list,2026-10-04 23:50:34.967912+00:00
lienquan.co,AVAILABILITY,origin.list,2026-10-04 23:50:38.222282+00:00
lienquan.garennavn.com,AVAILABILITY,origin.list,2026-10-04 23:50:41.612477+00:00
lienquangiftcodegarenavn.com,AVAILABILITY,origin.list,2026-10-04 23:50:44.406496+00:00
lienquanches.com,AVAILABILITY,origin.list,2026-10-04 23:50:47.757372+00:00
lditsdebriisar.cfd,AVAILABILITY,origin.list,2026-10-04 23:50:50.932792+00:00
lienquan.garena-vi.ga,AVAILABILITY,origin.list,2026-10-04 23:50:54.000737+00:00
lienquancode.com,AVAILABILITY,origin.list,2026-10-04 23:50:57.113242+00:00
lienquangiftcodethang7.com,AVAILABILITY,origin.list,2026-10-04 23:51:00.242575+00:00
lazadavn.vn,AVAILABILITY,origin.list,2026-10-04 23:51:04.129536+00:00
lienquanmobilequatang.com,AVAILABILITY,origin.list,2026-10-04 23:51:06.451523+00:00
lazadal.fit,AVAILABILITY,origin.list,2026-10-04 23:51:13.651183+00:00
goshopback.vip,AVAILABILITY,origin.list,2026-10-04 23:51:22.893988+00:00
congnapfreefire.com,AVAILABILITY,origin.list,2026-10-04 23:51:29.264399+00:00
proactivationkey.com,AVAILABILITY,origin.list,2026-10-04 23:51:35.441310+00:00
c.vn-ebayn.vip,AVAILABILITY,origin.list,2026-10-04 23:51:39.895654+00:00
moneycat.vn,AVAILABILITY,origin.list,2026-10-04 23:51:43.245185+00:00
lazada-sale.gq,AVAILABILITY,origin.list,2026-10-04 23:51:47.934288+00:00
phanmem111.com,AVAILABILITY,origin.list,2026-10-04 23:51:49.748857+00:00
ff.member.garenae.vn,AVAILABILITY,origin.list,2026-10-04 23:51:55.010118+00:00
shopee62.com,AVAILABILITY,origin.list,2026-10-04 23:51:56.113638+00:00
trianlq.com,AVAILABILITY,origin.list,2026-10-04 23:52:01.344488+00:00
vui-vay.com,AVAILABILITY,origin.list,2026-10-04 23:52:02.271257+00:00
org-secured.com,AVAILABILITY,origin.list,2026-10-04 23:52:08.542810+00:00
lazmail.com.vn,AVAILABILITY,origin.list,2026-10-04 23:52:08.944840+00:00
shopducmomtv.com,AVAILABILITY,origin.list,2026-10-04 23:52:15.124970+00:00
ledgertp.com,AVAILABILITY,origin.list,2026-10-04 23:52:15.134499+00:00
lfb.ink,AVAILABILITY,origin.list,2026-10-04 23:52:23.182643+00:00
lazada.gg,AVAILABILITY,origin.list,2026-10-04 23:52:23.488832+00:00
dichvucong.tkgov.com,AVAILABILITY,origin.list,2026-10-04 23:52:29.355410+00:00
shopaccvip.vn,AVAILABILITY,origin.list,2026-10-04 23:52:30.691855+00:00
https-apple.com,AVAILABILITY,origin.list,2026-10-04 23:52:35.533297+00:00
me-fb.site,AVAILABILITY,origin.list,2026-10-04 23:52:41.817875+00:00
nhanquagunny.com,AVAILABILITY,origin.list,2026-10-04 23:52:47.920692+00:00
insurancea.vip,AVAILABILITY,origin.list,2026-10-04 23:52:53.991243+00:00
sukienlq.com,AVAILABILITY,origin.list,2026-10-04 23:52:54.158912+00:00
amnsreiuojy.ru,AVAILABILITY,origin.list,2026-10-04 23:53:02.729556+00:00
kiemtienantoan.info,AVAILABILITY,origin.list,2026-10-04 23:53:03.977880+00:00
dienmayxanhtantam.com,AVAILABILITY,origin.list,2026-10-04 23:53:10.077027+00:00
nwbfmp.qzms.online,AVAILABILITY,origin.list,2026-10-04 23:53:16.305952+00:00
rituationscardb.info,AVAILABILITY,origin.list,2026-10-04 23:53:17.326889+00:00
dienmayxanh247.com,AVAILABILITY,origin.list,2026-10-04 23:53:22.669695+00:00
1125bgg.teknikad.com,AVAILABILITY,origin.list,2026-10-04 23:53:23.558807+00:00
phomuabannhadat.com,AVAILABILITY,origin.list,2026-10-04 23:53:29.020693+00:00
face-book.co,AVAILABILITY,origin.list,2026-10-04 23:53:30.063302+00:00
chanlemomo.cc,AVAILABILITY,origin.list,2026-10-04 23:53:35.415267+00:00
napx3.com,AVAILABILITY,origin.list,2026-10-04 23:53:36.275588+00:00
shopmall88.com,AVAILABILITY,origin.list,2026-10-04 23:53:41.745729+00:00
shopgamedls.com,AVAILABILITY,origin.list,2026-10-04 23:53:42.470347+00:00
lienquan-garena-vn.com,AVAILABILITY,origin.list,2026-10-04 23:53:48.025543+00:00
nikestorevn.com,AVAILABILITY,origin.list,2026-10-04 23:53:48.551947+00:00
www.nikestorevn.com,AVAILABILITY,origin.list,2026-10-04 23:53:54.643311+00:00
vssid.govvvn.com,AVAILABILITY,origin.list,2026-10-04 23:53:54.815011+00:00
mobilegamerstats.com,AVAILABILITY,origin.list,2026-10-04 23:54:00.806936+00:00
vongquaymayman.store,AVAILABILITY,origin.list,2026-10-04 23:54:07.196454+00:00
apteka-money.ru,AVAILABILITY,origin.list,2026-10-04 23:54:16.087158+00:00
goshopee.vip,AVAILABILITY,origin.list,2026-10-04 23:54:19.399168+00:00
snoweeanalytics.com,AVAILABILITY,origin.list,2026-10-04 23:54:22.278987+00:00
shopgem.net,AVAILABILITY,origin.list,2026-10-04 23:54:25.543087+00:00
dien-may-xanh.net,AVAILABILITY,origin.list,2026-10-04 23:54:28.578900+00:00
napthefreefire.vn,AVAILABILITY,origin.list,2026-10-04 23:54:32.403021+00:00
kiemtien656.work,AVAILABILITY,origin.list,2026-10-04 23:54:35.115262+00:00
napthesieunhanh.com,AVAILABILITY,origin.list,2026-10-04 23:54:41.297102+00:00
0fb.info,AVAILABILITY,origin.list,2026-10-04 23:54:43.014704+00:00
topographyupdates.com,AVAILABILITY,origin.list,2026-10-04 23:54:49.153612+00:00
m-feccabook.info,AVAILABILITY,origin.list,2026-10-04 23:54:53.395839+00:00
suamaylanh.dien-may-xanh.net,AVAILABILITY,origin.list,2026-10-04 23:54:55.312814+00:00
baonhanh.online,AVAILABILITY,origin.list,2026-10-04 23:54:59.462117+00:00
suatulanh.dien-may-xanh.net,AVAILABILITY,origin.list,2026-10-04 23:55:01.444253+00:00
lienquantrianvn2021.com,AVAILABILITY,origin.list,2026-10-04 23:55:05.657587+00:00
lienquanmbvn.com,AVAILABILITY,origin.list,2026-10-04 23:55:07.701314+00:00
lienquan.garena-vn.store,AVAILABILITY,origin.list,2026-10-04 23:55:11.883924+00:00
trackqa.help,AVAILABILITY,origin.list,2026-10-04 23:55:14.487163+00:00
lienquannhanquavn2021.com,AVAILABILITY,origin.list,2026-10-04 23:55:18.211016+00:00
momo88.top,AVAILABILITY,origin.list,2026-10-04 23:55:26.280832+00:00
insurancert.vip,AVAILABILITY,origin.list,2026-10-04 23:55:31.260252+00:00
ziefobjq.m0jdq3.me,AVAILABILITY,origin.list,2026-10-04 23:55:33.802230+00:00
link.theworkguyoo.com,AVAILABILITY,origin.list,2026-10-04 23:55:39.980296+00:00
linshopee.com,AVAILABILITY,origin.list,2026-10-04 23:55:46.501854+00:00
insuranc.vip,AVAILABILITY,origin.list,2026-10-04 23:55:51.645590+00:00
track-ec.lol,AVAILABILITY,origin.list,2026-10-04 23:55:53.107396+00:00
lienquan-member.vn,AVAILABILITY,origin.list,2026-10-04 23:55:59.328376+00:00
lienkettaikhoannhanqua.online,AVAILABILITY,origin.list,2026-10-04 23:55:59.601153+00:00
lienquanxgarena.com,AVAILABILITY,origin.list,2026-10-04 23:56:05.760229+00:00
linkkrutgon.com,AVAILABILITY,origin.list,2026-10-04 23:56:05.767900+00:00
lienquanmobilefree.com,AVAILABILITY,origin.list,2026-10-04 23:56:12.020969+00:00
vayvnd.vn,AVAILABILITY,origin.list,2026-10-04 23:56:12.558675+00:00
liximomo.net,AVAILABILITY,origin.list,2026-10-04 23:56:18.521008+00:00
lienvietbank.vn-vp.xyz,AVAILABILITY,origin.list,2026-10-04 23:56:19.130306+00:00
lienquan-member-garena.site,AVAILABILITY,origin.list,2026-10-04 23:56:24.638350+00:00
lmht-membership.com,AVAILABILITY,origin.list,2026-10-04 23:56:25.449575+00:00
llzd2.com,AVAILABILITY,origin.list,2026-10-04 23:56:31.150979+00:00
lixitetlienquan.com,AVAILABILITY,origin.list,2026-10-04 23:56:32.014524+00:00
lookctv-vn.com,AVAILABILITY,origin.list,2026-10-04 23:56:38.250583+00:00
lmoney01.com,AVAILABILITY,origin.list,2026-10-04 23:56:44.500953+00:00
loafoushuho.com,AVAILABILITY,origin.list,2026-10-04 23:56:50.883627+00:00
link8x.xyz,AVAILABILITY,origin.list,2026-10-04 23:56:57.752879+00:00
insurancdsc.vip,AVAILABILITY,origin.list,2026-10-04 23:56:58.522586+00:00
lienquan-sukien-garena.vn,AVAILABILITY,origin.list,2026-10-04 23:57:04.611394+00:00
locmomo.com,AVAILABILITY,origin.list,2026-10-04 23:57:04.702394+00:00
loanmoney-th.com,AVAILABILITY,origin.list,2026-10-04 23:57:10.981404+00:00
lazada1vn.top,AVAILABILITY,origin.list,2026-10-04 23:57:11.874803+00:00
lo.dama582.com,AVAILABILITY,origin.list,2026-10-04 23:57:17.476886+00:00
kstorybank.top,AVAILABILITY,origin.list,2026-10-04 23:57:18.809765+00:00
lotomomo.com,AVAILABILITY,origin.list,2026-10-04 23:57:23.683697+00:00
lotte3333.com,AVAILABILITY,origin.list,2026-10-04 23:57:25.044905+00:00
looklazada.com,AVAILABILITY,origin.list,2026-10-04 23:57:29.798107+00:00
long-thanh.com,AVAILABILITY,origin.list,2026-10-04 23:57:31.243452+00:00
login-applecare.com,AVAILABILITY,origin.list,2026-10-04 23:57:35.943907+00:00
lottefinance6.com,AVAILABILITY,origin.list,2026-10-04 23:57:42.145724+00:00
liximomo.fun,AVAILABILITY,origin.list,2026-10-04 23:57:48.278581+00:00
lottefinance.vay10s.com,AVAILABILITY,origin.list,2026-10-05 00:06:17.907173+00:00
lotte66.com,AVAILABILITY,origin.list,2026-10-05 00:06:23.672062+00:00
insurancide.vip,AVAILABILITY,origin.list,2026-10-05 00:06:36.986379+00:00
lienquanmobile.shop,AVAILABILITY,origin.list,2026-10-05 00:06:41.140602+00:00
likeviet07.online,AVAILABILITY,origin.list,2026-10-05 00:06:43.121014+00:00
lottevn333.com,AVAILABILITY,origin.list,2026-10-05 00:06:46.989499+00:00
klingxai.com,AVAILABILITY,origin.list,2026-10-05 00:06:50.937406+00:00
tdkd08.com,AVAILABILITY,origin.list,2026-10-05 00:06:52.828558+00:00
lottevn518.com,AVAILABILITY,origin.list,2026-10-05 00:06:56.666838+00:00
lotte333.com,AVAILABILITY,origin.list,2026-10-05 00:06:58.678728+00:00
lottevn896.com,AVAILABILITY,origin.list,2026-10-05 00:07:02.493919+00:00
4668843.cc,AVAILABILITY,origin.list,2026-10-05 00:07:04.751995+00:00
lienquan-vgarena.vn,AVAILABILITY,origin.list,2026-10-05 00:07:09.168203+00:00
bhxh.co,AVAILABILITY,origin.list,2026-10-05 00:07:10.684815+00:00
2305748.cc,AVAILABILITY,origin.list,2026-10-05 00:07:15.063873+00:00
khuyenkhichsangtaoviet.net,AVAILABILITY,origin.list,2026-10-05 00:07:16.403677+00:00
aikguairn.osmt.link,AVAILABILITY,origin.list,2026-10-05 00:07:20.978925+00:00
vaytinchapvpbank.com,AVAILABILITY,origin.list,2026-10-05 00:07:22.129556+00:00
gqcqbpl.vneuw.online,AVAILABILITY,origin.list,2026-10-05 00:07:26.875486+00:00
vpbank.appvest.vn,AVAILABILITY,origin.list,2026-10-05 00:07:29.276828+00:00
lottevn999.com,AVAILABILITY,origin.list,2026-10-05 00:07:32.539570+00:00
lottevn666.com,AVAILABILITY,origin.list,2026-10-05 00:07:34.994857+00:00
lsacomban.com,AVAILABILITY,origin.list,2026-10-05 00:07:38.177061+00:00
lvietcombank.com,AVAILABILITY,origin.list,2026-10-05 00:07:40.642659+00:00
lottefinancev.cc,AVAILABILITY,origin.list,2026-10-05 00:07:43.891396+00:00
luuvanquang.com,AVAILABILITY,origin.list,2026-10-05 00:07:46.357876+00:00
lzd2024.com,AVAILABILITY,origin.list,2026-10-05 00:07:49.553886+00:00
m.1svi101.com,AVAILABILITY,origin.list,2026-10-05 00:07:52.197177+00:00
lstmoney.xyz,AVAILABILITY,origin.list,2026-10-05 00:07:55.927263+00:00
m.duftpe.com,AVAILABILITY,origin.list,2026-10-05 00:07:57.927909+00:00
m.luxurysvip888.com,AVAILABILITY,origin.list,2026-10-05 00:08:01.676468+00:00
m.5u1io.com,AVAILABILITY,origin.list,2026-10-05 00:08:03.686262+00:00
m-fb.site,AVAILABILITY,origin.list,2026-10-05 00:08:07.823876+00:00
magazineshopeeonline.com,AVAILABILITY,origin.list,2026-10-05 00:08:09.380402+00:00
shoptienzombie.vn,AVAILABILITY,origin.list,2026-10-05 00:08:14.312023+00:00
mail.pcygphil.com,AVAILABILITY,origin.list,2026-10-05 00:08:15.032410+00:00
m.lxysp94.com,AVAILABILITY,origin.list,2026-10-05 00:08:20.194954+00:00
locabank.vn,AVAILABILITY,origin.list,2026-10-05 00:08:22.269800+00:00
m.kone365.com,AVAILABILITY,origin.list,2026-10-05 00:08:28.066202+00:00
lotttemart.store,AVAILABILITY,origin.list,2026-10-05 00:08:34.054236+00:00
low-lyingwh.cfd,AVAILABILITY,origin.list,2026-10-05 00:08:40.303568+00:00
insurancexl.vip,AVAILABILITY,origin.list,2026-10-05 00:08:44.098065+00:00
m.maxdong101.com,AVAILABILITY,origin.list,2026-10-05 00:08:46.111226+00:00
macysbyi.com,AVAILABILITY,origin.list,2026-10-05 00:08:49.761417+00:00
mail.simpletra.com,AVAILABILITY,origin.list,2026-10-05 00:08:51.927300+00:00
m.tot166.com,AVAILABILITY,origin.list,2026-10-05 00:08:55.522086+00:00
master-visa-nang-hang-ca-nhan-vib.com,AVAILABILITY,origin.list,2026-10-05 00:08:57.577889+00:00
m.nbm65.com,AVAILABILITY,origin.list,2026-10-05 00:09:03.325179+00:00
mail.bomloginset.com,AVAILABILITY,origin.list,2026-10-05 00:09:09.050768+00:00
amazonsg.shop,AVAILABILITY,origin.list,2026-10-05 00:09:11.750161+00:00
mastercard-quetthetindung247.com,AVAILABILITY,origin.list,2026-10-05 00:09:14.743597+00:00
m.vnsc-finhay.com,AVAILABILITY,origin.list,2026-10-05 00:09:17.496083+00:00
mbankingvn.com,AVAILABILITY,origin.list,2026-10-05 00:09:20.399931+00:00
main-card-vib.com,AVAILABILITY,origin.list,2026-10-05 00:09:23.122792+00:00
m.mmocorporation2017.com,AVAILABILITY,origin.list,2026-10-05 00:09:26.169352+00:00
mallslazada.com,AVAILABILITY,origin.list,2026-10-05 00:09:28.807864+00:00
mail.theworkguyoo.com,AVAILABILITY,origin.list,2026-10-05 00:09:31.882403+00:00
lazadaapp.top,AVAILABILITY,origin.list,2026-10-05 00:09:34.948506+00:00
mayxanhsg.com,AVAILABILITY,origin.list,2026-10-05 00:09:37.607547+00:00
mail.labtpb.online,AVAILABILITY,origin.list,2026-10-05 00:09:40.761754+00:00
m.one018.com,AVAILABILITY,origin.list,2026-10-05 00:09:43.613805+00:00
mayanpuzzle.com,AVAILABILITY,origin.list,2026-10-05 00:09:46.593365+00:00
mbbankl.com,AVAILABILITY,origin.list,2026-10-05 00:09:49.485889+00:00
mbbkh-canhan.com,AVAILABILITY,origin.list,2026-10-05 00:09:52.459303+00:00
mbbankn.com,AVAILABILITY,origin.list,2026-10-05 00:09:55.300927+00:00
mbdk555.com,AVAILABILITY,origin.list,2026-10-05 00:09:58.283195+00:00
mbbankmn.com,AVAILABILITY,origin.list,2026-10-05 00:10:01.154154+00:00
mbbank2.com,AVAILABILITY,origin.list,2026-10-05 00:10:04.006035+00:00
mbdkb.com,AVAILABILITY,origin.list,2026-10-05 00:10:07.259233+00:00
mcfa11.com,AVAILABILITY,origin.list,2026-10-05 00:10:09.755934+00:00
mavietnam.xyz,AVAILABILITY,origin.list,2026-10-05 00:10:13.639148+00:00
lazadasds.top,AVAILABILITY,origin.list,2026-10-05 00:10:19.657266+00:00
mbdk99.com,AVAILABILITY,origin.list,2026-10-05 00:10:25.271628+00:00
lelong.shop,AVAILABILITY,origin.list,2026-10-05 00:10:27.825643+00:00
mbfn-fic.com,AVAILABILITY,origin.list,2026-10-05 00:10:31.142184+00:00
mbtk-bank.com,AVAILABILITY,origin.list,2026-10-05 00:10:33.519272+00:00
maivang.xyz,AVAILABILITY,origin.list,2026-10-05 00:10:37.169895+00:00
member-gaarena.com,AVAILABILITY,origin.list,2026-10-05 00:10:39.222898+00:00
lottehanoi.com.vn,AVAILABILITY,origin.list,2026-10-05 00:10:44.675684+00:00
mbfic-plus.com,AVAILABILITY,origin.list,2026-10-05 00:10:45.127558+00:00
mayyadc.cfd,AVAILABILITY,origin.list,2026-10-05 00:10:50.930618+00:00
member-garena-lienquan.com,AVAILABILITY,origin.list,2026-10-05 00:10:56.588372+00:00
vitienonline88.com,AVAILABILITY,origin.list,2026-10-05 00:11:01.380976+00:00
mbcanhan-cskh.com,AVAILABILITY,origin.list,2026-10-05 00:11:02.407276+00:00
mcredit.vaynhanh-bankcredits.com,AVAILABILITY,origin.list,2026-10-05 00:11:07.295507+00:00
memberr-garenaa.com,AVAILABILITY,origin.list,2026-10-05 00:11:08.330267+00:00
shopmall.one,AVAILABILITY,origin.list,2026-10-05 00:11:13.270586+00:00
m-facebook.com.vn,AVAILABILITY,origin.list,2026-10-05 00:11:14.991926+00:00
membership-ff-garenaa.com,AVAILABILITY,origin.list,2026-10-05 00:11:19.063092+00:00
mbbffn.online,AVAILABILITY,origin.list,2026-10-05 00:11:20.908469+00:00
membership-garenaviet.com,AVAILABILITY,origin.list,2026-10-05 00:11:24.900389+00:00
likeshop.life,AVAILABILITY,origin.list,2026-10-05 00:11:28.739219+00:00
member-lienquan-garena.com,AVAILABILITY,origin.list,2026-10-05 00:11:30.551412+00:00
membergarenaviet.com,AVAILABILITY,origin.list,2026-10-05 00:11:36.266375+00:00
membership-garenaavn.com,AVAILABILITY,origin.list,2026-10-05 00:11:41.985947+00:00
liximomo.club,AVAILABILITY,origin.list,2026-10-05 00:11:48.840674+00:00
membershipgarenaff2021.com,AVAILABILITY,origin.list,2026-10-05 00:11:54.629042+00:00
mbbank247.xyz,AVAILABILITY,origin.list,2026-10-05 00:12:00.642184+00:00
membershipgarena-ff.com,AVAILABILITY,origin.list,2026-10-05 00:12:06.328689+00:00
fuconap.vip,AVAILABILITY,origin.list,2026-10-05 00:12:08.697912+00:00
membershipgarana.com,AVAILABILITY,origin.list,2026-10-05 00:12:12.052856+00:00
membershipgarenafreefire2021.com,AVAILABILITY,origin.list,2026-10-05 00:12:14.797198+00:00
membershipgarenavn-2021.com,AVAILABILITY,origin.list,2026-10-05 00:12:17.757152+00:00
memberrship-ff-garena.com,AVAILABILITY,origin.list,2026-10-05 00:12:20.492781+00:00
membershipp-garena.com,AVAILABILITY,origin.list,2026-10-05 00:12:23.463924+00:00
maps-icloud.today,AVAILABILITY,origin.list,2026-10-05 00:12:26.593131+00:00
membershipgameff2021.com,AVAILABILITY,origin.list,2026-10-05 00:12:29.157595+00:00
llappa.top,AVAILABILITY,origin.list,2026-10-05 00:12:32.606683+00:00
membershipp-garenavn.com,AVAILABILITY,origin.list,2026-10-05 00:12:34.819806+00:00
membershipgarenafreefires.com,AVAILABILITY,origin.list,2026-10-05 00:12:38.400674+00:00
membershipsfreefire-garena.com,AVAILABILITY,origin.list,2026-10-05 00:12:44.132189+00:00
liximomo.top,AVAILABILITY,origin.list,2026-10-05 00:12:50.358836+00:00
app.ledger-lives-desktop.io,AVAILABILITY,origin.list,2026-10-05 00:12:53.311671+00:00
membeshipp-garenavn.com,AVAILABILITY,origin.list,2026-10-05 00:12:56.027207+00:00
membershippfreefirevn.com,AVAILABILITY,origin.list,2026-10-05 00:12:58.956647+00:00
menberships-ff-garrena.com,AVAILABILITY,origin.list,2026-10-05 00:13:01.677995+00:00
membershipsvn.com,AVAILABILITY,origin.list,2026-10-05 00:13:04.664218+00:00
membershipsgarenavn-ff.com,AVAILABILITY,origin.list,2026-10-05 00:13:07.332578+00:00
menbershipps-ffvn.com,AVAILABILITY,origin.list,2026-10-05 00:13:10.490603+00:00
membershipsvn-garena.com,AVAILABILITY,origin.list,2026-10-05 00:13:13.034522+00:00
lotte.cm66llks.top,AVAILABILITY,origin.list,2026-10-05 00:13:16.168781+00:00
membershipsinhnhatfreefire2021.com,AVAILABILITY,origin.list,2026-10-05 00:13:18.707268+00:00
mfacebok.com,AVAILABILITY,origin.list,2026-10-05 00:13:24.448947+00:00
memmberzship.com,AVAILABILITY,origin.list,2026-10-05 00:13:30.148064+00:00
membershipsgarenaff.com,AVAILABILITY,origin.list,2026-10-05 00:13:36.070184+00:00
membershipkimcuong.online,AVAILABILITY,origin.list,2026-10-05 00:13:42.163592+00:00
metcoin-exchange.com,AVAILABILITY,origin.list,2026-10-05 00:13:48.094924+00:00
miaoniter.com,AVAILABILITY,origin.list,2026-10-05 00:13:53.845606+00:00
allowlisted.net,AVAILABILITY,origin.list,2026-10-05 00:13:57.863980+00:00
jsivqe.aramco8.com,AVAILABILITY,origin.list,2026-10-05 00:13:59.580839+00:00
membeshipgarena.com,AVAILABILITY,origin.list,2026-10-05 00:14:03.809215+00:00
minhngocc789.com,AVAILABILITY,origin.list,2026-10-05 00:14:05.431733+00:00
mhshopee.com,AVAILABILITY,origin.list,2026-10-05 00:14:09.626120+00:00
minigamemomo.net,AVAILABILITY,origin.list,2026-10-05 00:14:11.237710+00:00
minhchinhmega.com,AVAILABILITY,origin.list,2026-10-05 00:14:15.279651+00:00
miles-card-vpbank.com,AVAILABILITY,origin.list,2026-10-05 00:14:16.884733+00:00
mlazada.com,AVAILABILITY,origin.list,2026-10-05 00:14:21.070272+00:00
mmbonline01.com,AVAILABILITY,origin.list,2026-10-05 00:14:22.632999+00:00
mljfff.zgbv.tech,AVAILABILITY,origin.list,2026-10-05 00:14:26.953558+00:00
miner-linkperfectmoney.com,AVAILABILITY,origin.list,2026-10-05 00:14:28.440269+00:00
micronsofte-online.com,AVAILABILITY,origin.list,2026-10-05 00:14:32.728821+00:00
member.sso-garena.vn,AVAILABILITY,origin.list,2026-10-05 00:14:34.999106+00:00
mmocorporation2017.com,AVAILABILITY,origin.list,2026-10-05 00:14:38.349215+00:00
mistyforestolqt.online,AVAILABILITY,origin.list,2026-10-05 00:14:40.804999+00:00
mobilebankingvn.com,AVAILABILITY,origin.list,2026-10-05 00:14:44.151255+00:00
mohopnhanpham-garena.com,AVAILABILITY,origin.list,2026-10-05 00:14:46.475603+00:00
momo10s.com,AVAILABILITY,origin.list,2026-10-05 00:14:49.826122+00:00
momo147.com,AVAILABILITY,origin.list,2026-10-05 00:14:52.279680+00:00
meokiemtien.online,AVAILABILITY,origin.list,2026-10-05 00:14:55.874784+00:00
membership-garena.vn,AVAILABILITY,origin.list,2026-10-05 00:14:58.899573+00:00
momo12.net,AVAILABILITY,origin.list,2026-10-05 00:15:01.635670+00:00
ivz7x63ymy.ru,AVAILABILITY,origin.list,2026-10-05 00:15:05.984506+00:00
mkshopmobi.xyz,AVAILABILITY,origin.list,2026-10-05 00:15:07.975081+00:00
mershadclo.cfd,AVAILABILITY,origin.list,2026-10-05 00:15:13.005674+00:00
momo30s.com,AVAILABILITY,origin.list,2026-10-05 00:15:13.712575+00:00
momo2s.com,AVAILABILITY,origin.list,2026-10-05 00:15:18.734108+00:00
momo5s.com,AVAILABILITY,origin.list,2026-10-05 00:15:19.337094+00:00
momo9s.com,AVAILABILITY,origin.list,2026-10-05 00:15:24.437656+00:00
menhichs.cfd,AVAILABILITY,origin.list,2026-10-05 00:15:26.280255+00:00
momo3s.net,AVAILABILITY,origin.list,2026-10-05 00:15:30.188175+00:00
momo3s.com,AVAILABILITY,origin.list,2026-10-05 00:15:31.932449+00:00
momo76.com,AVAILABILITY,origin.list,2026-10-05 00:15:36.029148+00:00
momo79.net,AVAILABILITY,origin.list,2026-10-05 00:15:37.676277+00:00
momo91.net,AVAILABILITY,origin.list,2026-10-05 00:15:41.737588+00:00
momo678.fun,AVAILABILITY,origin.list,2026-10-05 00:15:43.490854+00:00
lazadavn.info,AVAILABILITY,origin.list,2026-10-05 00:15:49.340228+00:00
momobank.pw,AVAILABILITY,origin.list,2026-10-05 00:15:49.359625+00:00
momofhd.com,AVAILABILITY,origin.list,2026-10-05 00:15:54.997050+00:00
momo35.fun,AVAILABILITY,origin.list,2026-10-05 00:15:55.184882+00:00
momochanle.fun,AVAILABILITY,origin.list,2026-10-05 00:16:00.894741+00:00
mobile-ibankingshopee.vn,AVAILABILITY,origin.list,2026-10-05 00:16:02.076947+00:00
momofld.com,AVAILABILITY,origin.list,2026-10-05 00:16:06.551963+00:00
mobilebanking-shopee.vn,AVAILABILITY,origin.list,2026-10-05 00:16:08.592332+00:00
momojqk.com,AVAILABILITY,origin.list,2026-10-05 00:16:12.273886+00:00
momo4d.agency,AVAILABILITY,origin.list,2026-10-05 00:16:18.714086+00:00
kimtruongphat.org,AVAILABILITY,origin.list,2026-10-05 00:16:19.314625+00:00
momoproapi.com,AVAILABILITY,origin.list,2026-10-05 00:16:24.599393+00:00
momoloto.com,AVAILABILITY,origin.list,2026-10-05 00:16:25.019904+00:00
momosushivancouver.com,AVAILABILITY,origin.list,2026-10-05 00:16:30.430481+00:00
momoshopvip.com,AVAILABILITY,origin.list,2026-10-05 00:16:30.673397+00:00
momovayi.com,AVAILABILITY,origin.list,2026-10-05 00:16:36.085655+00:00
momocltx.xyz,AVAILABILITY,origin.list,2026-10-05 00:16:36.778844+00:00
momoshopy.com,AVAILABILITY,origin.list,2026-10-05 00:16:42.545746+00:00
momobip.xyz,AVAILABILITY,origin.list,2026-10-05 00:16:43.139932+00:00
momochanle.win,AVAILABILITY,origin.list,2026-10-05 00:16:48.395061+00:00
momo.builders,AVAILABILITY,origin.list,2026-10-05 00:16:49.436821+00:00
momo113.win,AVAILABILITY,origin.list,2026-10-05 00:16:54.244227+00:00
momotudong.net,AVAILABILITY,origin.list,2026-10-05 00:16:55.163617+00:00
money-credit88.com,AVAILABILITY,origin.list,2026-10-05 00:17:00.791592+00:00
lazada6.org,AVAILABILITY,origin.list,2026-10-05 00:17:12.832532+00:00
m.thuecn.top,AVAILABILITY,origin.list,2026-10-05 00:17:18.588317+00:00
m.vncongthue.top,AVAILABILITY,origin.list,2026-10-05 00:17:24.332875+00:00
shopee92.vip,AVAILABILITY,origin.list,2026-10-05 00:17:25.509741+00:00
momosieutoc.net,AVAILABILITY,origin.list,2026-10-05 00:17:30.030255+00:00
momovnd.com,AVAILABILITY,origin.list,2026-10-05 00:17:31.236698+00:00
momovip88.com,AVAILABILITY,origin.list,2026-10-05 00:17:35.776891+00:00
momohen.fun,AVAILABILITY,origin.list,2026-10-05 00:17:37.450975+00:00
momovui.com,AVAILABILITY,origin.list,2026-10-05 00:17:43.194001+00:00
mobile-facebook.com.vn,AVAILABILITY,origin.list,2026-10-05 00:17:44.071634+00:00
momo686.win,AVAILABILITY,origin.list,2026-10-05 00:17:49.042832+00:00
moneyloan-vn.com,AVAILABILITY,origin.list,2026-10-05 00:17:49.788935+00:00
momovip03.com,AVAILABILITY,origin.list,2026-10-05 00:17:54.702933+00:00
moneydong123.com,AVAILABILITY,origin.list,2026-10-05 00:17:55.493662+00:00
momoxxx.net,AVAILABILITY,origin.list,2026-10-05 00:18:00.622626+00:00
moneytracking137.com,AVAILABILITY,origin.list,2026-10-05 00:18:01.320228+00:00
mothe.tindung-hd.com,AVAILABILITY,origin.list,2026-10-05 00:18:06.359316+00:00
morganbankk.com,AVAILABILITY,origin.list,2026-10-05 00:18:07.203170+00:00
morganbank.online,AVAILABILITY,origin.list,2026-10-05 00:18:13.453500+00:00
mmomo.me,AVAILABILITY,origin.list,2026-10-05 00:18:14.515438+00:00
momomini.online,AVAILABILITY,origin.list,2026-10-05 00:18:19.494332+00:00
mbbank247.top,AVAILABILITY,origin.list,2026-10-05 00:18:21.214462+00:00
mp220303.com,AVAILABILITY,origin.list,2026-10-05 00:18:25.148487+00:00
moneyvi.xyz,AVAILABILITY,origin.list,2026-10-05 00:18:27.428466+00:00
mpos-phieudangkyruttien.com,AVAILABILITY,origin.list,2026-10-05 00:18:30.854622+00:00
miu78.me,AVAILABILITY,origin.list,2026-10-05 00:18:35.596624+00:00
muabanwin.co,AVAILABILITY,origin.list,2026-10-05 00:18:36.713426+00:00
mpos-ruttientindungnhanh.com,AVAILABILITY,origin.list,2026-10-05 00:18:41.342869+00:00
mpos-ruttindunguytinvn.com,AVAILABILITY,origin.list,2026-10-05 00:18:42.452511+00:00
mp0s247-quetthetindung.com,AVAILABILITY,origin.list,2026-10-05 00:18:46.989056+00:00
morganbank.pw,AVAILABILITY,origin.list,2026-10-05 00:26:43.004073+00:00
msb.vn-cvs.xyz,AVAILABILITY,origin.list,2026-10-05 00:26:43.237509+00:00
msb.msbbsm.com,AVAILABILITY,origin.list,2026-10-05 00:26:49.388245+00:00
mpvn-checkmoney6868payment.com,AVAILABILITY,origin.list,2026-10-05 00:26:49.597944+00:00
muabannickforumug.com,AVAILABILITY,origin.list,2026-10-05 00:26:55.450427+00:00
motaikhoannganhang.online,AVAILABILITY,origin.list,2026-10-05 00:26:55.761261+00:00
muacodehay.com,AVAILABILITY,origin.list,2026-10-05 00:27:01.714057+00:00
msbfhd.com,AVAILABILITY,origin.list,2026-10-05 00:27:02.160030+00:00
muahangcargo.com,AVAILABILITY,origin.list,2026-10-05 00:27:08.578059+00:00
momo247.me,AVAILABILITY,origin.list,2026-10-05 00:27:09.611011+00:00
muaaccfifa.com,AVAILABILITY,origin.list,2026-10-05 00:27:15.866909+00:00
momo6789.me,AVAILABILITY,origin.list,2026-10-05 00:27:17.376502+00:00
muakimcuong.net,AVAILABILITY,origin.list,2026-10-05 00:27:22.147446+00:00
momo7979.me,AVAILABILITY,origin.list,2026-10-05 00:27:24.018626+00:00
minimomo.club,AVAILABILITY,origin.list,2026-10-05 00:27:28.280453+00:00
momo365.me,AVAILABILITY,origin.list,2026-10-05 00:27:32.981574+00:00
morganbank.site,AVAILABILITY,origin.list,2026-10-05 00:27:34.581669+00:00
mualevang22.com,AVAILABILITY,origin.list,2026-10-05 00:27:39.392043+00:00
muaho8.com,AVAILABILITY,origin.list,2026-10-05 00:27:40.834879+00:00
momo113.me,AVAILABILITY,origin.list,2026-10-05 00:27:46.727571+00:00
muahangnhanh.net,AVAILABILITY,origin.list,2026-10-05 00:27:47.292869+00:00
muakimcuongx10.com,AVAILABILITY,origin.list,2026-10-05 00:27:53.052058+00:00
muasamtiki24h.com,AVAILABILITY,origin.list,2026-10-05 00:27:53.635115+00:00
muatiennhanh.com,AVAILABILITY,origin.list,2026-10-05 00:27:59.509537+00:00
momoauto.me,AVAILABILITY,origin.list,2026-10-05 00:28:00.771623+00:00
muc247-vidientu.com,AVAILABILITY,origin.list,2026-10-05 00:28:05.685214+00:00
momohanoi.me,AVAILABILITY,origin.list,2026-10-05 00:28:10.023795+00:00
muatrian2022.com,AVAILABILITY,origin.list,2026-10-05 00:28:12.114492+00:00
reallkeys.com,AVAILABILITY,origin.list,2026-10-05 00:28:16.182108+00:00
mucvidientu24-7.com,AVAILABILITY,origin.list,2026-10-05 00:28:18.429029+00:00
mucvi-dientu247.com,AVAILABILITY,origin.list,2026-10-05 00:28:22.597873+00:00
mxp00338.com,AVAILABILITY,origin.list,2026-10-05 00:28:24.793149+00:00
mucquanly247.com,AVAILABILITY,origin.list,2026-10-05 00:28:28.758338+00:00
mucvinganhangso247.com,AVAILABILITY,origin.list,2026-10-05 00:28:30.967095+00:00
mucvidientuvietnam247.com,AVAILABILITY,origin.list,2026-10-05 00:28:35.156808+00:00
mydiamon-han-muc-ca-nhan-vni.com,AVAILABILITY,origin.list,2026-10-05 00:28:37.040033+00:00
mprisesth.cfd,AVAILABILITY,origin.list,2026-10-05 00:28:41.842004+00:00
momovui.club,AVAILABILITY,origin.list,2026-10-05 00:28:43.576246+00:00
mxn191102201nm.click,AVAILABILITY,origin.list,2026-10-05 00:28:48.202064+00:00
mxn191102203nm.click,AVAILABILITY,origin.list,2026-10-05 00:28:49.560883+00:00
nang-cap-hang-vvip-vib.com,AVAILABILITY,origin.list,2026-10-05 00:28:54.443115+00:00
myscannappo.com,AVAILABILITY,origin.list,2026-10-05 00:28:55.668606+00:00
nang-cap-ocare-vib.com,AVAILABILITY,origin.list,2026-10-05 00:29:01.923022+00:00
momoloto.club,AVAILABILITY,origin.list,2026-10-05 00:29:07.559289+00:00
momo365.pro,AVAILABILITY,origin.list,2026-10-05 00:29:09.850041+00:00
nang-cap-the-vcare-vib.com,AVAILABILITY,origin.list,2026-10-05 00:29:13.760696+00:00
mxn191102202nm.click,AVAILABILITY,origin.list,2026-10-05 00:29:15.922976+00:00
nang-cap-online-vpbank.com,AVAILABILITY,origin.list,2026-10-05 00:29:22.150046+00:00
my-acb-bank.com,AVAILABILITY,origin.list,2026-10-05 00:29:28.193589+00:00
my-easy.shop,AVAILABILITY,origin.list,2026-10-05 00:29:29.197440+00:00
mxn191102205nm.click,AVAILABILITY,origin.list,2026-10-05 00:29:34.296318+00:00
nang-cap-qcare-vib.com,AVAILABILITY,origin.list,2026-10-05 00:29:35.289042+00:00
nang-cap-vip-vpbank.com,AVAILABILITY,origin.list,2026-10-05 00:29:40.717390+00:00
nang-han-muc-ido-vpbank.com,AVAILABILITY,origin.list,2026-10-05 00:29:41.457539+00:00
myscannappo.online,AVAILABILITY,origin.list,2026-10-05 00:29:46.868877+00:00
momovip.me,AVAILABILITY,origin.list,2026-10-05 00:29:49.348407+00:00
momoski.me,AVAILABILITY,origin.list,2026-10-05 00:29:55.134930+00:00
nang-han-muc-vip-vpbank.com,AVAILABILITY,origin.list,2026-10-05 00:29:55.568352+00:00
ggzzmm.shop,AVAILABILITY,origin.list,2026-10-05 00:30:08.898392+00:00
github-scanner.com,AVAILABILITY,origin.list,2026-10-05 00:30:12.607672+00:00
myshopee13.com,AVAILABILITY,origin.list,2026-10-05 00:30:15.038967+00:00
momovn.me,AVAILABILITY,origin.list,2026-10-05 00:30:19.126338+00:00
nang-hang-ca-nhan-vib-mrk1.com,AVAILABILITY,origin.list,2026-10-05 00:30:25.426830+00:00
hi-go.shop,AVAILABILITY,origin.list,2026-10-05 00:30:28.449283+00:00
nang-hang-the-vip2-vib.com,AVAILABILITY,origin.list,2026-10-05 00:30:34.687035+00:00
h5.50db8hsdoq.shop,AVAILABILITY,origin.list,2026-10-05 00:30:39.434363+00:00
nang-han-muc-vcs1-khcn-vib.com,AVAILABILITY,origin.list,2026-10-05 00:30:40.883118+00:00
momoplus.club,AVAILABILITY,origin.list,2026-10-05 00:30:45.537534+00:00
muaso24h.store,AVAILABILITY,origin.list,2026-10-05 00:30:47.167597+00:00
momosky.me,AVAILABILITY,origin.list,2026-10-05 00:30:52.012335+00:00
nanghanmuc-thetindung.com,AVAILABILITY,origin.list,2026-10-05 00:30:53.302921+00:00
nang-hang-tin-dung-ca-nhan.com,AVAILABILITY,origin.list,2026-10-05 00:30:58.219702+00:00
momovip.club,AVAILABILITY,origin.list,2026-10-05 00:31:00.622994+00:00
nanghanmucthetindung247.com,AVAILABILITY,origin.list,2026-10-05 00:31:04.386959+00:00
nanghanmucvisa-vn.com,AVAILABILITY,origin.list,2026-10-05 00:31:06.741404+00:00
nanghanmucthe-thetindung.com,AVAILABILITY,origin.list,2026-10-05 00:31:10.538378+00:00
hfjxmall.com,AVAILABILITY,origin.list,2026-10-05 00:31:13.172829+00:00
nanghanmuc-tindungvn.com,AVAILABILITY,origin.list,2026-10-05 00:31:16.742335+00:00
moneyeasily-hk.top,AVAILABILITY,origin.list,2026-10-05 00:31:20.675596+00:00
nalhajarm.cfd,AVAILABILITY,origin.list,2026-10-05 00:31:23.333988+00:00
nanghanmuc-vpb.com,AVAILABILITY,origin.list,2026-10-05 00:31:27.027662+00:00
nanghanmucthevib.com,AVAILABILITY,origin.list,2026-10-05 00:31:29.553520+00:00
napdaquy.com,AVAILABILITY,origin.list,2026-10-05 00:31:33.392450+00:00
napallgame.com,AVAILABILITY,origin.list,2026-10-05 00:31:35.901101+00:00
momosky.top,AVAILABILITY,origin.list,2026-10-05 00:31:40.477558+00:00
money88.me,AVAILABILITY,origin.list,2026-10-05 00:31:42.629270+00:00
napefootball2022.com,AVAILABILITY,origin.list,2026-10-05 00:31:46.850118+00:00
napasvidientu247.com,AVAILABILITY,origin.list,2026-10-05 00:31:53.184907+00:00
napcardplaytogethervn.com,AVAILABILITY,origin.list,2026-10-05 00:31:53.965353+00:00
napff3s.com,AVAILABILITY,origin.list,2026-10-05 00:31:59.268396+00:00
napblockmango.com,AVAILABILITY,origin.list,2026-10-05 00:32:00.277281+00:00
napchinhthuc.com,AVAILABILITY,origin.list,2026-10-05 00:32:05.361068+00:00
napdaquygame.com,AVAILABILITY,origin.list,2026-10-05 00:32:06.635497+00:00
nanghanmuc-vp.online,AVAILABILITY,origin.list,2026-10-05 00:32:11.805384+00:00
napffgiare.com,AVAILABILITY,origin.list,2026-10-05 00:32:12.934810+00:00
napffx10.com,AVAILABILITY,origin.list,2026-10-05 00:32:18.077110+00:00
i-goda.shop,AVAILABILITY,origin.list,2026-10-05 00:32:23.269884+00:00
tikimall.top,AVAILABILITY,origin.list,2026-10-05 00:32:24.966586+00:00
ibmgroup.co.uk,AVAILABILITY,origin.list,2026-10-05 00:32:30.780114+00:00
napfree.net,AVAILABILITY,origin.list,2026-10-05 00:32:31.194112+00:00
napgameffnew.com,AVAILABILITY,origin.list,2026-10-05 00:32:37.200372+00:00
msb.vn-iy.life,AVAILABILITY,origin.list,2026-10-05 00:32:38.804341+00:00
moneywallet.cf,AVAILABILITY,origin.list,2026-10-05 00:32:44.781358+00:00
napfreefirevn.com,AVAILABILITY,origin.list,2026-10-05 00:32:44.924377+00:00
nanghanmuc-vpb.online,AVAILABILITY,origin.list,2026-10-05 00:32:50.964688+00:00
mmovietnam.info,AVAILABILITY,origin.list,2026-10-05 00:32:56.759297+00:00
napfreefirenhanh.com,AVAILABILITY,origin.list,2026-10-05 00:32:57.335140+00:00
napfreefirex5-garena.com,AVAILABILITY,origin.list,2026-10-05 00:33:02.963032+00:00
napgamelau.com,AVAILABILITY,origin.list,2026-10-05 00:33:03.701093+00:00
napgame3s.com,AVAILABILITY,origin.list,2026-10-05 00:33:09.211167+00:00
napgame-playtogether.com,AVAILABILITY,origin.list,2026-10-05 00:33:09.961895+00:00
napfreefiregame.com,AVAILABILITY,origin.list,2026-10-05 00:33:15.537976+00:00
napgame-playtoghether.net,AVAILABILITY,origin.list,2026-10-05 00:33:16.104037+00:00
napgamekm.com,AVAILABILITY,origin.list,2026-10-05 00:33:21.781111+00:00
napgamevip.com,AVAILABILITY,origin.list,2026-10-05 00:33:22.315828+00:00
napkcx10.com,AVAILABILITY,origin.list,2026-10-05 00:33:27.869817+00:00
napkame.com,AVAILABILITY,origin.list,2026-10-05 00:33:28.638079+00:00
napkc66.com,AVAILABILITY,origin.list,2026-10-05 00:33:34.050845+00:00
napkimcuong247.com,AVAILABILITY,origin.list,2026-10-05 00:33:34.735649+00:00
napkimcuongff2022.com,AVAILABILITY,origin.list,2026-10-05 00:33:40.301025+00:00
muaclone979.tk,AVAILABILITY,origin.list,2026-10-05 00:33:41.623538+00:00
napkimcuong234.com,AVAILABILITY,origin.list,2026-10-05 00:33:46.496370+00:00
moneyeasily-tx.top,AVAILABILITY,origin.list,2026-10-05 00:33:48.728078+00:00
napkimcuongffx100.com,AVAILABILITY,origin.list,2026-10-05 00:33:52.620363+00:00
napkimcuongtogether.com,AVAILABILITY,origin.list,2026-10-05 00:33:54.937368+00:00
naplienquanx10.com,AVAILABILITY,origin.list,2026-10-05 00:33:58.775564+00:00
napkimcuongx500.com,AVAILABILITY,origin.list,2026-10-05 00:34:01.120536+00:00
napgame123.com,AVAILABILITY,origin.list,2026-10-05 00:34:04.957008+00:00
napmu.com,AVAILABILITY,origin.list,2026-10-05 00:34:07.215456+00:00
napkimcuongx.com,AVAILABILITY,origin.list,2026-10-05 00:34:11.043853+00:00
nappubg.net,AVAILABILITY,origin.list,2026-10-05 00:34:13.462082+00:00
napplaytogether247.com,AVAILABILITY,origin.list,2026-10-05 00:34:17.206475+00:00
naplienquanviet.com,AVAILABILITY,origin.list,2026-10-05 00:34:19.738934+00:00
naprobuxs.com,AVAILABILITY,origin.list,2026-10-05 00:34:23.382517+00:00
naptheaov.com,AVAILABILITY,origin.list,2026-10-05 00:34:25.944457+00:00
napmomo.com,AVAILABILITY,origin.list,2026-10-05 00:34:29.550739+00:00
napquare.com,AVAILABILITY,origin.list,2026-10-05 00:34:32.063253+00:00
napthechinhthuc.com,AVAILABILITY,origin.list,2026-10-05 00:34:35.666384+00:00
napthecaox10.com,AVAILABILITY,origin.list,2026-10-05 00:34:38.185089+00:00
napthefffreefire.com,AVAILABILITY,origin.list,2026-10-05 00:34:41.880932+00:00
naptcvng.com,AVAILABILITY,origin.list,2026-10-05 00:34:44.325032+00:00
napthefootballmaster.com,AVAILABILITY,origin.list,2026-10-05 00:34:48.070722+00:00
napthehangrong.com,AVAILABILITY,origin.list,2026-10-05 00:34:50.591672+00:00
napthelq.com,AVAILABILITY,origin.list,2026-10-05 00:34:54.262940+00:00
naptheffx2.com,AVAILABILITY,origin.list,2026-10-05 00:34:57.037228+00:00
hdbankfinance.shop,AVAILABILITY,origin.list,2026-10-05 00:35:04.622699+00:00
hpjr.shop,AVAILABILITY,origin.list,2026-10-05 00:35:21.828919+00:00
napthelqmb.com,AVAILABILITY,origin.list,2026-10-05 00:35:28.048552+00:00
napthelienquan2021.com,AVAILABILITY,origin.list,2026-10-05 00:35:34.598783+00:00
msb.com.vn-sp.top,AVAILABILITY,origin.list,2026-10-05 00:35:41.597941+00:00
muataikhoannetflixvn.com,AVAILABILITY,origin.list,2026-10-05 00:35:45.495969+00:00
nappthe.vn,AVAILABILITY,origin.list,2026-10-05 00:35:48.585968+00:00
naptheplaytogether-vn.com,AVAILABILITY,origin.list,2026-10-05 00:35:51.911049+00:00
napthekvtm.com,AVAILABILITY,origin.list,2026-10-05 00:35:56.090493+00:00
nappubg.vn,AVAILABILITY,origin.list,2026-10-05 00:35:58.995623+00:00
muatiengia.club,AVAILABILITY,origin.list,2026-10-05 00:36:02.428661+00:00
napthesukienlqmb.com,AVAILABILITY,origin.list,2026-10-05 00:36:05.598746+00:00
napthequocte.com,AVAILABILITY,origin.list,2026-10-05 00:36:08.885733+00:00
napgamefreefire.vn,AVAILABILITY,origin.list,2026-10-05 00:36:12.224662+00:00
napthequanhuy.com,AVAILABILITY,origin.list,2026-10-05 00:36:15.320957+00:00
napthetrian.com,AVAILABILITY,origin.list,2026-10-05 00:36:18.386584+00:00
napsukien.vn,AVAILABILITY,origin.list,2026-10-05 00:36:22.418116+00:00
napthetc.com,AVAILABILITY,origin.list,2026-10-05 00:36:24.504724+00:00
napsieure.store,AVAILABILITY,origin.list,2026-10-05 00:36:28.864739+00:00
napkimcuongffx10.vn,AVAILABILITY,origin.list,2026-10-05 00:36:32.151029+00:00
naptienfreefires.com,AVAILABILITY,origin.list,2026-10-05 00:36:35.041775+00:00
napthex50.com,AVAILABILITY,origin.list,2026-10-05 00:36:38.339912+00:00
naptienfreefire.com,AVAILABILITY,origin.list,2026-10-05 00:36:44.794099+00:00
mbbank.net.cn,AVAILABILITY,origin.list,2026-10-05 00:36:45.578131+00:00
mylotte.me,AVAILABILITY,origin.list,2026-10-05 00:36:51.900633+00:00
naptienminiworld.net,AVAILABILITY,origin.list,2026-10-05 00:36:52.069045+00:00
naptheminiworld.xyz,AVAILABILITY,origin.list,2026-10-05 00:36:58.530581+00:00
napthe11s.xyz,AVAILABILITY,origin.list,2026-10-05 00:36:58.573904+00:00
naptienminiworld.com,AVAILABILITY,origin.list,2026-10-05 00:37:05.095643+00:00
napthegarena.vn,AVAILABILITY,origin.list,2026-10-05 00:37:07.617056+00:00
napngay.com.vn,AVAILABILITY,origin.list,2026-10-05 00:37:13.295679+00:00
muabannhanh.pro,AVAILABILITY,origin.list,2026-10-05 00:37:14.023356+00:00
naptienplaytogethers.com,AVAILABILITY,origin.list,2026-10-05 00:37:19.460636+00:00
naptocchien247.com,AVAILABILITY,origin.list,2026-10-05 00:37:20.387330+00:00
naptienplaytogther.com,AVAILABILITY,origin.list,2026-10-05 00:37:25.500524+00:00
napucpubgmobile.com,AVAILABILITY,origin.list,2026-10-05 00:37:26.475000+00:00
napgame247.tk,AVAILABILITY,origin.list,2026-10-05 00:37:32.078597+00:00
naptogether.net,AVAILABILITY,origin.list,2026-10-05 00:37:32.623582+00:00
natvxgkbb.9pz1.tech,AVAILABILITY,origin.list,2026-10-05 00:37:38.040903+00:00
moneydong.us,AVAILABILITY,origin.list,2026-10-05 00:37:39.820202+00:00
naptocchienmobile.com,AVAILABILITY,origin.list,2026-10-05 00:37:44.207445+00:00
napthe.in,AVAILABILITY,origin.list,2026-10-05 00:37:46.431761+00:00
napkimcuonglaufreefire-vn.tk,AVAILABILITY,origin.list,2026-10-05 00:37:50.759402+00:00
new-vietcombank.com,AVAILABILITY,origin.list,2026-10-05 00:37:52.596758+00:00
napxquanhuy.com,AVAILABILITY,origin.list,2026-10-05 00:37:57.009385+00:00
net.lsipes.com,AVAILABILITY,origin.list,2026-10-05 00:37:58.844053+00:00
napthefreefire.com.vn,AVAILABILITY,origin.list,2026-10-05 00:38:04.912087+00:00
napthelienquan.com.vn,AVAILABILITY,origin.list,2026-10-05 00:38:06.043520+00:00
netwo616.com,AVAILABILITY,origin.list,2026-10-05 00:38:11.092977+00:00
newshopee.com,AVAILABILITY,origin.list,2026-10-05 00:38:12.341131+00:00
new-vietcombank.net,AVAILABILITY,origin.list,2026-10-05 00:38:17.302890+00:00
napfreefire.me,AVAILABILITY,origin.list,2026-10-05 00:38:19.807027+00:00
naptheplaytogether.vn,AVAILABILITY,origin.list,2026-10-05 00:38:24.440047+00:00
naptien.site,AVAILABILITY,origin.list,2026-10-05 00:38:25.857351+00:00
napthex98.ga,AVAILABILITY,origin.list,2026-10-05 00:38:32.274901+00:00
napthekm.ga,AVAILABILITY,origin.list,2026-10-05 00:38:32.306837+00:00
nextpay-mposruttientindung.com,AVAILABILITY,origin.list,2026-10-05 00:38:38.446305+00:00
gifcode-lienquan.com,AVAILABILITY,origin.list,2026-10-05 00:38:38.465751+00:00
nexpay-ruttientindung.com,AVAILABILITY,origin.list,2026-10-05 00:38:44.672076+00:00
napthetogether.ga,AVAILABILITY,origin.list,2026-10-05 00:38:44.962129+00:00
newlazada.com,AVAILABILITY,origin.list,2026-10-05 00:38:51.138708+00:00
napzingvng.news,AVAILABILITY,origin.list,2026-10-05 00:38:51.306723+00:00
ngandong.com,AVAILABILITY,origin.list,2026-10-05 00:38:57.240109+00:00
nganhang-shinhanvietnam.com,AVAILABILITY,origin.list,2026-10-05 00:38:57.445904+00:00
nganhangsaokevnn.com,AVAILABILITY,origin.list,2026-10-05 00:39:03.365927+00:00
nextpay-quettindung.com,AVAILABILITY,origin.list,2026-10-05 00:39:03.546230+00:00
nganhanganbinh.com,AVAILABILITY,origin.list,2026-10-05 00:39:09.595692+00:00
nganhang-vpbank.com,AVAILABILITY,origin.list,2026-10-05 00:39:15.784632+00:00
nganhangshopeevn.com,AVAILABILITY,origin.list,2026-10-05 00:47:09.443534+00:00
hrbgw.shop,AVAILABILITY,origin.list,2026-10-05 00:47:12.922640+00:00
naptienfreefire.vn,AVAILABILITY,origin.list,2026-10-05 00:47:15.841934+00:00
napquanhuy.cf,AVAILABILITY,origin.list,2026-10-05 00:47:20.547264+00:00
nganhangtructuyen24h.com,AVAILABILITY,origin.list,2026-10-05 00:47:21.941688+00:00
ncbbank.site,AVAILABILITY,origin.list,2026-10-05 00:47:26.804094+00:00
naptocchien.vn,AVAILABILITY,origin.list,2026-10-05 00:47:28.538853+00:00
ncbbank.online,AVAILABILITY,origin.list,2026-10-05 00:47:32.899895+00:00
nganhangso24-7.com,AVAILABILITY,origin.list,2026-10-05 00:47:34.643292+00:00
nappa.ml,AVAILABILITY,origin.list,2026-10-05 00:47:39.169458+00:00
nganhangtructuyen24-7.com,AVAILABILITY,origin.list,2026-10-05 00:47:40.875909+00:00
nghiencltx.com,AVAILABILITY,origin.list,2026-10-05 00:47:45.481410+00:00
nganhangso247.com,AVAILABILITY,origin.list,2026-10-05 00:47:51.396174+00:00
miravay.org,AVAILABILITY,origin.list,2026-10-05 00:47:52.932528+00:00
ncb-bank.pw,AVAILABILITY,origin.list,2026-10-05 00:47:57.573543+00:00
nganhangwu.com,AVAILABILITY,origin.list,2026-10-05 00:47:59.134203+00:00
nganhang88.online,AVAILABILITY,origin.list,2026-10-05 00:48:03.666299+00:00
ngaytetlienquan.com,AVAILABILITY,origin.list,2026-10-05 00:48:05.331179+00:00
nhan-tienvidientu247.com,AVAILABILITY,origin.list,2026-10-05 00:48:09.797823+00:00
nganhangsk.online,AVAILABILITY,origin.list,2026-10-05 00:48:15.873170+00:00
insurancdsa.shop,AVAILABILITY,origin.list,2026-10-05 00:48:16.883734+00:00
nguoilaodong.net,AVAILABILITY,origin.list,2026-10-05 00:48:21.987875+00:00
nganhang88.store,AVAILABILITY,origin.list,2026-10-05 00:48:23.440036+00:00
nganhangso40.site,AVAILABILITY,origin.list,2026-10-05 00:48:28.201895+00:00
nhangiaivn2023.com,AVAILABILITY,origin.list,2026-10-05 00:48:29.453674+00:00
nhanngocrong.com,AVAILABILITY,origin.list,2026-10-05 00:48:34.186938+00:00
nhanqua-garenaff.com,AVAILABILITY,origin.list,2026-10-05 00:48:35.414223+00:00
nhangiftcode-garena.com,AVAILABILITY,origin.list,2026-10-05 00:48:40.453257+00:00
naptheplaytogether.games,AVAILABILITY,origin.list,2026-10-05 00:48:43.590364+00:00
nhankimcuongtv.com,AVAILABILITY,origin.list,2026-10-05 00:48:46.652158+00:00
nhanqua-garena.com,AVAILABILITY,origin.list,2026-10-05 00:48:49.628219+00:00
naptogether.vn,AVAILABILITY,origin.list,2026-10-05 00:48:53.230625+00:00
nhanqua-tocchien.com,AVAILABILITY,origin.list,2026-10-05 00:48:55.724999+00:00
nhanhtaymomo.com,AVAILABILITY,origin.list,2026-10-05 00:48:59.253917+00:00
nhanquagiangsinh.com,AVAILABILITY,origin.list,2026-10-05 00:49:01.779021+00:00
nganhangso40.online,AVAILABILITY,origin.list,2026-10-05 00:49:05.373607+00:00
nhanquafreefire.pw,AVAILABILITY,origin.list,2026-10-05 00:49:07.993635+00:00
ngoctu.click,AVAILABILITY,origin.list,2026-10-05 00:49:11.527080+00:00
nhanquanro.com,AVAILABILITY,origin.list,2026-10-05 00:49:13.985179+00:00
newy.hifiliving.com,AVAILABILITY,origin.list,2026-10-05 00:49:17.744447+00:00
ngocvang.pw,AVAILABILITY,origin.list,2026-10-05 00:49:19.945759+00:00
napthelienquan360.club,AVAILABILITY,origin.list,2026-10-05 00:49:24.962922+00:00
nhanquatrianff.com,AVAILABILITY,origin.list,2026-10-05 00:49:26.023554+00:00
nhanquaffob31.com,AVAILABILITY,origin.list,2026-10-05 00:49:32.016212+00:00
myscannappo.info,AVAILABILITY,origin.list,2026-10-05 00:49:36.434900+00:00
nhanquatrianfreefire.com,AVAILABILITY,origin.list,2026-10-05 00:49:38.454626+00:00
nhanthuong2021.com,AVAILABILITY,origin.list,2026-10-05 00:49:42.409336+00:00
napthesukien.ml,AVAILABILITY,origin.list,2026-10-05 00:49:44.970753+00:00
nhantiensieutoc.com,AVAILABILITY,origin.list,2026-10-05 00:49:48.529409+00:00
napthe.es,AVAILABILITY,origin.list,2026-10-05 00:49:52.230781+00:00
nhanquatrianlqmb.com,AVAILABILITY,origin.list,2026-10-05 00:49:54.600656+00:00
muacard.org,AVAILABILITY,origin.list,2026-10-05 00:50:07.294097+00:00
insurancoes.vip,AVAILABILITY,origin.list,2026-10-05 00:50:13.368281+00:00
napvisieutoc.tk,AVAILABILITY,origin.list,2026-10-05 00:50:13.720333+00:00
nhanthuonglienquan.com,AVAILABILITY,origin.list,2026-10-05 00:50:19.300397+00:00
nhanthuongfreefire2021.com,AVAILABILITY,origin.list,2026-10-05 00:50:19.759807+00:00
nhanquazingspeed.com,AVAILABILITY,origin.list,2026-10-05 00:50:25.306194+00:00
nhanqua50.online,AVAILABILITY,origin.list,2026-10-05 00:50:25.829977+00:00
niftygatevay.com,AVAILABILITY,origin.list,2026-10-05 00:50:31.844961+00:00
igoda.shop,AVAILABILITY,origin.list,2026-10-05 00:50:35.610341+00:00
nhantienvipay.com,AVAILABILITY,origin.list,2026-10-05 00:50:37.897624+00:00
nhantienvivnpay.com,AVAILABILITY,origin.list,2026-10-05 00:50:41.642698+00:00
nhapcode-lienquan-garena.net,AVAILABILITY,origin.list,2026-10-05 00:50:43.938971+00:00
nhantien-online247.com,AVAILABILITY,origin.list,2026-10-05 00:50:49.892403+00:00
nzx65821s.com,AVAILABILITY,origin.list,2026-10-05 00:50:55.904024+00:00
nvietcombank.com,AVAILABILITY,origin.list,2026-10-05 00:51:01.835984+00:00
insurancpsd.vip,AVAILABILITY,origin.list,2026-10-05 00:51:07.764727+00:00
nuk36952s.com,AVAILABILITY,origin.list,2026-10-05 00:51:07.850865+00:00
nhanqua60.online,AVAILABILITY,origin.list,2026-10-05 00:51:13.741091+00:00
ngayhoilienquan.vn,AVAILABILITY,origin.list,2026-10-05 00:51:14.613072+00:00
nhanquafreefiremienphi.site,AVAILABILITY,origin.list,2026-10-05 00:51:19.697424+00:00
niftygotevay.com,AVAILABILITY,origin.list,2026-10-05 00:51:20.633015+00:00
naptocchien.mobi,AVAILABILITY,origin.list,2026-10-05 00:51:27.197793+00:00
mualienquan.org,AVAILABILITY,origin.list,2026-10-05 00:51:29.991795+00:00
nzu66938s.com,AVAILABILITY,origin.list,2026-10-05 00:51:33.150465+00:00
nsomomo.com,AVAILABILITY,origin.list,2026-10-05 00:51:36.074750+00:00
onhamuadich.com,AVAILABILITY,origin.list,2026-10-05 00:51:39.079647+00:00
onirybank.com,AVAILABILITY,origin.list,2026-10-05 00:51:42.115488+00:00
ocb.chamsocthekhachhang-uudai-tructuyen.com,AVAILABILITY,origin.list,2026-10-05 00:51:45.308692+00:00
nykkky.com,AVAILABILITY,origin.list,2026-10-05 00:51:48.093474+00:00
offer.great1waytowsuccess.com,AVAILABILITY,origin.list,2026-10-05 00:51:51.339345+00:00
online.acbvnx.com,AVAILABILITY,origin.list,2026-10-05 00:51:54.080791+00:00
nkstherefor.cfd,AVAILABILITY,origin.list,2026-10-05 00:51:58.065607+00:00
notbeexcluded.cfd,AVAILABILITY,origin.list,2026-10-05 00:52:00.655883+00:00
online-ibank.com,AVAILABILITY,origin.list,2026-10-05 00:52:04.196936+00:00
onlinetiki.com,AVAILABILITY,origin.list,2026-10-05 00:52:06.619234+00:00
onlineshop666.com,AVAILABILITY,origin.list,2026-10-05 00:52:10.337421+00:00
onlineshop999.com,AVAILABILITY,origin.list,2026-10-05 00:52:12.892482+00:00
onlineshop888.com,AVAILABILITY,origin.list,2026-10-05 00:52:16.644554+00:00
online.acbonliine.com,AVAILABILITY,origin.list,2026-10-05 00:52:19.360354+00:00
optimagroupthuongphuong.net,AVAILABILITY,origin.list,2026-10-05 00:52:22.621172+00:00
oylg7.com,AVAILABILITY,origin.list,2026-10-05 00:52:25.643305+00:00
p63899vn.com,AVAILABILITY,origin.list,2026-10-05 00:52:28.641376+00:00
nova-ebill.xyz,AVAILABILITY,origin.list,2026-10-05 00:52:32.051967+00:00
onzeage.cfd,AVAILABILITY,origin.list,2026-10-05 00:52:35.062861+00:00
pagelazada.com,AVAILABILITY,origin.list,2026-10-05 00:52:38.090013+00:00
payon-rutienmat5.com,AVAILABILITY,origin.list,2026-10-05 00:52:41.125262+00:00
ofth546ebr.cfd,AVAILABILITY,origin.list,2026-10-05 00:52:44.567081+00:00
phanmemmaytinh.net,AVAILABILITY,origin.list,2026-10-05 00:52:47.410532+00:00
phanmemcrackaz.com,AVAILABILITY,origin.list,2026-10-05 00:52:50.557943+00:00
nhantienquocte.today,AVAILABILITY,origin.list,2026-10-05 00:52:53.826540+00:00
oughtme.cfd,AVAILABILITY,origin.list,2026-10-05 00:52:56.885925+00:00
nikdaoquan.vn,AVAILABILITY,origin.list,2026-10-05 00:53:00.656397+00:00
payon-ruttiennhanh5.com,AVAILABILITY,origin.list,2026-10-05 00:53:02.959294+00:00
phanmemvip.net,AVAILABILITY,origin.list,2026-10-05 00:53:06.749733+00:00
phanqua365vn.com,AVAILABILITY,origin.list,2026-10-05 00:53:09.155462+00:00
phanqua01vn.com,AVAILABILITY,origin.list,2026-10-05 00:53:12.875497+00:00
oundandk.cfd,AVAILABILITY,origin.list,2026-10-05 00:53:15.627900+00:00
phanmemgoc.net,AVAILABILITY,origin.list,2026-10-05 00:53:18.907296+00:00
phattai247.com,AVAILABILITY,origin.list,2026-10-05 00:53:21.567177+00:00
phanmemquocte.com,AVAILABILITY,origin.list,2026-10-05 00:53:24.947628+00:00
nhankcfreefire.tk,AVAILABILITY,origin.list,2026-10-05 00:53:28.094082+00:00
phanqua7979.com,AVAILABILITY,origin.list,2026-10-05 00:53:30.829272+00:00
phanmemfree.net,AVAILABILITY,origin.list,2026-10-05 00:53:34.244347+00:00
phattai6666.com,AVAILABILITY,origin.list,2026-10-05 00:53:36.884067+00:00
phieudangky-quetthetindungvn.com,AVAILABILITY,origin.list,2026-10-05 00:53:40.198142+00:00
onlinebank-shopee.vn,AVAILABILITY,origin.list,2026-10-05 00:53:43.732532+00:00
phanquavn152.com,AVAILABILITY,origin.list,2026-10-05 00:53:46.156541+00:00
onlinebanking-shopee.vn,AVAILABILITY,origin.list,2026-10-05 00:53:50.017138+00:00
ocb.chamsocthekhachhang-uudai-tructuyen-thang9.com.vn,AVAILABILITY,origin.list,2026-10-05 00:53:53.596165+00:00
nqsncoau.buzz,AVAILABILITY,origin.list,2026-10-05 00:53:56.309293+00:00
nestlegroup.pro,AVAILABILITY,origin.list,2026-10-05 00:54:00.206055+00:00
phattaimomo.com,AVAILABILITY,origin.list,2026-10-05 00:54:02.314612+00:00
phieuquettheruttien-247.com,AVAILABILITY,origin.list,2026-10-05 00:54:06.344594+00:00
phieudangkyquetthetindungvn.com,AVAILABILITY,origin.list,2026-10-05 00:54:08.374683+00:00
platinum-ruttientindung247.com,AVAILABILITY,origin.list,2026-10-05 00:54:12.411730+00:00
panyruld.cfd,AVAILABILITY,origin.list,2026-10-05 00:54:14.696442+00:00
phieudangkyquetthevn.com,AVAILABILITY,origin.list,2026-10-05 00:54:18.402019+00:00
phieuquettheruttien-24hmpos.com,AVAILABILITY,origin.list,2026-10-05 00:54:20.662515+00:00
phieuruttien-247.com,AVAILABILITY,origin.list,2026-10-05 00:54:24.356882+00:00
phieuruttien-thetindungmpos24h.com,AVAILABILITY,origin.list,2026-10-05 00:54:26.581909+00:00
nhanquaff2021.cf,AVAILABILITY,origin.list,2026-10-05 00:54:31.497793+00:00
phpmyvpbbank.com,AVAILABILITY,origin.list,2026-10-05 00:54:32.672469+00:00
playtogethershop.com,AVAILABILITY,origin.list,2026-10-05 00:54:37.487402+00:00
playtogethernapthe.com,AVAILABILITY,origin.list,2026-10-05 00:54:38.644706+00:00
pkkti888.com,AVAILABILITY,origin.list,2026-10-05 00:54:43.467983+00:00
phimhaykiemtien24h.com,AVAILABILITY,origin.list,2026-10-05 00:54:44.687930+00:00
playtogethervn-napthe.com,AVAILABILITY,origin.list,2026-10-05 00:54:49.525063+00:00
postindungnhanh-vn.com,AVAILABILITY,origin.list,2026-10-05 00:54:50.704407+00:00
playtogethervietnam.com,AVAILABILITY,origin.list,2026-10-05 00:54:55.661071+00:00
ordsexecutiv.cfd,AVAILABILITY,origin.list,2026-10-05 00:54:57.006134+00:00
pouy99uo.com,AVAILABILITY,origin.list,2026-10-05 00:55:01.700540+00:00
pqrm9.com,AVAILABILITY,origin.list,2026-10-05 00:55:03.029434+00:00
postvay.com,AVAILABILITY,origin.list,2026-10-05 00:55:07.684341+00:00
phukienmaxpro.store,AVAILABILITY,origin.list,2026-10-05 00:55:09.240909+00:00
premierebankstandard.com,AVAILABILITY,origin.list,2026-10-05 00:55:13.662360+00:00
profile-id.co,AVAILABILITY,origin.list,2026-10-05 00:55:15.441525+00:00
pvpti222.com,AVAILABILITY,origin.list,2026-10-05 00:55:19.649942+00:00
pos-quettheonline.com,AVAILABILITY,origin.list,2026-10-05 00:55:21.632142+00:00
pwsk88.com,AVAILABILITY,origin.list,2026-10-05 00:55:25.648907+00:00
pwsk11.com,AVAILABILITY,origin.list,2026-10-05 00:55:27.694312+00:00
qrsg11.com,AVAILABILITY,origin.list,2026-10-05 00:55:31.673164+00:00
popvietnam.xyz,AVAILABILITY,origin.list,2026-10-05 00:55:34.052719+00:00
pubgvongquay-2021vng.com,AVAILABILITY,origin.list,2026-10-05 00:55:37.612995+00:00
promomobilsuzukijakarta.com,AVAILABILITY,origin.list,2026-10-05 00:55:39.987722+00:00
playtogetherquabaotri.online,AVAILABILITY,origin.list,2026-10-05 00:55:43.616415+00:00
qualienquan-trian.com,AVAILABILITY,origin.list,2026-10-05 00:55:46.004822+00:00
qtaqlbt.ciofgnm.co,AVAILABILITY,origin.list,2026-10-05 00:55:52.276786+00:00
quaffvietnam.com,AVAILABILITY,origin.list,2026-10-05 00:55:54.542770+00:00
pjunnest.cyou,AVAILABILITY,origin.list,2026-10-05 00:55:58.804459+00:00
qqwyihwm.thjen.tech,AVAILABILITY,origin.list,2026-10-05 00:56:00.469208+00:00
quagameff-freefireffvn.com,AVAILABILITY,origin.list,2026-10-05 00:56:04.977744+00:00
quamembergarena.com,AVAILABILITY,origin.list,2026-10-05 00:56:06.800054+00:00
qualityt56.com,AVAILABILITY,origin.list,2026-10-05 00:56:11.235948+00:00
quanhuylqmb.com,AVAILABILITY,origin.list,2026-10-05 00:56:12.935400+00:00
quamemberthang9-freefirevn.com,AVAILABILITY,origin.list,2026-10-05 00:56:17.254311+00:00
quanhuyx10.com,AVAILABILITY,origin.list,2026-10-05 00:56:19.153300+00:00
quaplaytogether.com,AVAILABILITY,origin.list,2026-10-05 00:56:23.153699+00:00
quatang-lienquanmobile.com,AVAILABILITY,origin.list,2026-10-05 00:56:25.240626+00:00
quanlygiadinh.com,AVAILABILITY,origin.list,2026-10-05 00:56:31.498456+00:00
quandoi-viettel.com,AVAILABILITY,origin.list,2026-10-05 00:56:37.467638+00:00
psestwotothr.cfd,AVAILABILITY,origin.list,2026-10-05 00:56:44.176543+00:00
nhapvang.pro,AVAILABILITY,origin.list,2026-10-05 00:56:51.411537+00:00
quatangplaytogether.com,AVAILABILITY,origin.list,2026-10-05 00:56:57.474077+00:00
quatangfreefirehot.com,AVAILABILITY,origin.list,2026-10-05 00:57:03.632793+00:00
quatangsukienfreefire.com,AVAILABILITY,origin.list,2026-10-05 00:57:09.679173+00:00
quatangtrianff.com,AVAILABILITY,origin.list,2026-10-05 00:57:15.820683+00:00
quatang-shopee.com,AVAILABILITY,origin.list,2026-10-05 00:57:21.885792+00:00
nhungmiu.me,AVAILABILITY,origin.list,2026-10-05 00:57:30.281428+00:00
piratespc.net,AVAILABILITY,origin.list,2026-10-05 00:57:35.259290+00:00
quatriangarenavn.com,AVAILABILITY,origin.list,2026-10-05 00:57:36.554203+00:00
quatanxuan2022.com,AVAILABILITY,origin.list,2026-10-05 00:57:41.252285+00:00
quatanthu.net,AVAILABILITY,origin.list,2026-10-05 00:57:42.649385+00:00
quatrian123.com,AVAILABILITY,origin.list,2026-10-05 00:57:47.216149+00:00
qjc2vo.cyou,AVAILABILITY,origin.list,2026-10-05 00:57:49.202132+00:00
quav8.fun,AVAILABILITY,origin.list,2026-10-05 00:57:53.284013+00:00
quavang123.com,AVAILABILITY,origin.list,2026-10-05 00:57:55.278449+00:00
quaymayman.com,AVAILABILITY,origin.list,2026-10-05 00:57:59.252000+00:00
napthefreefire.info,AVAILABILITY,origin.list,2026-10-05 00:58:03.058395+00:00
quanlyclmm3s.click,AVAILABILITY,origin.list,2026-10-05 00:58:05.381022+00:00
quaviet01vn.com,AVAILABILITY,origin.list,2026-10-05 00:58:09.050513+00:00
quayngoc.com,AVAILABILITY,origin.list,2026-10-05 00:58:11.400289+00:00
petrovietnam.pro,AVAILABILITY,origin.list,2026-10-05 00:58:17.550819+00:00
quaviet259.com,AVAILABILITY,origin.list,2026-10-05 00:58:23.504963+00:00
quamomo.vn,AVAILABILITY,origin.list,2026-10-05 00:58:30.095010+00:00
lazada66.vip,AVAILABILITY,origin.list,2026-10-05 00:58:33.409587+00:00
quaviet456.com,AVAILABILITY,origin.list,2026-10-05 00:58:36.180418+00:00
quatang-lienquan-garena.vn,AVAILABILITY,origin.list,2026-10-05 00:58:40.389151+00:00
quaythuongmembership.com,AVAILABILITY,origin.list,2026-10-05 00:58:42.204366+00:00
quatanthu.fun,AVAILABILITY,origin.list,2026-10-05 00:58:46.377649+00:00
quaythuonggarena.com,AVAILABILITY,origin.list,2026-10-05 00:58:48.185432+00:00
paylienquan.club,AVAILABILITY,origin.list,2026-10-05 00:58:54.375190+00:00
new-vietcombank.info,AVAILABILITY,origin.list,2026-10-05 00:58:57.702057+00:00
petrovietnam.top,AVAILABILITY,origin.list,2026-10-05 00:59:01.511283+00:00
qualienquan.vn,AVAILABILITY,origin.list,2026-10-05 00:59:07.859546+00:00
quet-the-truc-tuyen-mposvn-paymentcard.com,AVAILABILITY,origin.list,2026-10-05 00:59:13.869205+00:00
quaviet232.com,AVAILABILITY,origin.list,2026-10-05 00:59:19.912441+00:00
maivang.vip,AVAILABILITY,origin.list,2026-10-05 00:59:24.095114+00:00
quatangshopee.online,AVAILABILITY,origin.list,2026-10-05 00:59:25.887667+00:00
quaythuonggamefreefire.com,AVAILABILITY,origin.list,2026-10-05 00:59:30.180984+00:00
quatangs.vn,AVAILABILITY,origin.list,2026-10-05 00:59:32.160153+00:00
quaviet999.com,AVAILABILITY,origin.list,2026-10-05 00:59:36.212548+00:00
quetthe-ruttindung.com,AVAILABILITY,origin.list,2026-10-05 01:07:30.412034+00:00
quetthe-creditcad.com,AVAILABILITY,origin.list,2026-10-05 01:07:30.417237+00:00
quetthe-365pay.com,AVAILABILITY,origin.list,2026-10-05 01:07:36.180247+00:00
quetthe-ruttindungvn.com,AVAILABILITY,origin.list,2026-10-05 01:07:36.248863+00:00
phanmemgiamsat.top,AVAILABILITY,origin.list,2026-10-05 01:07:42.719694+00:00
quatang-sinhnhat.vn,AVAILABILITY,origin.list,2026-10-05 01:07:42.775365+00:00
quetthe-tindungnhanh.com,AVAILABILITY,origin.list,2026-10-05 01:07:48.581253+00:00
quetthe-mpos247.com,AVAILABILITY,origin.list,2026-10-05 01:07:48.654831+00:00
quetthe-mposcard247.com,AVAILABILITY,origin.list,2026-10-05 01:07:54.401121+00:00
quetthe-tindungminhpos.com,AVAILABILITY,origin.list,2026-10-05 01:07:54.461055+00:00
quetthe-tindungtieudung.com,AVAILABILITY,origin.list,2026-10-05 01:08:00.486222+00:00
quetthe-minhpos.com,AVAILABILITY,origin.list,2026-10-05 01:08:00.533631+00:00
quetthe-tructuyenmpos.com,AVAILABILITY,origin.list,2026-10-05 01:08:06.300573+00:00
quetthepos.com,AVAILABILITY,origin.list,2026-10-05 01:08:06.322539+00:00
quetthe-tindung24h.com,AVAILABILITY,origin.list,2026-10-05 01:08:12.052852+00:00
phanmemgiare.club,AVAILABILITY,origin.list,2026-10-05 01:08:16.528326+00:00
quatangsale.vn,AVAILABILITY,origin.list,2026-10-05 01:08:18.017323+00:00
quetthe-tructuyenvn.com,AVAILABILITY,origin.list,2026-10-05 01:08:22.179813+00:00
quetthe-tindungvn.com,AVAILABILITY,origin.list,2026-10-05 01:08:23.664376+00:00
quetthetindung-247mpos.com,AVAILABILITY,origin.list,2026-10-05 01:08:27.875387+00:00
quettheruttienvn.com,AVAILABILITY,origin.list,2026-10-05 01:08:29.477831+00:00
quetthe-tindungmpos247.com,AVAILABILITY,origin.list,2026-10-05 01:08:33.888109+00:00
quickvayorg.com,AVAILABILITY,origin.list,2026-10-05 01:08:35.358803+00:00
quettheruttien-24hmpos.com,AVAILABILITY,origin.list,2026-10-05 01:08:39.638678+00:00
quytiente.com,AVAILABILITY,origin.list,2026-10-05 01:08:41.120244+00:00
quetthe247mpos.com,AVAILABILITY,origin.list,2026-10-05 01:08:45.295677+00:00
quydautuvingroup.com,AVAILABILITY,origin.list,2026-10-05 01:08:46.927996+00:00
quatruykich.vn,AVAILABILITY,origin.list,2026-10-05 01:08:51.447404+00:00
quettindung247-mpos.com,AVAILABILITY,origin.list,2026-10-05 01:08:52.818617+00:00
quetthetindung-vnpay.com,AVAILABILITY,origin.list,2026-10-05 01:08:57.172097+00:00
r01lacou.azidp.tech,AVAILABILITY,origin.list,2026-10-05 01:08:58.459683+00:00
quetthetindungvn-thanhtoan.com,AVAILABILITY,origin.list,2026-10-05 01:09:02.789346+00:00
regis2tarsgroup.click,AVAILABILITY,origin.list,2026-10-05 01:09:04.296858+00:00
regis2tarsinc.click,AVAILABILITY,origin.list,2026-10-05 01:09:08.817671+00:00
rikmomo.co,AVAILABILITY,origin.list,2026-10-05 01:09:10.093026+00:00
rickmomo.fun,AVAILABILITY,origin.list,2026-10-05 01:09:14.615715+00:00
rihcos.com,AVAILABILITY,origin.list,2026-10-05 01:09:15.816657+00:00
rutientuthetindung5s.com,AVAILABILITY,origin.list,2026-10-05 01:09:20.580564+00:00
naplienquan.org,AVAILABILITY,origin.list,2026-10-05 01:09:26.342216+00:00
reglienquan.online,AVAILABILITY,origin.list,2026-10-05 01:09:32.495460+00:00
rocktrustbank.com,AVAILABILITY,origin.list,2026-10-05 01:09:38.217190+00:00
mobaviet.shop,AVAILABILITY,origin.list,2026-10-05 01:09:42.156192+00:00
quezachieve.cfd,AVAILABILITY,origin.list,2026-10-05 01:09:44.249870+00:00
quatangmienphi.tk,AVAILABILITY,origin.list,2026-10-05 01:09:48.670099+00:00
quocdanhbank.online,AVAILABILITY,origin.list,2026-10-05 01:09:50.014116+00:00
rutthetindungmpos247.com,AVAILABILITY,origin.list,2026-10-05 01:09:54.425091+00:00
quahe-lienminh.ga,AVAILABILITY,origin.list,2026-10-05 01:09:56.782859+00:00
rutientuthetindung.com,AVAILABILITY,origin.list,2026-10-05 01:10:02.459099+00:00
rutkimcuong24h.com,AVAILABILITY,origin.list,2026-10-05 01:10:08.176389+00:00
rutthe-mpos.com,AVAILABILITY,origin.list,2026-10-05 01:10:13.848890+00:00
mallshopvn.vip,AVAILABILITY,origin.list,2026-10-05 01:10:15.436031+00:00
ruttien-tindungmpos24h.com,AVAILABILITY,origin.list,2026-10-05 01:10:19.559301+00:00
rategicstrai.cfd,AVAILABILITY,origin.list,2026-10-05 01:10:21.268741+00:00
ruttien-daohan66.com,AVAILABILITY,origin.list,2026-10-05 01:10:25.298750+00:00
rutthempos-vn.com,AVAILABILITY,origin.list,2026-10-05 01:10:27.111257+00:00
ruttiennhanh-nextpay.com,AVAILABILITY,origin.list,2026-10-05 01:10:31.049926+00:00
re0y7d.cyou,AVAILABILITY,origin.list,2026-10-05 01:10:33.363253+00:00
rhighest.cfd,AVAILABILITY,origin.list,2026-10-05 01:10:36.882869+00:00
ruttiendaohantindung.com,AVAILABILITY,origin.list,2026-10-05 01:10:39.008030+00:00
resonherse.cfd,AVAILABILITY,origin.list,2026-10-05 01:10:45.043167+00:00
ruttientaihanoi.com,AVAILABILITY,origin.list,2026-10-05 01:10:50.791374+00:00
ruttiennhanh-payonl.com,AVAILABILITY,origin.list,2026-10-05 01:10:56.660709+00:00
loginame.shop,AVAILABILITY,origin.list,2026-10-05 01:10:57.987156+00:00
ruttiennthetindugmpos.com,AVAILABILITY,origin.list,2026-10-05 01:11:02.326613+00:00
quatrianffvn.cf,AVAILABILITY,origin.list,2026-10-05 01:11:05.219081+00:00
ruttientindung-nextpay.com,AVAILABILITY,origin.list,2026-10-05 01:11:07.949615+00:00
ruttientindung-365vn.com,AVAILABILITY,origin.list,2026-10-05 01:11:10.924886+00:00
ruttientindung-payonline.com,AVAILABILITY,origin.list,2026-10-05 01:11:13.605729+00:00
quanhuyfree.cf,AVAILABILITY,origin.list,2026-10-05 01:11:20.437867+00:00
ruttientindung-mposonline.com,AVAILABILITY,origin.list,2026-10-05 01:11:21.673756+00:00
ruttindungpos.com,AVAILABILITY,origin.list,2026-10-05 01:11:26.134664+00:00
rwrb55.com,AVAILABILITY,origin.list,2026-10-05 01:11:27.348288+00:00
quatrianfreefire.cf,AVAILABILITY,origin.list,2026-10-05 01:11:33.125677+00:00
s-fb.net,AVAILABILITY,origin.list,2026-10-05 01:11:33.135611+00:00
shophungakira.com,AVAILABILITY,origin.list,2026-10-05 01:11:39.036910+00:00
ruttienf3credit.com,AVAILABILITY,origin.list,2026-10-05 01:11:39.088835+00:00
sacchaeleduk.com,AVAILABILITY,origin.list,2026-10-05 01:11:44.932397+00:00
sadm26.com,AVAILABILITY,origin.list,2026-10-05 01:11:45.032382+00:00
s2rjtiki.com,AVAILABILITY,origin.list,2026-10-05 01:11:50.882372+00:00
rik11.fun,AVAILABILITY,origin.list,2026-10-05 01:11:50.902242+00:00
s33788.com,AVAILABILITY,origin.list,2026-10-05 01:11:56.568321+00:00
rwrb66.com,AVAILABILITY,origin.list,2026-10-05 01:12:02.405378+00:00
saokenganhangvn.com,AVAILABILITY,origin.list,2026-10-05 01:12:08.309602+00:00
sacombank.vn-vp.xyz,AVAILABILITY,origin.list,2026-10-05 01:12:14.098469+00:00
sbvhn.com,AVAILABILITY,origin.list,2026-10-05 01:12:20.099592+00:00
lazada6.vip,AVAILABILITY,origin.list,2026-10-05 01:12:23.962992+00:00
scb.chamsockhachhang-truc-tuyen-the.online,AVAILABILITY,origin.list,2026-10-05 01:12:25.966019+00:00
sanduon.com,AVAILABILITY,origin.list,2026-10-05 01:12:31.862174+00:00
nicevipshop.info,AVAILABILITY,origin.list,2026-10-05 01:12:34.851609+00:00
riotgame-khoataikhoan-vn.xyz,AVAILABILITY,origin.list,2026-10-05 01:12:37.771193+00:00
sandealshopee.com,AVAILABILITY,origin.list,2026-10-05 01:12:43.542058+00:00
gbuy.shop,AVAILABILITY,origin.list,2026-10-05 01:12:50.970071+00:00
nhanvientiki.info,AVAILABILITY,origin.list,2026-10-05 01:12:53.540799+00:00
robloxviet.vn,AVAILABILITY,origin.list,2026-10-05 01:12:57.906190+00:00
sacombank.vn-cl.xyz,AVAILABILITY,origin.list,2026-10-05 01:12:59.472075+00:00
scb.com.vn-rb.icu,AVAILABILITY,origin.list,2026-10-05 01:13:03.697970+00:00
sa.unixpop.xyz,AVAILABILITY,origin.list,2026-10-05 01:13:05.264175+00:00
sd062.com,AVAILABILITY,origin.list,2026-10-05 01:13:09.395989+00:00
scb.nanghanmucthenganhangvisa.com,AVAILABILITY,origin.list,2026-10-05 01:13:11.118967+00:00
sc0mvn.com,AVAILABILITY,origin.list,2026-10-05 01:13:15.163153+00:00
sd092.com,AVAILABILITY,origin.list,2026-10-05 01:13:16.950237+00:00
scb.vn-vp.xyz,AVAILABILITY,origin.list,2026-10-05 01:13:20.858671+00:00
sd5675.com,AVAILABILITY,origin.list,2026-10-05 01:13:22.882659+00:00
ruttienthetindungbienhoa.xyz,AVAILABILITY,origin.list,2026-10-05 01:13:26.935678+00:00
scb.com.vn-cn.xyz,AVAILABILITY,origin.list,2026-10-05 01:13:28.652065+00:00
sd5487.com,AVAILABILITY,origin.list,2026-10-05 01:13:32.575469+00:00
rxfspe.ulthi.de,AVAILABILITY,origin.list,2026-10-05 01:13:34.642653+00:00
sendovip.com,AVAILABILITY,origin.list,2026-10-05 01:13:38.472233+00:00
scdienmayxanh.com,AVAILABILITY,origin.list,2026-10-05 01:13:40.323060+00:00
sdo8357.com,AVAILABILITY,origin.list,2026-10-05 01:13:44.186552+00:00
sdo2435.com,AVAILABILITY,origin.list,2026-10-05 01:13:45.970241+00:00
seabank-nganhanghanoi.com,AVAILABILITY,origin.list,2026-10-05 01:13:49.929845+00:00
sendotv.com,AVAILABILITY,origin.list,2026-10-05 01:13:51.615380+00:00
sdfsshop1.com,AVAILABILITY,origin.list,2026-10-05 01:13:55.705954+00:00
seleeashopee.com,AVAILABILITY,origin.list,2026-10-05 01:13:57.294685+00:00
sendo1.com,AVAILABILITY,origin.list,2026-10-05 01:14:01.408682+00:00
servevietnam.com,AVAILABILITY,origin.list,2026-10-05 01:14:03.004459+00:00
senopaee.com,AVAILABILITY,origin.list,2026-10-05 01:14:07.121198+00:00
rutwdj.id,AVAILABILITY,origin.list,2026-10-05 01:14:08.887247+00:00
s22khuyenmai.xyz,AVAILABILITY,origin.list,2026-10-05 01:14:13.072469+00:00
sendovn.com,AVAILABILITY,origin.list,2026-10-05 01:14:14.539374+00:00
service.tpbxnk.com,AVAILABILITY,origin.list,2026-10-05 01:14:18.803052+00:00
sh2tiki.com,AVAILABILITY,origin.list,2026-10-05 01:14:20.262323+00:00
quatrianfreefirevn.club,AVAILABILITY,origin.list,2026-10-05 01:14:25.623704+00:00
sgxcoin.net,AVAILABILITY,origin.list,2026-10-05 01:14:25.988947+00:00
share-apple.com,AVAILABILITY,origin.list,2026-10-05 01:14:31.279725+00:00
servsvietnam.com,AVAILABILITY,origin.list,2026-10-05 01:14:31.665369+00:00
sd8015.xyz,AVAILABILITY,origin.list,2026-10-05 01:14:37.072889+00:00
sg.unixpop.xyz,AVAILABILITY,origin.list,2026-10-05 01:14:37.852396+00:00
shb8-vay.com,AVAILABILITY,origin.list,2026-10-05 01:14:42.762200+00:00
shbfina.com,AVAILABILITY,origin.list,2026-10-05 01:14:43.495367+00:00
shbfinans.com,AVAILABILITY,origin.list,2026-10-05 01:14:48.429637+00:00
sg1.unixpop.xyz,AVAILABILITY,origin.list,2026-10-05 01:14:49.249027+00:00
share.ttchanging.com,AVAILABILITY,origin.list,2026-10-05 01:14:54.115383+00:00
shb.com.vn-sp.xyz,AVAILABILITY,origin.list,2026-10-05 01:14:55.016091+00:00
shek66.com,AVAILABILITY,origin.list,2026-10-05 01:14:59.783036+00:00
shbfinan.com,AVAILABILITY,origin.list,2026-10-05 01:15:00.746599+00:00
shbfinanoe.com,AVAILABILITY,origin.list,2026-10-05 01:15:06.471219+00:00
nganhangsaigon.org,AVAILABILITY,origin.list,2026-10-05 01:15:08.975864+00:00
shinhanbank-khcn.com,AVAILABILITY,origin.list,2026-10-05 01:15:12.213760+00:00
shbcredit.net,AVAILABILITY,origin.list,2026-10-05 01:15:14.681219+00:00
seostar2.xyz,AVAILABILITY,origin.list,2026-10-05 01:15:18.119187+00:00
shinhan.ho-tro-tin-dung-ca-nhan.com,AVAILABILITY,origin.list,2026-10-05 01:15:20.321054+00:00
shinhan.chamsocthe-uudaikhachhang.com,AVAILABILITY,origin.list,2026-10-05 01:15:23.861406+00:00
shinhan0.com,AVAILABILITY,origin.list,2026-10-05 01:15:26.071001+00:00
quocthang.me,AVAILABILITY,origin.list,2026-10-05 01:15:33.924832+00:00
shbkhuyenmai.com,AVAILABILITY,origin.list,2026-10-05 01:15:39.773342+00:00
iyogo.shop,AVAILABILITY,origin.list,2026-10-05 01:15:41.227392+00:00
shinhanbank79.com,AVAILABILITY,origin.list,2026-10-05 01:15:45.527087+00:00
shinhanbanker.com,AVAILABILITY,origin.list,2026-10-05 01:15:51.437417+00:00
scb.com.vn-cr.life,AVAILABILITY,origin.list,2026-10-05 01:15:52.696486+00:00
salu.gq,AVAILABILITY,origin.list,2026-10-05 01:15:59.505953+00:00
pgbank.info,AVAILABILITY,origin.list,2026-10-05 01:16:01.526555+00:00
shinhanbank.vnfiba.com,AVAILABILITY,origin.list,2026-10-05 01:16:05.531638+00:00
sacombank.net.vn,AVAILABILITY,origin.list,2026-10-05 01:16:08.067995+00:00
shinhanbk.com,AVAILABILITY,origin.list,2026-10-05 01:16:11.246223+00:00
shinhanfnc.com,AVAILABILITY,origin.list,2026-10-05 01:16:13.892229+00:00
samsungvn.info,AVAILABILITY,origin.list,2026-10-05 01:16:18.132707+00:00
shinhan.chamsoccanhankhachhangthe-tructuyen.online,AVAILABILITY,origin.list,2026-10-05 01:16:19.511392+00:00
shinhanbank.chamsockhachang-the.com,AVAILABILITY,origin.list,2026-10-05 01:16:23.976438+00:00
shinhanvaytieudung.net,AVAILABILITY,origin.list,2026-10-05 01:16:25.191405+00:00
shoopency.com,AVAILABILITY,origin.list,2026-10-05 01:16:29.598353+00:00
shinhanvayvon.online,AVAILABILITY,origin.list,2026-10-05 01:16:31.133089+00:00
sacombank.vn-ne.top,AVAILABILITY,origin.list,2026-10-05 01:16:35.514714+00:00
shinhan.chamsocthekhachhang-thang4.online,AVAILABILITY,origin.list,2026-10-05 01:16:36.837375+00:00
shinhanbank-tindunghanoi.online,AVAILABILITY,origin.list,2026-10-05 01:16:41.377091+00:00
shogunbovietnam.com,AVAILABILITY,origin.list,2026-10-05 01:16:42.559986+00:00
shop-ama-zon.net,AVAILABILITY,origin.list,2026-10-05 01:16:47.082085+00:00
shoopaean.com,AVAILABILITY,origin.list,2026-10-05 01:16:48.270039+00:00
shipshop99.com,AVAILABILITY,origin.list,2026-10-05 01:16:52.876415+00:00
shoopvv.com,AVAILABILITY,origin.list,2026-10-05 01:16:53.983289+00:00
shoopaem.com,AVAILABILITY,origin.list,2026-10-05 01:16:58.771178+00:00
shoosse.com,AVAILABILITY,origin.list,2026-10-05 01:16:59.636612+00:00
rich678.com,AVAILABILITY,origin.list,2026-10-05 01:17:05.189664+00:00
shatheg.cfd,AVAILABILITY,origin.list,2026-10-05 01:17:05.698261+00:00
shop2727.com,AVAILABILITY,origin.list,2026-10-05 01:17:11.141658+00:00
shop3001.com,AVAILABILITY,origin.list,2026-10-05 01:17:11.488531+00:00
shop3535.com,AVAILABILITY,origin.list,2026-10-05 01:17:16.853678+00:00
shop984.com,AVAILABILITY,origin.list,2026-10-05 01:17:17.327349+00:00
shop3100.com,AVAILABILITY,origin.list,2026-10-05 01:17:22.558108+00:00
shop3737.com,AVAILABILITY,origin.list,2026-10-05 01:17:23.271035+00:00
sanmomo.me,AVAILABILITY,origin.list,2026-10-05 01:17:29.565177+00:00
sanqua-lienminh2021.cf,AVAILABILITY,origin.list,2026-10-05 01:17:29.704406+00:00
shop3322.com,AVAILABILITY,origin.list,2026-10-05 01:17:35.380893+00:00
shop7759.com,AVAILABILITY,origin.list,2026-10-05 01:17:35.427520+00:00
shop6886.com,AVAILABILITY,origin.list,2026-10-05 01:17:41.151406+00:00
riobank.asia,AVAILABILITY,origin.list,2026-10-05 01:17:44.339838+00:00
shop80pot.com,AVAILABILITY,origin.list,2026-10-05 01:17:46.971545+00:00
shop5t.com,AVAILABILITY,origin.list,2026-10-05 01:17:49.964989+00:00
shop5353.com,AVAILABILITY,origin.list,2026-10-05 01:17:52.670391+00:00
shop9933.com,AVAILABILITY,origin.list,2026-10-05 01:17:55.668832+00:00
shopacctriki.com,AVAILABILITY,origin.list,2026-10-05 01:17:58.383350+00:00
sacombank.vn-sp.top,AVAILABILITY,origin.list,2026-10-05 01:18:01.583491+00:00
shinhanfinaco.xyz,AVAILABILITY,origin.list,2026-10-05 01:18:04.306029+00:00
meilemall.com,AVAILABILITY,origin.list,2026-10-05 01:18:20.300047+00:00
mlswl.shop,AVAILABILITY,origin.list,2026-10-05 01:18:23.744454+00:00
phanmemhotro.com,AVAILABILITY,origin.list,2026-10-05 01:18:25.912979+00:00
shopacctet.com,AVAILABILITY,origin.list,2026-10-05 01:18:29.453824+00:00
shop849.com,AVAILABILITY,origin.list,2026-10-05 01:18:31.599674+00:00
shopacchamon.com,AVAILABILITY,origin.list,2026-10-05 01:18:35.179582+00:00
shopacc33.com,AVAILABILITY,origin.list,2026-10-05 01:18:37.256080+00:00
shopacctop.com,AVAILABILITY,origin.list,2026-10-05 01:18:40.872538+00:00
shinhanbankvay24h.com.vn,AVAILABILITY,origin.list,2026-10-05 01:18:43.553889+00:00
shopaccfifa.com,AVAILABILITY,origin.list,2026-10-05 01:18:46.660890+00:00
sdqwf.ga,AVAILABILITY,origin.list,2026-10-05 01:18:49.886584+00:00
shopbacgautv.com,AVAILABILITY,origin.list,2026-10-05 01:18:52.386458+00:00
shinhanbank.tanghanmucthang11.com.vn,AVAILABILITY,origin.list,2026-10-05 01:18:56.557872+00:00
shopchienthan.com,AVAILABILITY,origin.list,2026-10-05 01:19:02.218164+00:00
nhanquamienphi.org,AVAILABILITY,origin.list,2026-10-05 01:19:04.623737+00:00
shopacclmht69.com,AVAILABILITY,origin.list,2026-10-05 01:19:07.957364+00:00
shopcao10sao.com,AVAILABILITY,origin.list,2026-10-05 01:19:10.313811+00:00
shopcodelienquan.com,AVAILABILITY,origin.list,2026-10-05 01:19:13.678546+00:00
scb.com.vn-scl.life,AVAILABILITY,origin.list,2026-10-05 01:19:19.190735+00:00
shopbehantv.net,AVAILABILITY,origin.list,2026-10-05 01:19:19.332725+00:00
shopcuadlugaming.com,AVAILABILITY,origin.list,2026-10-05 01:19:24.910532+00:00
shopcocphuchoai.com,AVAILABILITY,origin.list,2026-10-05 01:19:25.071487+00:00
shopcuahuybom.com,AVAILABILITY,origin.list,2026-10-05 01:19:30.593665+00:00
phimtronbo.pro,AVAILABILITY,origin.list,2026-10-05 01:19:32.943282+00:00
shopcuadailodanhvong.com,AVAILABILITY,origin.list,2026-10-05 01:19:38.780539+00:00
shopcuahungff.com,AVAILABILITY,origin.list,2026-10-05 01:19:44.626760+00:00
mizonevn.shop,AVAILABILITY,origin.list,2026-10-05 01:19:47.748489+00:00
shopcuade.com,AVAILABILITY,origin.list,2026-10-05 01:19:50.434023+00:00
shopacclm247.online,AVAILABILITY,origin.list,2026-10-05 01:19:53.740144+00:00
shopcuamon.com,AVAILABILITY,origin.list,2026-10-05 01:19:56.233099+00:00
shopdoitien.com,AVAILABILITY,origin.list,2026-10-05 01:19:59.647579+00:00
shopdangym.net,AVAILABILITY,origin.list,2026-10-05 01:27:43.481957+00:00
www.samsungvn.info,AVAILABILITY,origin.list,2026-10-05 01:27:48.844548+00:00
shopee-tuyendung.com,AVAILABILITY,origin.list,2026-10-05 01:27:50.051732+00:00
shopdieulinh.com,AVAILABILITY,origin.list,2026-10-05 01:27:55.169399+00:00
shopbangbang.xyz,AVAILABILITY,origin.list,2026-10-05 01:27:56.934450+00:00
shopbloxfruit.click,AVAILABILITY,origin.list,2026-10-05 01:28:01.609323+00:00
shopdotkich.net,AVAILABILITY,origin.list,2026-10-05 01:28:03.256305+00:00
shopee-deal.com,AVAILABILITY,origin.list,2026-10-05 01:28:07.964938+00:00
shopee.cnddakm.com,AVAILABILITY,origin.list,2026-10-05 01:28:09.696164+00:00
shopcuchuoi.online,AVAILABILITY,origin.list,2026-10-05 01:28:14.270895+00:00
shopee.coepes.com,AVAILABILITY,origin.list,2026-10-05 01:28:16.080547+00:00
shopee.sootoou.com,AVAILABILITY,origin.list,2026-10-05 01:28:20.600890+00:00
shop777.vn,AVAILABILITY,origin.list,2026-10-05 01:28:22.482254+00:00
shopee.nhanqua.online,AVAILABILITY,origin.list,2026-10-05 01:28:26.620742+00:00
shopee.lienkettaikhoan.online,AVAILABILITY,origin.list,2026-10-05 01:28:28.570877+00:00
shopdegamingff.com,AVAILABILITY,origin.list,2026-10-05 01:28:32.763645+00:00
shopee.ccooppcc.online,AVAILABILITY,origin.list,2026-10-05 01:28:34.794379+00:00
shopee15.com,AVAILABILITY,origin.list,2026-10-05 01:28:39.027184+00:00
shopee14.com,AVAILABILITY,origin.list,2026-10-05 01:28:40.988955+00:00
shopee159.com,AVAILABILITY,origin.list,2026-10-05 01:28:45.443713+00:00
shopclonegiare.site,AVAILABILITY,origin.list,2026-10-05 01:28:47.314376+00:00
shopee2.net,AVAILABILITY,origin.list,2026-10-05 01:28:53.696202+00:00
shinhanbank.info.vn,AVAILABILITY,origin.list,2026-10-05 01:28:53.724368+00:00
shopee.lienkettaikhoannhanquatang.online,AVAILABILITY,origin.list,2026-10-05 01:28:59.917231+00:00
shopee2288.com,AVAILABILITY,origin.list,2026-10-05 01:29:00.082468+00:00
shopee3.net,AVAILABILITY,origin.list,2026-10-05 01:29:06.357482+00:00
shopee20.com,AVAILABILITY,origin.list,2026-10-05 01:29:06.404277+00:00
shopcuaminhchill.vn,AVAILABILITY,origin.list,2026-10-05 01:29:13.191150+00:00
shopee.vn-cskh.online,AVAILABILITY,origin.list,2026-10-05 01:29:13.518269+00:00
shopee32.com,AVAILABILITY,origin.list,2026-10-05 01:29:19.573434+00:00
shopasmobile.mobi,AVAILABILITY,origin.list,2026-10-05 01:29:20.473199+00:00
shopee-mobilebanking.vn,AVAILABILITY,origin.list,2026-10-05 01:29:26.562536+00:00
shopee298.com,AVAILABILITY,origin.list,2026-10-05 01:29:26.699626+00:00
shopee-lienkettaikhoan.vn,AVAILABILITY,origin.list,2026-10-05 01:29:32.827727+00:00
shopee687.com,AVAILABILITY,origin.list,2026-10-05 01:29:32.872887+00:00
shopee5566.com,AVAILABILITY,origin.list,2026-10-05 01:29:39.222684+00:00
shopee52.com,AVAILABILITY,origin.list,2026-10-05 01:29:39.246112+00:00
shopee60.com,AVAILABILITY,origin.list,2026-10-05 01:29:45.461578+00:00
shopee585.com,AVAILABILITY,origin.list,2026-10-05 01:29:45.607369+00:00
shopee866.com,AVAILABILITY,origin.list,2026-10-05 01:29:51.618501+00:00
shop.global-selling.top,AVAILABILITY,origin.list,2026-10-05 01:29:52.538190+00:00
shopee33388.cc,AVAILABILITY,origin.list,2026-10-05 01:29:58.022698+00:00
shopee733.com,AVAILABILITY,origin.list,2026-10-05 01:29:58.770741+00:00
shopee7788.com,AVAILABILITY,origin.list,2026-10-05 01:30:04.264467+00:00
shopee6688.net,AVAILABILITY,origin.list,2026-10-05 01:30:05.051736+00:00
shopee889.com,AVAILABILITY,origin.list,2026-10-05 01:30:10.521344+00:00
shopeeace.com,AVAILABILITY,origin.list,2026-10-05 01:30:11.422574+00:00
shopee9977.com,AVAILABILITY,origin.list,2026-10-05 01:30:16.727712+00:00
shopee.quatang-sinhnhat.vn,AVAILABILITY,origin.list,2026-10-05 01:30:18.271176+00:00
shopeecv.com,AVAILABILITY,origin.list,2026-10-05 01:30:23.163827+00:00
shopeeblue.com,AVAILABILITY,origin.list,2026-10-05 01:30:24.417832+00:00
restlesz.su,AVAILABILITY,origin.list,2026-10-05 01:30:32.049327+00:00
restless.su,AVAILABILITY,origin.list,2026-10-05 01:30:33.090884+00:00
shopeechinhthuc.com,AVAILABILITY,origin.list,2026-10-05 01:30:38.331517+00:00
shopeehethong.com,AVAILABILITY,origin.list,2026-10-05 01:30:39.579041+00:00
shopadcoriff2023.tk,AVAILABILITY,origin.list,2026-10-05 01:30:44.983126+00:00
shopeeft.com,AVAILABILITY,origin.list,2026-10-05 01:30:45.754181+00:00
shopee.maquatang.vn,AVAILABILITY,origin.list,2026-10-05 01:30:51.710982+00:00
scb.com.vn-rn.biz,AVAILABILITY,origin.list,2026-10-05 01:30:51.778711+00:00
shopeeff.com,AVAILABILITY,origin.list,2026-10-05 01:30:57.915247+00:00
shopeekingden.com,AVAILABILITY,origin.list,2026-10-05 01:30:58.051802+00:00
shopeemission.com,AVAILABILITY,origin.list,2026-10-05 01:31:04.115486+00:00
shopee.luxe,AVAILABILITY,origin.list,2026-10-05 01:31:05.072076+00:00
shopee.consulting,AVAILABILITY,origin.list,2026-10-05 01:31:11.155764+00:00
shopeemy.net,AVAILABILITY,origin.list,2026-10-05 01:31:11.321061+00:00
shopeenhimvcahng.net,AVAILABILITY,origin.list,2026-10-05 01:31:17.316766+00:00
shopeekx.com,AVAILABILITY,origin.list,2026-10-05 01:31:17.562383+00:00
shopeeorg.com,AVAILABILITY,origin.list,2026-10-05 01:31:23.510816+00:00
shopeepee.com,AVAILABILITY,origin.list,2026-10-05 01:31:24.003138+00:00
shopeeson.com,AVAILABILITY,origin.list,2026-10-05 01:31:29.633416+00:00
shb.com.vn-iy.info,AVAILABILITY,origin.list,2026-10-05 01:31:32.534274+00:00
shopeemallvn.com,AVAILABILITY,origin.list,2026-10-05 01:31:35.865520+00:00
shopeeshoppimg.com,AVAILABILITY,origin.list,2026-10-05 01:31:42.057856+00:00
scb.com.vn-iz.info,AVAILABILITY,origin.list,2026-10-05 01:31:45.652079+00:00
scb.com.vn-uz.info,AVAILABILITY,origin.list,2026-10-05 01:31:50.033462+00:00
shopeepv.com,AVAILABILITY,origin.list,2026-10-05 01:31:51.782947+00:00
shopeetiki.com,AVAILABILITY,origin.list,2026-10-05 01:31:56.296949+00:00
shopees.app,AVAILABILITY,origin.list,2026-10-05 01:31:57.819045+00:00
shopeesopp.com,AVAILABILITY,origin.list,2026-10-05 01:32:02.539062+00:00
shopeevn2.com,AVAILABILITY,origin.list,2026-10-05 01:32:08.860553+00:00
scb.com.vn-ub.info,AVAILABILITY,origin.list,2026-10-05 01:32:10.568327+00:00
shopeetuyendung.com,AVAILABILITY,origin.list,2026-10-05 01:32:15.007756+00:00
shopeee.icu,AVAILABILITY,origin.list,2026-10-05 01:32:17.111753+00:00
shopeesukien.com,AVAILABILITY,origin.list,2026-10-05 01:32:21.317265+00:00
shopeev.net,AVAILABILITY,origin.list,2026-10-05 01:32:23.282868+00:00
shopeetx.com,AVAILABILITY,origin.list,2026-10-05 01:32:27.595035+00:00
shopeevn3.com,AVAILABILITY,origin.list,2026-10-05 01:32:29.643136+00:00
shopeehub.online,AVAILABILITY,origin.list,2026-10-05 01:32:33.804299+00:00
shopeevn6.com,AVAILABILITY,origin.list,2026-10-05 01:32:35.808219+00:00
shopeevnn.com,AVAILABILITY,origin.list,2026-10-05 01:32:39.950170+00:00
shopeevent.com,AVAILABILITY,origin.list,2026-10-05 01:32:42.024724+00:00
shopeevn1.com,AVAILABILITY,origin.list,2026-10-05 01:32:46.378903+00:00
shopeeplus.xyz,AVAILABILITY,origin.list,2026-10-05 01:32:48.732541+00:00
shopeeindia.store,AVAILABILITY,origin.list,2026-10-05 01:32:53.208160+00:00
shopeevn7.com,AVAILABILITY,origin.list,2026-10-05 01:32:55.274843+00:00
shopeevn9.com,AVAILABILITY,origin.list,2026-10-05 01:32:59.512363+00:00
shopeevnvip.com,AVAILABILITY,origin.list,2026-10-05 01:33:01.633076+00:00
shopelaie.com,AVAILABILITY,origin.list,2026-10-05 01:33:05.958656+00:00
shopeevp.com,AVAILABILITY,origin.list,2026-10-05 01:33:07.924091+00:00
shopeskolo.com,AVAILABILITY,origin.list,2026-10-05 01:33:12.368848+00:00
shopelnie.com,AVAILABILITY,origin.list,2026-10-05 01:33:14.190559+00:00
shopepvip.com,AVAILABILITY,origin.list,2026-10-05 01:33:18.576914+00:00
shopeetro.xyz,AVAILABILITY,origin.list,2026-10-05 01:33:20.701166+00:00
shopfamilyyx.com,AVAILABILITY,origin.list,2026-10-05 01:33:24.851769+00:00
shopfreefire137.com,AVAILABILITY,origin.list,2026-10-05 01:33:26.899814+00:00
shopelpie.com,AVAILABILITY,origin.list,2026-10-05 01:33:31.192786+00:00
shopfo4.com,AVAILABILITY,origin.list,2026-10-05 01:33:33.355870+00:00
shopfe1425.com,AVAILABILITY,origin.list,2026-10-05 01:33:37.620342+00:00
shopfreefireuytin.com,AVAILABILITY,origin.list,2026-10-05 01:33:39.556718+00:00
shopgamefo4.com,AVAILABILITY,origin.list,2026-10-05 01:33:44.009033+00:00
shopgarenavn.com,AVAILABILITY,origin.list,2026-10-05 01:33:45.781299+00:00
shopfunyff.com,AVAILABILITY,origin.list,2026-10-05 01:33:50.233701+00:00
shopeev.xyz,AVAILABILITY,origin.list,2026-10-05 01:33:52.438326+00:00
shopgamepubg.com,AVAILABILITY,origin.list,2026-10-05 01:33:56.457556+00:00
shopgamelq247.com,AVAILABILITY,origin.list,2026-10-05 01:33:58.806228+00:00
shophapham.com,AVAILABILITY,origin.list,2026-10-05 01:34:02.600326+00:00
shopgenshin247h.com,AVAILABILITY,origin.list,2026-10-05 01:34:04.986768+00:00
shopgo188.com,AVAILABILITY,origin.list,2026-10-05 01:34:09.057261+00:00
shopgenshin360.com,AVAILABILITY,origin.list,2026-10-05 01:34:11.152238+00:00
shopccv.pro,AVAILABILITY,origin.list,2026-10-05 01:34:18.196524+00:00
shopeexpress.online,AVAILABILITY,origin.list,2026-10-05 01:34:18.416518+00:00
shopjindz.com,AVAILABILITY,origin.list,2026-10-05 01:34:24.384004+00:00
shophatieuphu.com,AVAILABILITY,origin.list,2026-10-05 01:34:24.676044+00:00
shophiharobux.com,AVAILABILITY,origin.list,2026-10-05 01:34:30.625355+00:00
shophedu.com,AVAILABILITY,origin.list,2026-10-05 01:34:30.833563+00:00
shophoangkim.com,AVAILABILITY,origin.list,2026-10-05 01:34:36.905792+00:00
shophoiquan.com,AVAILABILITY,origin.list,2026-10-05 01:34:36.996887+00:00
shopinviskk.com,AVAILABILITY,origin.list,2026-10-05 01:34:43.063376+00:00
shopkc247.com,AVAILABILITY,origin.list,2026-10-05 01:34:43.200042+00:00
shopkingoff.com,AVAILABILITY,origin.list,2026-10-05 01:34:49.217509+00:00
shoplazada19.com,AVAILABILITY,origin.list,2026-10-05 01:34:49.429204+00:00
shopkellygaming.net,AVAILABILITY,origin.list,2026-10-05 01:34:55.579841+00:00
shopj2k.com,AVAILABILITY,origin.list,2026-10-05 01:34:55.628868+00:00
shopkcffx5.com,AVAILABILITY,origin.list,2026-10-05 01:35:01.799307+00:00
shoplazada.net,AVAILABILITY,origin.list,2026-10-05 01:35:01.817774+00:00
shopmall55.com,AVAILABILITY,origin.list,2026-10-05 01:35:08.054018+00:00
shoplienquanuytin.com,AVAILABILITY,origin.list,2026-10-05 01:35:13.007037+00:00
shopmanhcf365.com,AVAILABILITY,origin.list,2026-10-05 01:35:14.263776+00:00
shoplongsegay.com,AVAILABILITY,origin.list,2026-10-05 01:35:19.123704+00:00
xn--shopgcaoth-043e.vn,AVAILABILITY,origin.list,2026-10-05 01:35:21.237872+00:00
shopmall6.com,AVAILABILITY,origin.list,2026-10-05 01:35:25.324659+00:00
shopmall33.com,AVAILABILITY,origin.list,2026-10-05 01:35:27.785525+00:00
shopmall66.com,AVAILABILITY,origin.list,2026-10-05 01:35:31.593860+00:00
shopmall68.com,AVAILABILITY,origin.list,2026-10-05 01:35:34.182846+00:00
shopnagaymeff.com,AVAILABILITY,origin.list,2026-10-05 01:35:37.963577+00:00
shopee666.top,AVAILABILITY,origin.list,2026-10-05 01:35:41.677150+00:00
shopmall3.com,AVAILABILITY,origin.list,2026-10-05 01:35:44.196670+00:00
shopmobaviet.net,AVAILABILITY,origin.list,2026-10-05 01:35:48.132899+00:00
shopmsuong.net,AVAILABILITY,origin.list,2026-10-05 01:35:50.466031+00:00
shoplienquan.click,AVAILABILITY,origin.list,2026-10-05 01:35:54.272537+00:00
shopmanhcfm.com,AVAILABILITY,origin.list,2026-10-05 01:35:56.711333+00:00
shopne306.net,AVAILABILITY,origin.list,2026-10-05 01:36:00.459090+00:00
shopnamlayff.com,AVAILABILITY,origin.list,2026-10-05 01:36:02.888567+00:00
shopnapkimcuong.com,AVAILABILITY,origin.list,2026-10-05 01:36:06.645173+00:00
shopne188.com,AVAILABILITY,origin.list,2026-10-05 01:36:09.102059+00:00
shophocvien.vn,AVAILABILITY,origin.list,2026-10-05 01:36:14.127856+00:00
shopne309.com,AVAILABILITY,origin.list,2026-10-05 01:36:15.286712+00:00
shopnapre.com,AVAILABILITY,origin.list,2026-10-05 01:36:20.303883+00:00
vib.mobi,AVAILABILITY,origin.list,2026-10-05 01:36:21.713644+00:00
shopkellygaming.vn,AVAILABILITY,origin.list,2026-10-05 01:36:27.150032+00:00
shopne388.com,AVAILABILITY,origin.list,2026-10-05 01:36:27.954420+00:00
shopne580.net,AVAILABILITY,origin.list,2026-10-05 01:36:34.146483+00:00
momocasino.vip,AVAILABILITY,origin.list,2026-10-05 01:36:38.755495+00:00
shopne035.com,AVAILABILITY,origin.list,2026-10-05 01:36:40.334101+00:00
shopne77.com,AVAILABILITY,origin.list,2026-10-05 01:36:45.013756+00:00
shopne688.com,AVAILABILITY,origin.list,2026-10-05 01:36:46.429894+00:00
shopmailco24h.site,AVAILABILITY,origin.list,2026-10-05 01:36:51.496196+00:00
shopne56.com,AVAILABILITY,origin.list,2026-10-05 01:36:52.832777+00:00
shopne608.com,AVAILABILITY,origin.list,2026-10-05 01:36:57.850775+00:00
shinhanfinaco.info,AVAILABILITY,origin.list,2026-10-05 01:37:01.869495+00:00
shopne68.net,AVAILABILITY,origin.list,2026-10-05 01:37:04.280010+00:00
shopne988.com,AVAILABILITY,origin.list,2026-10-05 01:37:08.259551+00:00
shopne886.com,AVAILABILITY,origin.list,2026-10-05 01:37:10.680975+00:00
shopne68.com,AVAILABILITY,origin.list,2026-10-05 01:37:14.737972+00:00
shopnhanff.com,AVAILABILITY,origin.list,2026-10-05 01:37:16.943576+00:00
shopnhanthuong.com,AVAILABILITY,origin.list,2026-10-05 01:37:21.198362+00:00
shopntn03.com,AVAILABILITY,origin.list,2026-10-05 01:37:23.493210+00:00
shopnickninjaschool.com,AVAILABILITY,origin.list,2026-10-05 01:37:29.888557+00:00
shilla.skrfgrl.cn,AVAILABILITY,origin.list,2026-10-05 01:37:31.011631+00:00
shopnhanqua.com,AVAILABILITY,origin.list,2026-10-05 01:37:36.050931+00:00
shoppeemall.net,AVAILABILITY,origin.list,2026-10-05 01:37:37.207903+00:00
shopeekx.top,AVAILABILITY,origin.list,2026-10-05 01:37:43.387074+00:00
shopninjaschool.com,AVAILABILITY,origin.list,2026-10-05 01:37:43.449417+00:00
shoppevip.com,AVAILABILITY,origin.list,2026-10-05 01:37:49.693618+00:00
shoponlback.com,AVAILABILITY,origin.list,2026-10-05 01:37:49.721749+00:00
shopjinff.tk,AVAILABILITY,origin.list,2026-10-05 01:37:56.429359+00:00
momo247.shop,AVAILABILITY,origin.list,2026-10-05 01:37:59.177846+00:00
shoppevip12.com,AVAILABILITY,origin.list,2026-10-05 01:38:02.798051+00:00
shopnamciu.vn,AVAILABILITY,origin.list,2026-10-05 01:38:05.954774+00:00
shoppevip13.com,AVAILABILITY,origin.list,2026-10-05 01:38:09.030316+00:00
shoppevip11.com,AVAILABILITY,origin.list,2026-10-05 01:38:12.182080+00:00
shoppevip14.com,AVAILABILITY,origin.list,2026-10-05 01:38:15.116579+00:00
shopeetro.club,AVAILABILITY,origin.list,2026-10-05 01:38:19.341990+00:00
shoppevip15.com,AVAILABILITY,origin.list,2026-10-05 01:38:21.312221+00:00
shoppevip18.com,AVAILABILITY,origin.list,2026-10-05 01:38:25.568513+00:00
shopphh.com,AVAILABILITY,origin.list,2026-10-05 01:38:27.522619+00:00
shopp777.com,AVAILABILITY,origin.list,2026-10-05 01:38:31.775144+00:00
shoppevip16.com,AVAILABILITY,origin.list,2026-10-05 01:38:33.687126+00:00
shoppevip19.com,AVAILABILITY,origin.list,2026-10-05 01:38:37.987370+00:00
shoppeflashsale.online,AVAILABILITY,origin.list,2026-10-05 01:38:44.153520+00:00
shinhanapp.org,AVAILABILITY,origin.list,2026-10-05 01:38:45.220292+00:00
shoppevip17.com,AVAILABILITY,origin.list,2026-10-05 01:38:50.413902+00:00
shopphimgiare.com,AVAILABILITY,origin.list,2026-10-05 01:38:51.435283+00:00
shoppjj.com,AVAILABILITY,origin.list,2026-10-05 01:38:57.665472+00:00
shopgau.me,AVAILABILITY,origin.list,2026-10-05 01:38:57.739035+00:00
shopplaytogethervip.net,AVAILABILITY,origin.list,2026-10-05 01:39:03.866925+00:00
shoppubguytin.com,AVAILABILITY,origin.list,2026-10-05 01:39:04.044322+00:00
shoppmm.com,AVAILABILITY,origin.list,2026-10-05 01:39:10.005225+00:00
shopquynhxinh.com,AVAILABILITY,origin.list,2026-10-05 01:39:10.137189+00:00
shopruu.com,AVAILABILITY,origin.list,2026-10-05 01:39:16.600070+00:00
shoprikaki.net,AVAILABILITY,origin.list,2026-10-05 01:39:16.615692+00:00
shoprgffntn.net,AVAILABILITY,origin.list,2026-10-05 01:39:22.761462+00:00
shopnuff.vn,AVAILABILITY,origin.list,2026-10-05 01:39:23.696752+00:00
shopsieucapx5.com,AVAILABILITY,origin.list,2026-10-05 01:39:28.887677+00:00
shopeevip.top,AVAILABILITY,origin.list,2026-10-05 01:39:30.561158+00:00
shopsonflo.com,AVAILABILITY,origin.list,2026-10-05 01:39:35.119554+00:00
shopreview123.com,AVAILABILITY,origin.list,2026-10-05 01:39:36.765775+00:00
shoptaikhoangame.com,AVAILABILITY,origin.list,2026-10-05 01:39:41.261089+00:00
shopthuracle.net,AVAILABILITY,origin.list,2026-10-05 01:39:42.889525+00:00
shoptetlienquan.com,AVAILABILITY,origin.list,2026-10-05 01:39:47.498893+00:00
shopthong.net,AVAILABILITY,origin.list,2026-10-05 01:39:49.012196+00:00
shopthuthach.com,AVAILABILITY,origin.list,2026-10-05 01:39:53.911438+00:00
shoptieubao.com,AVAILABILITY,origin.list,2026-10-05 01:39:55.220165+00:00
shoptienzombe.com,AVAILABILITY,origin.list,2026-10-05 01:40:00.167626+00:00
shopeexs.top,AVAILABILITY,origin.list,2026-10-05 01:40:02.338803+00:00
shopplaytogether.vn,AVAILABILITY,origin.list,2026-10-05 01:40:07.104062+00:00
shoppracquy.vn,AVAILABILITY,origin.list,2026-10-05 01:40:08.995724+00:00
shoptindungrobux.com,AVAILABILITY,origin.list,2026-10-05 01:40:15.293784+00:00
saifcrack.com,AVAILABILITY,origin.list,2026-10-05 01:40:17.811747+00:00
shopthuthuatlq.com,AVAILABILITY,origin.list,2026-10-05 01:40:21.537132+00:00
shoptksoigm.com,AVAILABILITY,origin.list,2026-10-05 01:48:19.574569+00:00
shoptinhyeuvn.com,AVAILABILITY,origin.list,2026-10-05 01:48:19.727096+00:00
shoptrumlq.com,AVAILABILITY,origin.list,2026-10-05 01:48:25.577180+00:00
shoptoanquoc247.com,AVAILABILITY,origin.list,2026-10-05 01:48:25.627931+00:00
shopsimdata4g.online,AVAILABILITY,origin.list,2026-10-05 01:48:31.257420+00:00
shoptungtayto.com,AVAILABILITY,origin.list,2026-10-05 01:48:31.372781+00:00
shoptrau.com,AVAILABILITY,origin.list,2026-10-05 01:48:37.224611+00:00
shopeefans.info,AVAILABILITY,origin.list,2026-10-05 01:48:40.399722+00:00
shoptuankhaff.com,AVAILABILITY,origin.list,2026-10-05 01:48:43.000848+00:00
shopvinhxinhtrai.com,AVAILABILITY,origin.list,2026-10-05 01:48:48.963848+00:00
sd5069.shop,AVAILABILITY,origin.list,2026-10-05 01:48:56.685657+00:00
shopwaoteam.com,AVAILABILITY,origin.list,2026-10-05 01:49:02.363281+00:00
msqpom.sail-away-investments.com,AVAILABILITY,origin.list,2026-10-05 01:49:04.945454+00:00
shopvuhau.com,AVAILABILITY,origin.list,2026-10-05 01:49:07.965936+00:00
shopxamgaming.com,AVAILABILITY,origin.list,2026-10-05 01:49:11.063905+00:00
shopvualq.com,AVAILABILITY,origin.list,2026-10-05 01:49:13.665685+00:00
shopxu365.com,AVAILABILITY,origin.list,2026-10-05 01:49:16.850077+00:00
shvnb.kfcvnpay.com,AVAILABILITY,origin.list,2026-10-05 01:49:19.405201+00:00
shopy59782.com,AVAILABILITY,origin.list,2026-10-05 01:49:22.735250+00:00
shoprex.vn,AVAILABILITY,origin.list,2026-10-05 01:49:25.811694+00:00
shopwe1102.com,AVAILABILITY,origin.list,2026-10-05 01:49:28.414031+00:00
shoppee-sale-vn.tk,AVAILABILITY,origin.list,2026-10-05 01:49:32.645954+00:00
sieuatoc.com,AVAILABILITY,origin.list,2026-10-05 01:49:34.087323+00:00
showzyeye.com,AVAILABILITY,origin.list,2026-10-05 01:49:38.316828+00:00
shopwibugaming.com,AVAILABILITY,origin.list,2026-10-05 01:49:39.738775+00:00
sieusao.lienquan-vgarena.com,AVAILABILITY,origin.list,2026-10-05 01:49:44.263170+00:00
sieuthidark.com,AVAILABILITY,origin.list,2026-10-05 01:49:45.432519+00:00
shopthanhhungff.vn,AVAILABILITY,origin.list,2026-10-05 01:49:50.236786+00:00
sieuthibaby24h.com,AVAILABILITY,origin.list,2026-10-05 01:49:51.227635+00:00
sieumomo.com,AVAILABILITY,origin.list,2026-10-05 01:49:55.883249+00:00
sieuthidienmayxanh24h.com,AVAILABILITY,origin.list,2026-10-05 01:49:57.008203+00:00
sieukhuyenmaii2023.cloud,AVAILABILITY,origin.list,2026-10-05 01:50:01.746717+00:00
shopxu24h.site,AVAILABILITY,origin.list,2026-10-05 01:50:02.722895+00:00
sieuthidienthoaiso.com,AVAILABILITY,origin.list,2026-10-05 01:50:07.424408+00:00
shoptrumflo.vn,AVAILABILITY,origin.list,2026-10-05 01:50:13.217719+00:00
mylotte.shop,AVAILABILITY,origin.list,2026-10-05 01:50:16.670101+00:00
sieuthivemaybaygiare.com,AVAILABILITY,origin.list,2026-10-05 01:50:18.910806+00:00
shoptruykich.vn,AVAILABILITY,origin.list,2026-10-05 01:50:22.824510+00:00
sieukhuyenmaii2023.store,AVAILABILITY,origin.list,2026-10-05 01:50:25.067570+00:00
sieukhuyenmaii2023.website,AVAILABILITY,origin.list,2026-10-05 01:50:28.516277+00:00
sieukhuyenmaii2023.site,AVAILABILITY,origin.list,2026-10-05 01:50:30.737165+00:00
shopphucgmff.tk,AVAILABILITY,origin.list,2026-10-05 01:50:37.901457+00:00
xn--shpmobaviet-v89e.vn,AVAILABILITY,origin.list,2026-10-05 01:50:43.886229+00:00
oydiwf.yokayseiy.com,AVAILABILITY,origin.list,2026-10-05 01:50:44.448854+00:00
skhf66.com,AVAILABILITY,origin.list,2026-10-05 01:50:50.294794+00:00
sieuthidienmayxanh247.com,AVAILABILITY,origin.list,2026-10-05 01:50:56.137646+00:00
opencirculation.com,AVAILABILITY,origin.list,2026-10-05 01:50:59.951186+00:00
shoptgtv.tk,AVAILABILITY,origin.list,2026-10-05 01:51:02.805251+00:00
sjfku88.com,AVAILABILITY,origin.list,2026-10-05 01:51:05.700209+00:00
sieuthimion.com,AVAILABILITY,origin.list,2026-10-05 01:51:08.396188+00:00
smrtbbdv.com,AVAILABILITY,origin.list,2026-10-05 01:51:11.484250+00:00
skhf11.com,AVAILABILITY,origin.list,2026-10-05 01:51:14.181956+00:00
sjfku11.com,AVAILABILITY,origin.list,2026-10-05 01:51:17.154008+00:00
smrtbiiddv.com,AVAILABILITY,origin.list,2026-10-05 01:51:19.797349+00:00
smrtbbidv.com,AVAILABILITY,origin.list,2026-10-05 01:51:22.957587+00:00
smsccb.com,AVAILABILITY,origin.list,2026-10-05 01:51:25.428481+00:00
smtbvn.com,AVAILABILITY,origin.list,2026-10-05 01:51:28.571694+00:00
smrtbiidvv.com,AVAILABILITY,origin.list,2026-10-05 01:51:31.265952+00:00
softwarefpt.com,AVAILABILITY,origin.list,2026-10-05 01:51:34.239211+00:00
smrtbiidv.com,AVAILABILITY,origin.list,2026-10-05 01:51:36.922978+00:00
snapdeal33.com,AVAILABILITY,origin.list,2026-10-05 01:51:39.925945+00:00
shopnamlay.info,AVAILABILITY,origin.list,2026-10-05 01:51:44.657387+00:00
sodj88.com,AVAILABILITY,origin.list,2026-10-05 01:51:45.932408+00:00
snapdeal26.com,AVAILABILITY,origin.list,2026-10-05 01:51:51.528158+00:00
somnio-evolve.com,AVAILABILITY,origin.list,2026-10-05 01:51:57.284692+00:00
personals-pc-app.com,AVAILABILITY,origin.list,2026-10-05 01:52:01.560823+00:00
soppe68.com,AVAILABILITY,origin.list,2026-10-05 01:52:02.901286+00:00
sp15569p.com,AVAILABILITY,origin.list,2026-10-05 01:52:07.223246+00:00
sp315693vn.com,AVAILABILITY,origin.list,2026-10-05 01:52:08.529234+00:00
sopper68.com,AVAILABILITY,origin.list,2026-10-05 01:52:12.889990+00:00
sos-icloud.com,AVAILABILITY,origin.list,2026-10-05 01:52:18.856791+00:00
sp6788.com,AVAILABILITY,origin.list,2026-10-05 01:52:24.621757+00:00
pkajdo.yokayseiy.com,AVAILABILITY,origin.list,2026-10-05 01:52:24.647808+00:00
sotuyenvcb.vietcombanker.com,AVAILABILITY,origin.list,2026-10-05 01:52:30.316101+00:00
shoptienich.pro,AVAILABILITY,origin.list,2026-10-05 01:52:30.409210+00:00
sp1663p.com,AVAILABILITY,origin.list,2026-10-05 01:52:35.994219+00:00
soyte.cc,AVAILABILITY,origin.list,2026-10-05 01:52:36.340316+00:00
sp1776p.com,AVAILABILITY,origin.list,2026-10-05 01:52:41.871165+00:00
sp61889p.com,AVAILABILITY,origin.list,2026-10-05 01:52:42.153680+00:00
sql.onlyslq.lol,AVAILABILITY,origin.list,2026-10-05 01:52:47.867598+00:00
sicherheitsdienst-boettger.de,AVAILABILITY,origin.list,2026-10-05 01:52:48.551888+00:00
sp75193p.com,AVAILABILITY,origin.list,2026-10-05 01:52:53.547186+00:00
sp7335p.com,AVAILABILITY,origin.list,2026-10-05 01:52:54.230650+00:00
sp7588p.com,AVAILABILITY,origin.list,2026-10-05 01:52:59.219110+00:00
spmail86.com,AVAILABILITY,origin.list,2026-10-05 01:52:59.848412+00:00
sp77888.com,AVAILABILITY,origin.list,2026-10-05 01:53:04.846689+00:00
spohopena.com,AVAILABILITY,origin.list,2026-10-05 01:53:05.443927+00:00
spsinhlychinhhang.com,AVAILABILITY,origin.list,2026-10-05 01:53:10.561281+00:00
stbuyshopoui.com,AVAILABILITY,origin.list,2026-10-05 01:53:11.223874+00:00
spmail88.com,AVAILABILITY,origin.list,2026-10-05 01:53:16.861465+00:00
spohopenm.com,AVAILABILITY,origin.list,2026-10-05 01:53:22.790272+00:00
sso-hotro-taikhoan.com,AVAILABILITY,origin.list,2026-10-05 01:53:28.380463+00:00
stcard-vib.com,AVAILABILITY,origin.list,2026-10-05 01:53:34.154761+00:00
storehaiyen.com,AVAILABILITY,origin.list,2026-10-05 01:53:39.815789+00:00
msb.vn-jss.vip,AVAILABILITY,origin.list,2026-10-05 01:53:45.301301+00:00
sp8668vn.com,AVAILABILITY,origin.list,2026-10-05 01:53:45.441023+00:00
sukien-ff-garena.com,AVAILABILITY,origin.list,2026-10-05 01:53:51.076040+00:00
sukien-garena-ob35.com,AVAILABILITY,origin.list,2026-10-05 01:53:51.082884+00:00
sukien-garenaffvn.com,AVAILABILITY,origin.list,2026-10-05 01:53:56.671858+00:00
sieumomo.win,AVAILABILITY,origin.list,2026-10-05 01:53:56.804957+00:00
standardresourcebank.com,AVAILABILITY,origin.list,2026-10-05 01:54:02.396280+00:00
sukiem-muahe-pubgmobilevn.com,AVAILABILITY,origin.list,2026-10-05 01:54:08.077584+00:00
sukien-giftcoded-garena.com,AVAILABILITY,origin.list,2026-10-05 01:54:13.700245+00:00
quaysomediamart2024.vip,AVAILABILITY,origin.list,2026-10-05 01:54:16.743163+00:00
sukien-latquaff.com,AVAILABILITY,origin.list,2026-10-05 01:54:19.376069+00:00
sukien-playtogether.com,AVAILABILITY,origin.list,2026-10-05 01:54:22.429136+00:00
sukien-lmht.com,AVAILABILITY,origin.list,2026-10-05 01:54:24.955707+00:00
sonarsurveyof.cfd,AVAILABILITY,origin.list,2026-10-05 01:54:30.870472+00:00
sukien-giftcode24h-garena.com,AVAILABILITY,origin.list,2026-10-05 01:54:36.923427+00:00
sukien-lq-garena.com,AVAILABILITY,origin.list,2026-10-05 01:54:42.799910+00:00
royalshop2021.shop,AVAILABILITY,origin.list,2026-10-05 01:54:43.451316+00:00
sukien-pubgmobielievng.com,AVAILABILITY,origin.list,2026-10-05 01:54:48.786143+00:00
sukien-lienminh.com,AVAILABILITY,origin.list,2026-10-05 01:54:49.319153+00:00
sukien-pubgmbvng.com,AVAILABILITY,origin.list,2026-10-05 01:54:54.390646+00:00
sukien-nhanqua-garena.com,AVAILABILITY,origin.list,2026-10-05 01:54:55.101166+00:00
sputrey567rik.cfd,AVAILABILITY,origin.list,2026-10-05 01:55:00.314928+00:00
sukiendtdv-lienquan-garena.co,AVAILABILITY,origin.list,2026-10-05 01:55:00.840469+00:00
sso-garena.vn,AVAILABILITY,origin.list,2026-10-05 01:55:06.624155+00:00
sukien-quaythuongmembers.com,AVAILABILITY,origin.list,2026-10-05 01:55:06.638307+00:00
sukienbts2022.com,AVAILABILITY,origin.list,2026-10-05 01:55:12.354908+00:00
sukienffo4.com,AVAILABILITY,origin.list,2026-10-05 01:55:12.358572+00:00
sukienffvn2021.net,AVAILABILITY,origin.list,2026-10-05 01:55:18.101449+00:00
sukienfreefive.com,AVAILABILITY,origin.list,2026-10-05 01:55:23.852586+00:00
sukienffvn2021.com,AVAILABILITY,origin.list,2026-10-05 01:55:29.537807+00:00
sd3053.shop,AVAILABILITY,origin.list,2026-10-05 01:55:43.465352+00:00
sukien-lienminhtocchien.site,AVAILABILITY,origin.list,2026-10-05 01:55:49.415476+00:00
sukien-freefirenammoi.site,AVAILABILITY,origin.list,2026-10-05 01:55:55.193246+00:00
gdriveshop.com,AVAILABILITY,origin.list,2026-10-05 01:56:00.542628+00:00
sukienfreefirevietnam2021.com,AVAILABILITY,origin.list,2026-10-05 01:56:01.154358+00:00
sukienfreefirervn.com,AVAILABILITY,origin.list,2026-10-05 01:56:06.482943+00:00
sukienlienquan2022-garena.com,AVAILABILITY,origin.list,2026-10-05 01:56:06.761126+00:00
sukienhefreefire.com,AVAILABILITY,origin.list,2026-10-05 01:56:12.133099+00:00
sukienlienquan2022.com,AVAILABILITY,origin.list,2026-10-05 01:56:12.560961+00:00
sukienlienquanthang8.com,AVAILABILITY,origin.list,2026-10-05 01:56:17.931742+00:00
sukiengarena2022.com,AVAILABILITY,origin.list,2026-10-05 01:56:18.360255+00:00
sukienlienquanmobile2021.com,AVAILABILITY,origin.list,2026-10-05 01:56:23.812765+00:00
sukienlienquanvietnam.com,AVAILABILITY,origin.list,2026-10-05 01:56:24.030729+00:00
sukienlq2021.com,AVAILABILITY,origin.list,2026-10-05 01:56:29.629753+00:00
sieumomo.club,AVAILABILITY,origin.list,2026-10-05 01:56:35.491702+00:00
vn.vnhao123.xyz,AVAILABILITY,origin.list,2026-10-05 01:56:41.060312+00:00
myshopee7.vip,AVAILABILITY,origin.list,2026-10-05 01:56:42.789568+00:00
hethongvaynhanh247.com,AVAILABILITY,origin.list,2026-10-05 01:56:46.752735+00:00
homecredit.hethongvaynhanh247.com,AVAILABILITY,origin.list,2026-10-05 01:56:52.387252+00:00
sieumomo.pro,AVAILABILITY,origin.list,2026-10-05 01:56:56.363697+00:00
legder.com-softwares.com,AVAILABILITY,origin.list,2026-10-05 01:56:57.983431+00:00
sukienlienquanvn2021.com,AVAILABILITY,origin.list,2026-10-05 01:57:03.585111+00:00
sd0053.shop,AVAILABILITY,origin.list,2026-10-05 01:57:09.390309+00:00
sukien-tet-mung1-lienquan.ga,AVAILABILITY,origin.list,2026-10-05 01:57:09.851585+00:00
sukienlqm.com,AVAILABILITY,origin.list,2026-10-05 01:57:15.066631+00:00
sukienmemberships.com,AVAILABILITY,origin.list,2026-10-05 01:57:15.649771+00:00
sukienlienquanvn.net,AVAILABILITY,origin.list,2026-10-05 01:57:20.795322+00:00
sukienlienminh.online,AVAILABILITY,origin.list,2026-10-05 01:57:21.653626+00:00
sukienmuahe2021.com,AVAILABILITY,origin.list,2026-10-05 01:57:26.475506+00:00
sukiennhanqualqvn2021.com,AVAILABILITY,origin.list,2026-10-05 01:57:27.238496+00:00
sukienffvn.online,AVAILABILITY,origin.list,2026-10-05 01:57:32.094686+00:00
sukienonline24h.com,AVAILABILITY,origin.list,2026-10-05 01:57:32.906045+00:00
sukien-2021lmht.ga,AVAILABILITY,origin.list,2026-10-05 01:57:37.967777+00:00
sukientogether.com,AVAILABILITY,origin.list,2026-10-05 01:57:38.526937+00:00
sukienpubgvng-global.com,AVAILABILITY,origin.list,2026-10-05 01:57:44.179256+00:00
sukienplaytogether.com,AVAILABILITY,origin.list,2026-10-05 01:57:50.037487+00:00
sukiensieusao.com,AVAILABILITY,origin.list,2026-10-05 01:57:55.669772+00:00
playgooglevn.vip,AVAILABILITY,origin.list,2026-10-05 01:58:10.765688+00:00
sd4034.shop,AVAILABILITY,origin.list,2026-10-05 01:58:13.615440+00:00
sukienqua2022.com,AVAILABILITY,origin.list,2026-10-05 01:58:19.246065+00:00
sukientanxuan2022.com,AVAILABILITY,origin.list,2026-10-05 01:58:25.070136+00:00
sukientrian2021.com,AVAILABILITY,origin.list,2026-10-05 01:58:30.857374+00:00
sukientrungthu-freefire.net,AVAILABILITY,origin.list,2026-10-05 01:58:36.475119+00:00
phlazada.vip,AVAILABILITY,origin.list,2026-10-05 01:58:39.532733+00:00
sukienvuongquocrong.com,AVAILABILITY,origin.list,2026-10-05 01:58:42.486320+00:00
supporttoancau.com,AVAILABILITY,origin.list,2026-10-05 01:58:45.338306+00:00
sukientriankhachhang2021.com,AVAILABILITY,origin.list,2026-10-05 01:58:48.369044+00:00
suppliersbhx.com,AVAILABILITY,origin.list,2026-10-05 01:58:51.067461+00:00
tadcaz.com,AVAILABILITY,origin.list,2026-10-05 01:58:53.977983+00:00
tadccc.com,AVAILABILITY,origin.list,2026-10-05 01:58:57.042573+00:00
sv7momo.com,AVAILABILITY,origin.list,2026-10-05 01:58:59.661770+00:00
sunmomo88.com,AVAILABILITY,origin.list,2026-10-05 01:59:02.849805+00:00
tadcqv.com,AVAILABILITY,origin.list,2026-10-05 01:59:05.283857+00:00
sukienlmht.vn,AVAILABILITY,origin.list,2026-10-05 01:59:08.724040+00:00
tadcqc.com,AVAILABILITY,origin.list,2026-10-05 01:59:11.063804+00:00
tafcaz.com,AVAILABILITY,origin.list,2026-10-05 01:59:14.388324+00:00
sukienquatang.vn,AVAILABILITY,origin.list,2026-10-05 01:59:17.034233+00:00
tadmak.com,AVAILABILITY,origin.list,2026-10-05 01:59:20.175322+00:00
taichinhagribank.com,AVAILABILITY,origin.list,2026-10-05 01:59:22.751296+00:00
quatanthu.vip,AVAILABILITY,origin.list,2026-10-05 01:59:32.094325+00:00
sendotv.shop,AVAILABILITY,origin.list,2026-10-05 01:59:36.771221+00:00
taichinhanbinh.com,AVAILABILITY,origin.list,2026-10-05 01:59:37.897829+00:00
taichinhanbin.net,AVAILABILITY,origin.list,2026-10-05 01:59:42.374096+00:00
shopee192.vip,AVAILABILITY,origin.list,2026-10-05 02:00:03.241031+00:00
shopee103.vip,AVAILABILITY,origin.list,2026-10-05 02:00:05.743419+00:00
tafccc.com,AVAILABILITY,origin.list,2026-10-05 02:00:08.868899+00:00
taichinhanbin.com,AVAILABILITY,origin.list,2026-10-05 02:00:14.652159+00:00
sukientrian2021.ga,AVAILABILITY,origin.list,2026-10-05 02:00:21.079528+00:00
sukientrianfreefire2021.ga,AVAILABILITY,origin.list,2026-10-05 02:00:26.944975+00:00
tah0a.com,AVAILABILITY,origin.list,2026-10-05 02:00:32.634303+00:00
scb.vn-kn.vip,AVAILABILITY,origin.list,2026-10-05 02:00:42.324707+00:00
taichinhtamanphat.com,AVAILABILITY,origin.list,2026-10-05 02:00:48.084057+00:00
suncitykhuyenmai.click,AVAILABILITY,origin.list,2026-10-05 02:09:02.393503+00:00
svxwwhsns.bjmdf.bid,AVAILABILITY,origin.list,2026-10-05 02:09:08.967719+00:00
shopee122.vip,AVAILABILITY,origin.list,2026-10-05 02:09:19.084915+00:00
tah2a.com,AVAILABILITY,origin.list,2026-10-05 02:09:25.476452+00:00
shopee132.vip,AVAILABILITY,origin.list,2026-10-05 02:09:39.169235+00:00
taichinhhbaotin.com,AVAILABILITY,origin.list,2026-10-05 02:09:45.518471+00:00
shopee182.vip,AVAILABILITY,origin.list,2026-10-05 02:09:45.719332+00:00
taichinhcaptoc.com,AVAILABILITY,origin.list,2026-10-05 02:09:51.828133+00:00
taichinhanbinh.net,AVAILABILITY,origin.list,2026-10-05 02:09:52.094500+00:00
taichinheximbak.com,AVAILABILITY,origin.list,2026-10-05 02:09:58.236575+00:00
sukien-pubgmobilevietnam.club,AVAILABILITY,origin.list,2026-10-05 02:09:58.564527+00:00
sup7podthee.cfd,AVAILABILITY,origin.list,2026-10-05 02:10:06.063635+00:00
sacombank.vn-jss.vip,AVAILABILITY,origin.list,2026-10-05 02:10:09.953278+00:00
taixiumomo.net,AVAILABILITY,origin.list,2026-10-05 02:10:12.522916+00:00
sukiengarenafreefire.tk,AVAILABILITY,origin.list,2026-10-05 02:10:17.011075+00:00
taichinhvantin.net,AVAILABILITY,origin.list,2026-10-05 02:10:18.921062+00:00
taikhoansodienthoai.com,AVAILABILITY,origin.list,2026-10-05 02:10:23.741909+00:00
support-nganhang.site,AVAILABILITY,origin.list,2026-10-05 02:10:25.336441+00:00
taichinhhoangkim.com,AVAILABILITY,origin.list,2026-10-05 02:10:30.440447+00:00
sieumomo.top,AVAILABILITY,origin.list,2026-10-05 02:10:32.856648+00:00
tang-han-muc-the-visa-vn.com,AVAILABILITY,origin.list,2026-10-05 02:10:36.611039+00:00
taichinhmb.com,AVAILABILITY,origin.list,2026-10-05 02:10:39.084261+00:00
taiphanmemfull.com,AVAILABILITY,origin.list,2026-10-05 02:10:42.812087+00:00
tammenaa.com,AVAILABILITY,origin.list,2026-10-05 02:10:45.172620+00:00
taokhienfacebook.com,AVAILABILITY,origin.list,2026-10-05 02:10:49.075339+00:00
tailocmomo.com,AVAILABILITY,origin.list,2026-10-05 02:10:51.365085+00:00
takk6.com,AVAILABILITY,origin.list,2026-10-05 02:10:55.339996+00:00
sukienpubg-thang6.tk,AVAILABILITY,origin.list,2026-10-05 02:10:57.870079+00:00
tanghanmucvisa-vn.com,AVAILABILITY,origin.list,2026-10-05 02:11:01.565578+00:00
tangcuongbanlinh.com,AVAILABILITY,origin.list,2026-10-05 02:11:04.059381+00:00
tanghanmuc-vn.com,AVAILABILITY,origin.list,2026-10-05 02:11:07.805372+00:00
tang-han-muc-tin-dung-vn.com,AVAILABILITY,origin.list,2026-10-05 02:11:10.332390+00:00
tangnickmienphi.com,AVAILABILITY,origin.list,2026-10-05 02:11:14.039182+00:00
tb55988.com,AVAILABILITY,origin.list,2026-10-05 02:11:16.588039+00:00
taikhoanbankshopee.com,AVAILABILITY,origin.list,2026-10-05 02:11:20.264320+00:00
taoshop1s.com,AVAILABILITY,origin.list,2026-10-05 02:11:23.060451+00:00
taoshopsieure.net,AVAILABILITY,origin.list,2026-10-05 02:11:26.480055+00:00
tb55788.com,AVAILABILITY,origin.list,2026-10-05 02:11:29.186285+00:00
tangqua01vn.com,AVAILABILITY,origin.list,2026-10-05 02:11:32.772487+00:00
tdkd03.com,AVAILABILITY,origin.list,2026-10-05 02:11:35.552536+00:00
tcvnhomefic.com,AVAILABILITY,origin.list,2026-10-05 02:11:39.005334+00:00
sukienff.me,AVAILABILITY,origin.list,2026-10-05 02:11:42.775254+00:00
tcbcanhan.com,AVAILABILITY,origin.list,2026-10-05 02:11:45.338229+00:00
tdkd00.com,AVAILABILITY,origin.list,2026-10-05 02:11:48.979169+00:00
tdkd02.com,AVAILABILITY,origin.list,2026-10-05 02:11:51.462830+00:00
tdkd01.com,AVAILABILITY,origin.list,2026-10-05 02:11:55.130675+00:00
tc-viet.click,AVAILABILITY,origin.list,2026-10-05 02:11:57.789942+00:00
tangcuongsinhluc.site,AVAILABILITY,origin.list,2026-10-05 02:12:01.283405+00:00
tdkt00.com,AVAILABILITY,origin.list,2026-10-05 02:12:04.227927+00:00
tdkd07.com,AVAILABILITY,origin.list,2026-10-05 02:12:07.514440+00:00
tdke03.com,AVAILABILITY,origin.list,2026-10-05 02:12:10.423317+00:00
tdkt06.com,AVAILABILITY,origin.list,2026-10-05 02:12:13.782378+00:00
tdkt01.com,AVAILABILITY,origin.list,2026-10-05 02:12:16.540891+00:00
tdkt04.com,AVAILABILITY,origin.list,2026-10-05 02:12:19.982714+00:00
tdkt07.com,AVAILABILITY,origin.list,2026-10-05 02:12:22.718678+00:00
techcombank.vn-cl.xyz,AVAILABILITY,origin.list,2026-10-05 02:12:26.366828+00:00
tfi1233.com,AVAILABILITY,origin.list,2026-10-05 02:12:29.393430+00:00
taikhoanquatang.vn,AVAILABILITY,origin.list,2026-10-05 02:12:33.125689+00:00
tanglikefree.online,AVAILABILITY,origin.list,2026-10-05 02:12:35.537811+00:00
taoshopttv.xyz,AVAILABILITY,origin.list,2026-10-05 02:12:39.825213+00:00
techcombank.vn-sp.xyz,AVAILABILITY,origin.list,2026-10-05 02:12:41.827012+00:00
tfi6678.com,AVAILABILITY,origin.list,2026-10-05 02:12:46.124911+00:00
techcombank.vn-vp.xyz,AVAILABILITY,origin.list,2026-10-05 02:12:48.210122+00:00
tet-lienquangarenavn.com,AVAILABILITY,origin.list,2026-10-05 02:12:52.310483+00:00
thanhtoanlienquan.com,AVAILABILITY,origin.list,2026-10-05 02:12:58.478328+00:00
thanhphomomo.com,AVAILABILITY,origin.list,2026-10-05 02:13:04.631649+00:00
shopee18.vip,AVAILABILITY,origin.list,2026-10-05 02:13:06.353843+00:00
thang365g.com,AVAILABILITY,origin.list,2026-10-05 02:13:12.538942+00:00
sendovn.shop,AVAILABILITY,origin.list,2026-10-05 02:13:16.170216+00:00
taoshopfreefire.vn,AVAILABILITY,origin.list,2026-10-05 02:13:19.365242+00:00
thegioidienmayxanh.com,AVAILABILITY,origin.list,2026-10-05 02:13:25.530267+00:00
techcombank.website,AVAILABILITY,origin.list,2026-10-05 02:13:31.768967+00:00
theipscanner.com,AVAILABILITY,origin.list,2026-10-05 02:13:37.988530+00:00
shopee162.vip,AVAILABILITY,origin.list,2026-10-05 02:13:39.321983+00:00
tetlienquan2023.website,AVAILABILITY,origin.list,2026-10-05 02:13:44.046517+00:00
thetindung-online-vpb.com,AVAILABILITY,origin.list,2026-10-05 02:13:45.547809+00:00
techcombank.site,AVAILABILITY,origin.list,2026-10-05 02:13:50.096323+00:00
thetindung-online.com,AVAILABILITY,origin.list,2026-10-05 02:13:52.099506+00:00
thechapnganhang-24h.com,AVAILABILITY,origin.list,2026-10-05 02:13:56.351178+00:00
thisinhthanhlich.com,AVAILABILITY,origin.list,2026-10-05 02:13:58.562507+00:00
sukienriot-lienminhtocchienvn.club,AVAILABILITY,origin.list,2026-10-05 02:14:04.806591+00:00
thenapx10ff.com,AVAILABILITY,origin.list,2026-10-05 02:14:04.870817+00:00
giftcode-lienquan-vn.com,AVAILABILITY,origin.list,2026-10-05 02:14:11.050049+00:00
thevip-khcn-vpb.com,AVAILABILITY,origin.list,2026-10-05 02:14:11.088513+00:00
thevayhub.com,AVAILABILITY,origin.list,2026-10-05 02:14:17.421545+00:00
tetquatang.vn,AVAILABILITY,origin.list,2026-10-05 02:14:18.007805+00:00
thisinhthanhlich2024.com,AVAILABILITY,origin.list,2026-10-05 02:14:23.553778+00:00
sukientrianfreefirevietnam.club,AVAILABILITY,origin.list,2026-10-05 02:14:24.339326+00:00
taikhoan-garena-vn.tk,AVAILABILITY,origin.list,2026-10-05 02:14:30.072845+00:00
theopenpathology.click,AVAILABILITY,origin.list,2026-10-05 02:14:30.665140+00:00
thanhtrapcrt.online,AVAILABILITY,origin.list,2026-10-05 02:14:36.735271+00:00
thisinhthanhlich2022.com,AVAILABILITY,origin.list,2026-10-05 02:14:43.029875+00:00
thirdcitybank.com,AVAILABILITY,origin.list,2026-10-05 02:14:49.346931+00:00
thshopee.com,AVAILABILITY,origin.list,2026-10-05 02:14:55.742896+00:00
shopee004.vip,AVAILABILITY,origin.list,2026-10-05 02:14:56.409471+00:00
thuoctangcuongsinhlynam.com,AVAILABILITY,origin.list,2026-10-05 02:15:02.646920+00:00
telegram.app0w.ltd,AVAILABILITY,origin.list,2026-10-05 02:15:09.598245+00:00
thevanghanhphuc.xyz,AVAILABILITY,origin.list,2026-10-05 02:15:16.188377+00:00
shopee323.vip,AVAILABILITY,origin.list,2026-10-05 02:15:18.856802+00:00
thuongmaidientuquocte.com,AVAILABILITY,origin.list,2026-10-05 02:15:22.354889+00:00
thuongmaivietnhat.com,AVAILABILITY,origin.list,2026-10-05 02:15:25.059660+00:00
tffqv.bhszc.de,AVAILABILITY,origin.list,2026-10-05 02:15:29.841619+00:00
thuynganhang.com,AVAILABILITY,origin.list,2026-10-05 02:15:31.217966+00:00
thuongmai-dientu.com,AVAILABILITY,origin.list,2026-10-05 02:15:36.269900+00:00
theritishind.cfd,AVAILABILITY,origin.list,2026-10-05 02:15:37.848198+00:00
thuonghieutoancau69.com,AVAILABILITY,origin.list,2026-10-05 02:15:42.418891+00:00
theyt786ku.cfd,AVAILABILITY,origin.list,2026-10-05 02:15:44.610702+00:00
thutucnhangiai2022.com,AVAILABILITY,origin.list,2026-10-05 02:15:48.608496+00:00
thuongviet01.com,AVAILABILITY,origin.list,2026-10-05 02:15:51.008606+00:00
thutucnhantienvn.com,AVAILABILITY,origin.list,2026-10-05 02:15:54.756414+00:00
thetindung-online-vpb.online,AVAILABILITY,origin.list,2026-10-05 02:15:57.106489+00:00
tien8833.com,AVAILABILITY,origin.list,2026-10-05 02:16:00.882051+00:00
thseaeing.fun,AVAILABILITY,origin.list,2026-10-05 02:16:03.499888+00:00
tienanhanh.com,AVAILABILITY,origin.list,2026-10-05 02:16:07.033056+00:00
tienbnhanh.com,AVAILABILITY,origin.list,2026-10-05 02:16:09.811936+00:00
techcombank.vn-sp.top,AVAILABILITY,origin.list,2026-10-05 02:16:13.690923+00:00
tienfnhanh.com,AVAILABILITY,origin.list,2026-10-05 02:16:19.915198+00:00
techcombank.vn-iy.life,AVAILABILITY,origin.list,2026-10-05 02:16:26.961760+00:00
shopee130.vip,AVAILABILITY,origin.list,2026-10-05 02:16:28.138004+00:00
tiengia24h.com,AVAILABILITY,origin.list,2026-10-05 02:16:33.179375+00:00
ticketb0x.com,AVAILABILITY,origin.list,2026-10-05 02:16:34.426028+00:00
techcombank.vn-ol.top,AVAILABILITY,origin.list,2026-10-05 02:16:39.660412+00:00
thebank247.ga,AVAILABILITY,origin.list,2026-10-05 02:16:42.218244+00:00
thichanhmoney.store,AVAILABILITY,origin.list,2026-10-05 02:16:46.316469+00:00
tienve247.com,AVAILABILITY,origin.list,2026-10-05 02:16:52.501382+00:00
tientraotay.com,AVAILABILITY,origin.list,2026-10-05 02:16:58.808294+00:00
xigua.bet,AVAILABILITY,origin.list,2026-10-05 02:17:00.907073+00:00
tiendnhanh.com,AVAILABILITY,origin.list,2026-10-05 02:17:05.033581+00:00
thuytrieukiemtien.online,AVAILABILITY,origin.list,2026-10-05 02:17:07.081579+00:00
thietbidiennang.online,AVAILABILITY,origin.list,2026-10-05 02:17:13.230493+00:00
tieudungshinhanbank.com,AVAILABILITY,origin.list,2026-10-05 02:17:19.410863+00:00
tienichshiinhan.com,AVAILABILITY,origin.list,2026-10-05 02:17:25.666079+00:00
shopee24.vip,AVAILABILITY,origin.list,2026-10-05 02:17:30.225462+00:00
tiencnhanh.com,AVAILABILITY,origin.list,2026-10-05 02:17:31.886924+00:00
thuonghieutop1.online,AVAILABILITY,origin.list,2026-10-05 02:17:36.365194+00:00
tiennahanh.com,AVAILABILITY,origin.list,2026-10-05 02:17:38.115558+00:00
tienvenhanhvtb.com,AVAILABILITY,origin.list,2026-10-05 02:17:42.432279+00:00
thegiodidong.com.vn,AVAILABILITY,origin.list,2026-10-05 02:17:45.481242+00:00
tiennhanh247.com,AVAILABILITY,origin.list,2026-10-05 02:17:48.786450+00:00
tiki-vn.com,AVAILABILITY,origin.list,2026-10-05 02:17:51.791939+00:00
thpthuynhthuckhang.edu.vn,AVAILABILITY,origin.list,2026-10-05 02:17:56.372815+00:00
tiki37.com,AVAILABILITY,origin.list,2026-10-05 02:17:58.188886+00:00
tiki136.com,AVAILABILITY,origin.list,2026-10-05 02:18:02.807913+00:00
tiki11.com,AVAILABILITY,origin.list,2026-10-05 02:18:04.584944+00:00
tiki35.com,AVAILABILITY,origin.list,2026-10-05 02:18:09.173771+00:00
tiki333.com,AVAILABILITY,origin.list,2026-10-05 02:18:11.250302+00:00
tiki1566.com,AVAILABILITY,origin.list,2026-10-05 02:18:15.509665+00:00
tiki36.com,AVAILABILITY,origin.list,2026-10-05 02:18:17.596475+00:00
tiki444.com,AVAILABILITY,origin.list,2026-10-05 02:18:21.809366+00:00
tiki111.com,AVAILABILITY,origin.list,2026-10-05 02:18:23.828221+00:00
tiki555.com,AVAILABILITY,origin.list,2026-10-05 02:18:28.015180+00:00
ticlewesimulate.cfd,AVAILABILITY,origin.list,2026-10-05 02:18:30.566525+00:00
tiki44.com,AVAILABILITY,origin.list,2026-10-05 02:18:34.463946+00:00
thuynganhang.xyz,AVAILABILITY,origin.list,2026-10-05 02:18:37.236203+00:00
tiki588.com,AVAILABILITY,origin.list,2026-10-05 02:18:40.672085+00:00
teleway.top,AVAILABILITY,origin.list,2026-10-05 02:18:45.124900+00:00
tiki4988.com,AVAILABILITY,origin.list,2026-10-05 02:18:46.833024+00:00
tiki518.com,AVAILABILITY,origin.list,2026-10-05 02:18:51.350677+00:00
tiki86.com,AVAILABILITY,origin.list,2026-10-05 02:18:57.563747+00:00
tiki.rest,AVAILABILITY,origin.list,2026-10-05 02:19:03.944047+00:00
shopee123.vip,AVAILABILITY,origin.list,2026-10-05 02:19:05.913783+00:00
tiki55.com,AVAILABILITY,origin.list,2026-10-05 02:19:12.101629+00:00
tiki82.com,AVAILABILITY,origin.list,2026-10-05 02:19:18.300351+00:00
shopee152.vip,AVAILABILITY,origin.list,2026-10-05 02:19:30.389825+00:00
tiki98.com,AVAILABILITY,origin.list,2026-10-05 02:19:36.517213+00:00
tiki666.com,AVAILABILITY,origin.list,2026-10-05 02:19:42.734066+00:00
tikictv.com,AVAILABILITY,origin.list,2026-10-05 02:19:48.991224+00:00
shopee320.vip,AVAILABILITY,origin.list,2026-10-05 02:19:50.604269+00:00
tikictv2.com,AVAILABILITY,origin.list,2026-10-05 02:19:56.764254+00:00
taiappbank.info,AVAILABILITY,origin.list,2026-10-05 02:19:59.454763+00:00
tiki94.com,AVAILABILITY,origin.list,2026-10-05 02:20:03.313467+00:00
tikictv1.com,AVAILABILITY,origin.list,2026-10-05 02:20:05.938969+00:00
tikictv3.com,AVAILABILITY,origin.list,2026-10-05 02:20:09.561072+00:00
tikictv7.com,AVAILABILITY,origin.list,2026-10-05 02:20:12.053723+00:00
tieudung-nganhangvn.online,AVAILABILITY,origin.list,2026-10-05 02:20:15.621275+00:00
tiki9833.com,AVAILABILITY,origin.list,2026-10-05 02:20:18.252621+00:00
tikictv12.com,AVAILABILITY,origin.list,2026-10-05 02:20:21.896326+00:00
tikictv5.com,AVAILABILITY,origin.list,2026-10-05 02:20:24.654231+00:00
tikijaj2.com,AVAILABILITY,origin.list,2026-10-05 02:20:28.116714+00:00
tiki2022.vn,AVAILABILITY,origin.list,2026-10-05 02:20:31.866461+00:00
taichinhacs.biz,AVAILABILITY,origin.list,2026-10-05 02:20:34.428399+00:00
napthe.pro,AVAILABILITY,origin.list,2026-10-05 02:20:42.165943+00:00
shopbacgau.shop,AVAILABILITY,origin.list,2026-10-05 02:20:43.923051+00:00
shopee39.vip,AVAILABILITY,origin.list,2026-10-05 02:21:01.797908+00:00
shopee390.vip,AVAILABILITY,origin.list,2026-10-05 02:21:14.178508+00:00
shopee27.vip,AVAILABILITY,origin.list,2026-10-05 02:21:21.651821+00:00
shopee99.vip,AVAILABILITY,origin.list,2026-10-05 02:21:41.216670+00:00
shopee33.vip,AVAILABILITY,origin.list,2026-10-05 02:29:57.683496+00:00
shopeep.vip,AVAILABILITY,origin.list,2026-10-05 02:29:59.796325+00:00
vvww-icloud.com,AVAILABILITY,origin.list,2026-10-05 02:30:04.183933+00:00
shopgamerobux.com,AVAILABILITY,origin.list,2026-10-05 02:30:10.668078+00:00
shopifyweb.vip,AVAILABILITY,origin.list,2026-10-05 02:30:26.216513+00:00
live-icloud.com,AVAILABILITY,origin.list,2026-10-05 02:30:32.395907+00:00
shopeev.vip,AVAILABILITY,origin.list,2026-10-05 02:30:38.957932+00:00
shopeevx.vip,AVAILABILITY,origin.list,2026-10-05 02:30:55.343369+00:00
sunfarm.net,AVAILABILITY,origin.list,2026-10-05 02:31:01.611396+00:00
shopee88.vip,AVAILABILITY,origin.list,2026-10-05 02:31:06.587140+00:00
gl0a7loeki02do.com,AVAILABILITY,origin.list,2026-10-05 02:31:07.833153+00:00
m-fecabook.com,AVAILABILITY,origin.list,2026-10-05 02:31:12.834073+00:00
www.live-icloud.com,AVAILABILITY,origin.list,2026-10-05 02:31:14.266427+00:00
tikiratingvn.net,AVAILABILITY,origin.list,2026-10-05 02:31:18.854713+00:00
tikirating-vn.com,AVAILABILITY,origin.list,2026-10-05 02:31:20.394347+00:00
tikictv6.com,AVAILABILITY,origin.list,2026-10-05 02:31:24.851546+00:00
tikictv9.com,AVAILABILITY,origin.list,2026-10-05 02:31:30.864312+00:00
tikimuasam24h.com,AVAILABILITY,origin.list,2026-10-05 02:31:37.200041+00:00
tikiiii.com,AVAILABILITY,origin.list,2026-10-05 02:31:43.197513+00:00
shoppe72.vip,AVAILABILITY,origin.list,2026-10-05 02:31:47.557715+00:00
tikion8.com,AVAILABILITY,origin.list,2026-10-05 02:31:49.275293+00:00
tikimast.com,AVAILABILITY,origin.list,2026-10-05 02:31:55.546721+00:00
pi81.shop,AVAILABILITY,origin.list,2026-10-05 02:32:01.437639+00:00
tikiratingvn.com,AVAILABILITY,origin.list,2026-10-05 02:32:01.673499+00:00
tikivip0001.com,AVAILABILITY,origin.list,2026-10-05 02:32:07.726473+00:00
tikivn118.com,AVAILABILITY,origin.list,2026-10-05 02:32:07.794898+00:00
tikivn12.com,AVAILABILITY,origin.list,2026-10-05 02:32:13.761276+00:00
tikivip666.com,AVAILABILITY,origin.list,2026-10-05 02:32:14.114088+00:00
tikivip777.com,AVAILABILITY,origin.list,2026-10-05 02:32:19.715788+00:00
tikivn558.com,AVAILABILITY,origin.list,2026-10-05 02:32:20.131511+00:00
tikivn68.com,AVAILABILITY,origin.list,2026-10-05 02:32:25.730355+00:00
tikiwork.net,AVAILABILITY,origin.list,2026-10-05 02:32:26.199542+00:00
tikivip888.com,AVAILABILITY,origin.list,2026-10-05 02:32:32.228007+00:00
tikishop6.com,AVAILABILITY,origin.list,2026-10-05 02:32:38.257080+00:00
shoppe81.vip,AVAILABILITY,origin.list,2026-10-05 02:32:42.951272+00:00
tikivn84.com,AVAILABILITY,origin.list,2026-10-05 02:32:44.248514+00:00
tikivn668.com,AVAILABILITY,origin.list,2026-10-05 02:32:48.989589+00:00
tikixv.com,AVAILABILITY,origin.list,2026-10-05 02:32:50.535271+00:00
tikivnn.com,AVAILABILITY,origin.list,2026-10-05 02:32:55.097783+00:00
tiktikshopvn.com,AVAILABILITY,origin.list,2026-10-05 02:32:56.545185+00:00
tikivncareers.com,AVAILABILITY,origin.list,2026-10-05 02:33:01.173763+00:00
tikivv.com,AVAILABILITY,origin.list,2026-10-05 02:33:02.600312+00:00
thegioididong.me,AVAILABILITY,origin.list,2026-10-05 02:33:07.807527+00:00
tiktokcy1.com,AVAILABILITY,origin.list,2026-10-05 02:33:08.749725+00:00
tinchaphd.com,AVAILABILITY,origin.list,2026-10-05 02:33:14.858320+00:00
thisinhthanhlich.cf,AVAILABILITY,origin.list,2026-10-05 02:33:15.488580+00:00
tinbaothuongvn.com,AVAILABILITY,origin.list,2026-10-05 02:33:20.868413+00:00
timx2918.com,AVAILABILITY,origin.list,2026-10-05 02:33:21.572553+00:00
tikita-kasi55.xyz,AVAILABILITY,origin.list,2026-10-05 02:33:27.294868+00:00
tindung-online.com,AVAILABILITY,origin.list,2026-10-05 02:33:27.516326+00:00
tin-dung-khcn-vib.com,AVAILABILITY,origin.list,2026-10-05 02:33:33.400491+00:00
timivay.com,AVAILABILITY,origin.list,2026-10-05 02:33:33.544356+00:00
tin-dung-uu-tien-vib.com,AVAILABILITY,origin.list,2026-10-05 02:33:39.424112+00:00
tinchapvcb-vn.com,AVAILABILITY,origin.list,2026-10-05 02:33:39.507605+00:00
tin247.website,AVAILABILITY,origin.list,2026-10-05 02:33:45.317055+00:00
tinchapvietcombank24h.com,AVAILABILITY,origin.list,2026-10-05 02:33:45.545755+00:00
tikiy.cc,AVAILABILITY,origin.list,2026-10-05 02:33:51.413225+00:00
tindung-shinhan.com,AVAILABILITY,origin.list,2026-10-05 02:33:51.518119+00:00
tindung-vpb-online.com,AVAILABILITY,origin.list,2026-10-05 02:33:57.532516+00:00
tinchap-techcombank.store,AVAILABILITY,origin.list,2026-10-05 02:33:58.066130+00:00
tinchapshinhan.online,AVAILABILITY,origin.list,2026-10-05 02:34:03.547574+00:00
tindung188.com,AVAILABILITY,origin.list,2026-10-05 02:34:09.566321+00:00
shrimpskins.org,AVAILABILITY,origin.list,2026-10-05 02:34:14.470450+00:00
clmm1.tv,AVAILABILITY,origin.list,2026-10-05 02:34:17.763393+00:00
tinchap-nganhang.online,AVAILABILITY,origin.list,2026-10-05 02:34:20.487845+00:00
tindung-techcombank.online,AVAILABILITY,origin.list,2026-10-05 02:34:23.624121+00:00
tindung-vpbank.online,AVAILABILITY,origin.list,2026-10-05 02:34:26.519032+00:00
tinchapluong-techcombank.xyz,AVAILABILITY,origin.list,2026-10-05 02:34:30.160775+00:00
tindungshinhanbank.com,AVAILABILITY,origin.list,2026-10-05 02:34:32.607411+00:00
tindungpgbank.com,AVAILABILITY,origin.list,2026-10-05 02:34:36.242277+00:00
tindungvietcombank.net,AVAILABILITY,origin.list,2026-10-05 02:34:38.629049+00:00
tikivn.in,AVAILABILITY,origin.list,2026-10-05 02:34:43.196804+00:00
tindungshb.com,AVAILABILITY,origin.list,2026-10-05 02:34:44.903720+00:00
tingiovangvn.com,AVAILABILITY,origin.list,2026-10-05 02:34:49.517806+00:00
tingiovang777.com,AVAILABILITY,origin.list,2026-10-05 02:34:51.162991+00:00
tindung-vietcombank247.online,AVAILABILITY,origin.list,2026-10-05 02:34:55.770061+00:00
tingiaitrian.com,AVAILABILITY,origin.list,2026-10-05 02:34:57.149767+00:00
tindung-vietcombank.online,AVAILABILITY,origin.list,2026-10-05 02:35:01.755238+00:00
tindung-online.online,AVAILABILITY,origin.list,2026-10-05 02:35:03.175547+00:00
tindungnganhang-vietnam247.online,AVAILABILITY,origin.list,2026-10-05 02:35:07.763106+00:00
tinsukien2021vn.com,AVAILABILITY,origin.list,2026-10-05 02:35:09.331899+00:00
tinlequa365.com,AVAILABILITY,origin.list,2026-10-05 02:35:14.154932+00:00
tinthuongtrian.com,AVAILABILITY,origin.list,2026-10-05 02:35:15.389859+00:00
tindungtechcombank247.online,AVAILABILITY,origin.list,2026-10-05 02:35:20.321398+00:00
tinthuongvang2021.com,AVAILABILITY,origin.list,2026-10-05 02:35:21.428919+00:00
tinnhanh24gio.com,AVAILABILITY,origin.list,2026-10-05 02:35:26.229808+00:00
tinlocvang123.com,AVAILABILITY,origin.list,2026-10-05 02:35:27.784410+00:00
tindung24h-vietcombank.online,AVAILABILITY,origin.list,2026-10-05 02:35:32.366697+00:00
tinthuongvietvn.com,AVAILABILITY,origin.list,2026-10-05 02:35:33.769144+00:00
tiki11.top,AVAILABILITY,origin.list,2026-10-05 02:35:39.326102+00:00
tindungnganhang-vietnam365.online,AVAILABILITY,origin.list,2026-10-05 02:35:39.709129+00:00
tinthuongviet247.com,AVAILABILITY,origin.list,2026-10-05 02:35:45.313923+00:00
tindungshinhanbank.xyz,AVAILABILITY,origin.list,2026-10-05 02:35:45.968688+00:00
tienve.pro,AVAILABILITY,origin.list,2026-10-05 02:35:51.678283+00:00
tmko2.com,AVAILABILITY,origin.list,2026-10-05 02:35:51.996613+00:00
tochucthetindung.com,AVAILABILITY,origin.list,2026-10-05 02:35:57.615717+00:00
topdienthoaia72.com,AVAILABILITY,origin.list,2026-10-05 02:35:58.156823+00:00
topmomo1.net,AVAILABILITY,origin.list,2026-10-05 02:36:03.776891+00:00
tmko1.com,AVAILABILITY,origin.list,2026-10-05 02:36:04.350278+00:00
tintrian2022.com,AVAILABILITY,origin.list,2026-10-05 02:36:09.839184+00:00
tinthuongvn01.com,AVAILABILITY,origin.list,2026-10-05 02:36:10.390731+00:00
tpb-vayuudai.com,AVAILABILITY,origin.list,2026-10-05 02:36:15.996752+00:00
tinvietttt.com,AVAILABILITY,origin.list,2026-10-05 02:36:16.389145+00:00
topmomo.net,AVAILABILITY,origin.list,2026-10-05 02:36:21.954412+00:00
tongdaifacebook.online,AVAILABILITY,origin.list,2026-10-05 02:36:22.257302+00:00
titki55.cc,AVAILABILITY,origin.list,2026-10-05 02:36:28.035876+00:00
tikishop.life,AVAILABILITY,origin.list,2026-10-05 02:36:29.796184+00:00
tpbank-com.com,AVAILABILITY,origin.list,2026-10-05 02:36:35.758953+00:00
spohopenm.org,AVAILABILITY,origin.list,2026-10-05 02:36:42.961433+00:00
topmomo3s.com,AVAILABILITY,origin.list,2026-10-05 02:36:48.954909+00:00
tindungtechcombank.online,AVAILABILITY,origin.list,2026-10-05 02:36:54.873256+00:00
tpbank.chamsockhachhang-uudaithe-thang6.com,AVAILABILITY,origin.list,2026-10-05 02:37:00.961841+00:00
tintucnganhang.fun,AVAILABILITY,origin.list,2026-10-05 02:37:06.941563+00:00
tongdaitruyenhinhcap24h.online,AVAILABILITY,origin.list,2026-10-05 02:37:12.833227+00:00
easywbdesign.com,AVAILABILITY,origin.list,2026-10-05 02:37:18.206360+00:00
tpbank-vaynhanh.com,AVAILABILITY,origin.list,2026-10-05 02:37:18.847880+00:00
tpbank.chamsocthekhachang-truc-tuyen.com,AVAILABILITY,origin.list,2026-10-05 02:37:24.302777+00:00
tpbankc.com,AVAILABILITY,origin.list,2026-10-05 02:37:24.844619+00:00
toaaikhoongnhho-352614.click,AVAILABILITY,origin.list,2026-10-05 02:37:30.408898+00:00
tpbansk.com,AVAILABILITY,origin.list,2026-10-05 02:37:30.871664+00:00
tpbank.chamsocthekhachhang-truc-tuyen.com,AVAILABILITY,origin.list,2026-10-05 02:37:36.494569+00:00
tpbank-hanoi.com,AVAILABILITY,origin.list,2026-10-05 02:37:36.953027+00:00
tpbank.vn-cl.xyz,AVAILABILITY,origin.list,2026-10-05 02:37:43.158938+00:00
tpbank84.com,AVAILABILITY,origin.list,2026-10-05 02:37:47.513656+00:00
tpbankn.com,AVAILABILITY,origin.list,2026-10-05 02:37:49.059918+00:00
tpbankvnvn.com,AVAILABILITY,origin.list,2026-10-05 02:37:53.610596+00:00
tikivn.live,AVAILABILITY,origin.list,2026-10-05 02:37:56.740305+00:00
tpbankvn.com,AVAILABILITY,origin.list,2026-10-05 02:38:04.133670+00:00
tpviet38.com,AVAILABILITY,origin.list,2026-10-05 02:38:04.984916+00:00
tpbxnk.com,AVAILABILITY,origin.list,2026-10-05 02:38:10.195746+00:00
traderviet88.com,AVAILABILITY,origin.list,2026-10-05 02:38:11.067888+00:00
tpbankdonxuan.click,AVAILABILITY,origin.list,2026-10-05 02:38:16.040424+00:00
tikivip.club,AVAILABILITY,origin.list,2026-10-05 02:38:18.179384+00:00
tpviet68.com,AVAILABILITY,origin.list,2026-10-05 02:38:22.036376+00:00
trang-chu-vn.com,AVAILABILITY,origin.list,2026-10-05 02:38:24.233263+00:00
trangbaotuoitre.com,AVAILABILITY,origin.list,2026-10-05 02:38:28.037550+00:00
tpbank.chamsockhachhang-uudaitructuyen.online,AVAILABILITY,origin.list,2026-10-05 02:38:30.213621+00:00
tracuugiaodichvi.com,AVAILABILITY,origin.list,2026-10-05 02:38:34.112889+00:00
trangchu247.com,AVAILABILITY,origin.list,2026-10-05 02:38:36.291028+00:00
tracuuthenap247.com,AVAILABILITY,origin.list,2026-10-05 02:38:40.126852+00:00
trangnapthelienquan.com,AVAILABILITY,origin.list,2026-10-05 02:38:42.269438+00:00
trangchu24-7.com,AVAILABILITY,origin.list,2026-10-05 02:38:46.258288+00:00
trangdanhatban.com,AVAILABILITY,origin.list,2026-10-05 02:38:48.475375+00:00
tranggiaivangvn.com,AVAILABILITY,origin.list,2026-10-05 02:38:52.473361+00:00
trangsucluxurydiamond.com,AVAILABILITY,origin.list,2026-10-05 02:38:54.694812+00:00
trangnganhangdientu247.com,AVAILABILITY,origin.list,2026-10-05 02:38:58.494893+00:00
trangnganhangso247.com,AVAILABILITY,origin.list,2026-10-05 02:39:00.842815+00:00
trangdientu24-7.com,AVAILABILITY,origin.list,2026-10-05 02:39:04.745358+00:00
trangthuongvn365.com,AVAILABILITY,origin.list,2026-10-05 02:39:07.009686+00:00
trangthuongmai.com,AVAILABILITY,origin.list,2026-10-05 02:39:10.952634+00:00
trangtrian2021.com,AVAILABILITY,origin.list,2026-10-05 02:39:13.280652+00:00
trangthaithe247.com,AVAILABILITY,origin.list,2026-10-05 02:39:16.986698+00:00
trangqua696.com,AVAILABILITY,origin.list,2026-10-05 02:39:19.280854+00:00
traothuongxe37.com,AVAILABILITY,origin.list,2026-10-05 02:39:23.226356+00:00
travelokaaaa.com,AVAILABILITY,origin.list,2026-10-05 02:39:25.253903+00:00
tracuu-thongtin.site,AVAILABILITY,origin.list,2026-10-05 02:39:29.254337+00:00
topmomo.win,AVAILABILITY,origin.list,2026-10-05 02:39:31.438872+00:00
tpmoney.xyz,AVAILABILITY,origin.list,2026-10-05 02:39:35.729165+00:00
traoquatangshopee.com,AVAILABILITY,origin.list,2026-10-05 02:39:37.410282+00:00
travelokas1.com,AVAILABILITY,origin.list,2026-10-05 02:39:41.785823+00:00
traothuongxe7.com,AVAILABILITY,origin.list,2026-10-05 02:39:43.653691+00:00
tqmwqfh.yo-bc.de,AVAILABILITY,origin.list,2026-10-05 02:39:48.549850+00:00
trangtrianviet.com,AVAILABILITY,origin.list,2026-10-05 02:39:49.670582+00:00
shopmathuat.com,AVAILABILITY,origin.list,2026-10-05 02:39:54.542735+00:00
trian-pubgmbvng.com,AVAILABILITY,origin.list,2026-10-05 02:39:55.566598+00:00
trffcdmn.com,AVAILABILITY,origin.list,2026-10-05 02:40:01.459749+00:00
tpbank.chamsocthekhachhang-thang4.com.vn,AVAILABILITY,origin.list,2026-10-05 02:40:02.628906+00:00
triangamethulienquan.com,AVAILABILITY,origin.list,2026-10-05 02:40:07.495508+00:00
trianbux.com,AVAILABILITY,origin.list,2026-10-05 02:40:08.688639+00:00
trianlienquanvn2021.com,AVAILABILITY,origin.list,2026-10-05 02:40:13.471234+00:00
trianlienquan.com,AVAILABILITY,origin.list,2026-10-05 02:40:14.872628+00:00
trianff-sukien.com,AVAILABILITY,origin.list,2026-10-05 02:40:19.452296+00:00
trangchusukien.vn,AVAILABILITY,origin.list,2026-10-05 02:40:21.735344+00:00
trianfreefirevietnam.com,AVAILABILITY,origin.list,2026-10-05 02:40:25.398410+00:00
tructuyen-uudai-thekhachhang.com,AVAILABILITY,origin.list,2026-10-05 02:40:27.765174+00:00
trianqua4052.com,AVAILABILITY,origin.list,2026-10-05 02:40:31.356977+00:00
tinhotnhat.pro,AVAILABILITY,origin.list,2026-10-05 02:40:35.159696+00:00
topmomo.me,AVAILABILITY,origin.list,2026-10-05 02:40:39.342828+00:00
thongtindancu.org,AVAILABILITY,origin.list,2026-10-05 02:40:43.027933+00:00
trickervietnam.com,AVAILABILITY,origin.list,2026-10-05 02:40:45.407815+00:00
trianthang12.com,AVAILABILITY,origin.list,2026-10-05 02:40:49.134120+00:00
trianvangthang12.com,AVAILABILITY,origin.list,2026-10-05 02:40:51.492611+00:00
trianquanhuy.com,AVAILABILITY,origin.list,2026-10-05 02:40:55.090813+00:00
trianquagarrena.com,AVAILABILITY,origin.list,2026-10-05 02:40:57.450587+00:00
trumvipmomo.com,AVAILABILITY,origin.list,2026-10-05 02:41:01.097928+00:00
trungtam-baohanhdienmayxanh.com,AVAILABILITY,origin.list,2026-10-05 02:41:03.364788+00:00
trungtammayxanh.com,AVAILABILITY,origin.list,2026-10-05 02:41:07.126150+00:00
trungtamgarena.com,AVAILABILITY,origin.list,2026-10-05 02:41:09.357060+00:00
trungtam-cskh-vipham.com,AVAILABILITY,origin.list,2026-10-05 02:41:13.155698+00:00
trumvang68.net,AVAILABILITY,origin.list,2026-10-05 02:41:15.424419+00:00
tracuu-thongtin.online,AVAILABILITY,origin.list,2026-10-05 02:41:19.193861+00:00
trungtamnanghanmucthetd.com,AVAILABILITY,origin.list,2026-10-05 02:41:21.483877+00:00
trungtamthuongmaisaigon.com,AVAILABILITY,origin.list,2026-10-05 02:41:25.215372+00:00
trungtamnanghanmucthe.com,AVAILABILITY,origin.list,2026-10-05 02:41:27.487500+00:00
travelokeaaa.xyz,AVAILABILITY,origin.list,2026-10-05 02:41:31.628230+00:00
trungtamtindung-nanghanmuc.com,AVAILABILITY,origin.list,2026-10-05 02:41:33.467103+00:00
trummomo.click,AVAILABILITY,origin.list,2026-10-05 02:41:38.077035+00:00
trungtamdienmayxanh.net,AVAILABILITY,origin.list,2026-10-05 02:41:39.522160+00:00
trungtamthuongmaihanoi.com,AVAILABILITY,origin.list,2026-10-05 02:41:44.174331+00:00
trungtamnanghanmucthevn.com,AVAILABILITY,origin.list,2026-10-05 02:41:45.534494+00:00
trungtamtrogiup.site,AVAILABILITY,origin.list,2026-10-05 02:41:50.320043+00:00
truycapvidientu247.com,AVAILABILITY,origin.list,2026-10-05 02:41:51.560039+00:00
trungtamtruyenhinhcap.online,AVAILABILITY,origin.list,2026-10-05 02:41:57.313973+00:00
trungtamnanghanmuctindung.com,AVAILABILITY,origin.list,2026-10-05 02:41:57.559906+00:00
tuanlocvang123.com,AVAILABILITY,origin.list,2026-10-05 02:42:03.340249+00:00
thongtincutru.org,AVAILABILITY,origin.list,2026-10-05 02:42:07.753412+00:00
tuyendung203.com,AVAILABILITY,origin.list,2026-10-05 02:42:09.360126+00:00
tututiki.com,AVAILABILITY,origin.list,2026-10-05 02:42:13.854600+00:00
tuvanruttien.com,AVAILABILITY,origin.list,2026-10-05 02:49:51.036422+00:00
tronapp.in,AVAILABILITY,origin.list,2026-10-05 02:49:51.350350+00:00
trungquatang.vn,AVAILABILITY,origin.list,2026-10-05 02:49:57.006964+00:00
tuyendungctvlazada.com,AVAILABILITY,origin.list,2026-10-05 02:49:57.470546+00:00
trungthuong.vn,AVAILABILITY,origin.list,2026-10-05 02:50:03.753617+00:00
trummomo.win,AVAILABILITY,origin.list,2026-10-05 02:50:04.196624+00:00
tuyendunglazada.net,AVAILABILITY,origin.list,2026-10-05 02:50:09.798614+00:00
tsofhormuz.cfd,AVAILABILITY,origin.list,2026-10-05 02:50:10.433609+00:00
tuyendungstmlazada.com,AVAILABILITY,origin.list,2026-10-05 02:50:15.633223+00:00
tuyendung-shopee.com,AVAILABILITY,origin.list,2026-10-05 02:50:16.633731+00:00
ugvietnam.net,AVAILABILITY,origin.list,2026-10-05 02:50:21.897187+00:00
topmomo88.me,AVAILABILITY,origin.list,2026-10-05 02:50:24.244630+00:00
tuanlevang.vn,AVAILABILITY,origin.list,2026-10-05 02:50:28.192183+00:00
tuyendungshopee.com,AVAILABILITY,origin.list,2026-10-05 02:50:30.106152+00:00
uhy89mb.com,AVAILABILITY,origin.list,2026-10-05 02:50:34.366213+00:00
upmiles-vpbank.com,AVAILABILITY,origin.list,2026-10-05 02:50:35.912112+00:00
tuyendungnhanhonline.xyz,AVAILABILITY,origin.list,2026-10-05 02:50:40.470639+00:00
unixpop.xyz,AVAILABILITY,origin.list,2026-10-05 02:50:46.584798+00:00
ttmomo.win,AVAILABILITY,origin.list,2026-10-05 02:50:48.093225+00:00
trummomo.me,AVAILABILITY,origin.list,2026-10-05 02:50:52.866817+00:00
truongtonducthang.edu.vn,AVAILABILITY,origin.list,2026-10-05 02:50:54.077150+00:00
uudailienquan.com,AVAILABILITY,origin.list,2026-10-05 02:51:00.250330+00:00
uudaikhachhang-chamsocthetructuyen.com,AVAILABILITY,origin.list,2026-10-05 02:51:06.447180+00:00
tpbank.vn-vpb.top,AVAILABILITY,origin.list,2026-10-05 02:51:12.731080+00:00
undimangen.cfd,AVAILABILITY,origin.list,2026-10-05 02:51:19.381939+00:00
shopee.vn-lk.shop,AVAILABILITY,origin.list,2026-10-05 02:51:21.025366+00:00
vanmay.co,AVAILABILITY,origin.list,2026-10-05 02:51:25.477762+00:00
uudainganhang.com,AVAILABILITY,origin.list,2026-10-05 02:51:27.140914+00:00
vang22.com,AVAILABILITY,origin.list,2026-10-05 02:51:31.260635+00:00
trianlienquan2.club,AVAILABILITY,origin.list,2026-10-05 02:51:36.117805+00:00
tindungnganhang.biz,AVAILABILITY,origin.list,2026-10-05 02:51:41.642788+00:00
trummomo.pro,AVAILABILITY,origin.list,2026-10-05 02:51:43.933064+00:00
us.unixpop.xyz,AVAILABILITY,origin.list,2026-10-05 02:51:49.800409+00:00
tikimall.org,AVAILABILITY,origin.list,2026-10-05 02:51:52.673529+00:00
undertheguid.cfd,AVAILABILITY,origin.list,2026-10-05 02:51:56.180168+00:00
vangngocrong.com,AVAILABILITY,origin.list,2026-10-05 02:51:58.649407+00:00
uptomscan.cfd,AVAILABILITY,origin.list,2026-10-05 02:52:02.273639+00:00
vang11.com,AVAILABILITY,origin.list,2026-10-05 02:52:04.788553+00:00
upta16theu.cfd,AVAILABILITY,origin.list,2026-10-05 02:52:08.345983+00:00
v2s4ku8b.com,AVAILABILITY,origin.list,2026-10-05 02:52:14.275266+00:00
trumbemmomo.club,AVAILABILITY,origin.list,2026-10-05 02:52:22.311179+00:00
tuyendungtiki2024.vn,AVAILABILITY,origin.list,2026-10-05 02:52:28.315254+00:00
tikivip.org,AVAILABILITY,origin.list,2026-10-05 02:52:34.652472+00:00
shoppe17.vip,AVAILABILITY,origin.list,2026-10-05 02:52:35.758502+00:00
ukzdcnzp.bdtrjklaz.de,AVAILABILITY,origin.list,2026-10-05 02:52:40.993780+00:00
vanmayshoppe.com,AVAILABILITY,origin.list,2026-10-05 02:52:41.655934+00:00
travelokeaaa.top,AVAILABILITY,origin.list,2026-10-05 02:52:47.386169+00:00
shopeetro.shop,AVAILABILITY,origin.list,2026-10-05 02:53:00.927778+00:00
siamturakit.shop,AVAILABILITY,origin.list,2026-10-05 02:53:20.990014+00:00
shoppe21.vip,AVAILABILITY,origin.list,2026-10-05 02:53:31.571356+00:00
soppe68.shop,AVAILABILITY,origin.list,2026-10-05 02:53:33.043265+00:00
tw-shopee.store,AVAILABILITY,origin.list,2026-10-05 02:53:37.631873+00:00
vanmay1.net,AVAILABILITY,origin.list,2026-10-05 02:53:38.933967+00:00
vanmaymm24h.com,AVAILABILITY,origin.list,2026-10-05 02:53:44.848910+00:00
uudainganhangso.site,AVAILABILITY,origin.list,2026-10-05 02:53:50.787664+00:00
vatgia306.com,AVAILABILITY,origin.list,2026-10-05 02:53:56.682010+00:00
vay-shb8.com,AVAILABILITY,origin.list,2026-10-05 02:54:02.680565+00:00
shoppe37.vip,AVAILABILITY,origin.list,2026-10-05 02:54:07.515584+00:00
uslimsofbr.cfd,AVAILABILITY,origin.list,2026-10-05 02:54:13.938352+00:00
vay.nhanh.24h.ubte6.com,AVAILABILITY,origin.list,2026-10-05 02:54:19.840976+00:00
vay-666.com,AVAILABILITY,origin.list,2026-10-05 02:54:25.659912+00:00
vanmay.net,AVAILABILITY,origin.list,2026-10-05 02:54:27.354132+00:00
vay-abc8.com,AVAILABILITY,origin.list,2026-10-05 02:54:31.499124+00:00
vay-vib8.com,AVAILABILITY,origin.list,2026-10-05 02:54:33.232264+00:00
vay-shb.com,AVAILABILITY,origin.list,2026-10-05 02:54:37.419361+00:00
ullis-airbrush-shop.de,AVAILABILITY,origin.list,2026-10-05 02:54:40.204618+00:00
vay247nhanh.com,AVAILABILITY,origin.list,2026-10-05 02:54:43.358861+00:00
vay247-doctordong.com,AVAILABILITY,origin.list,2026-10-05 02:54:46.067550+00:00
uudainapthe.vn,AVAILABILITY,origin.list,2026-10-05 02:54:49.341766+00:00
uudaikhachhangthe-tructuyen-thang9.com.vn,AVAILABILITY,origin.list,2026-10-05 02:54:52.582844+00:00
uudai-tructuyen-chamsockhachhang-the.com.vn,AVAILABILITY,origin.list,2026-10-05 02:54:55.673225+00:00
vavietcombank.cc,AVAILABILITY,origin.list,2026-10-05 02:54:58.486969+00:00
vay24h-doctordong.com,AVAILABILITY,origin.list,2026-10-05 02:55:01.688119+00:00
tuanbansub.ml,AVAILABILITY,origin.list,2026-10-05 02:55:06.137005+00:00
vay-tpbank.site,AVAILABILITY,origin.list,2026-10-05 02:55:12.634744+00:00
vanthangcltxmomo.xyz,AVAILABILITY,origin.list,2026-10-05 02:55:19.029516+00:00
vay247-doctor-dong.com,AVAILABILITY,origin.list,2026-10-05 02:55:25.123531+00:00
shopfpt.vip,AVAILABILITY,origin.list,2026-10-05 02:55:28.619522+00:00
vayde247.net,AVAILABILITY,origin.list,2026-10-05 02:55:31.193843+00:00
vayasieutoc.com,AVAILABILITY,origin.list,2026-10-05 02:55:34.920357+00:00
vaylien88.com,AVAILABILITY,origin.list,2026-10-05 02:55:37.101424+00:00
vaydaiphat.com,AVAILABILITY,origin.list,2026-10-05 02:55:42.999095+00:00
tindung-vietcombank.info,AVAILABILITY,origin.list,2026-10-05 02:55:47.715848+00:00
vaynganhanglaisuatthap.com,AVAILABILITY,origin.list,2026-10-05 02:55:48.858168+00:00
uudaikhachhang-tructuyen-the.com.vn,AVAILABILITY,origin.list,2026-10-05 02:55:53.881828+00:00
vaylientay79.com,AVAILABILITY,origin.list,2026-10-05 02:55:55.056817+00:00
vay247.xyz,AVAILABILITY,origin.list,2026-10-05 02:56:00.007487+00:00
vayhappy.com,AVAILABILITY,origin.list,2026-10-05 02:56:06.003661+00:00
tongdaitruyenhinhcap.info,AVAILABILITY,origin.list,2026-10-05 02:56:07.341872+00:00
vaymbbank.com,AVAILABILITY,origin.list,2026-10-05 02:56:13.280728+00:00
vanmay.win,AVAILABILITY,origin.list,2026-10-05 02:56:13.625339+00:00
vaycreditone.fun,AVAILABILITY,origin.list,2026-10-05 02:56:19.287622+00:00
uudaikhachhang-chamsocthetructuyen.com.vn,AVAILABILITY,origin.list,2026-10-05 02:56:19.793077+00:00
vaynganhangshinhan.com,AVAILABILITY,origin.list,2026-10-05 02:56:25.214740+00:00
vaynganhangvn.com,AVAILABILITY,origin.list,2026-10-05 02:56:25.621153+00:00
vay247h.vn,AVAILABILITY,origin.list,2026-10-05 02:56:31.534347+00:00
vaynganhang-techcombank.xyz,AVAILABILITY,origin.list,2026-10-05 02:56:31.805510+00:00
vayngay247.com,AVAILABILITY,origin.list,2026-10-05 02:56:37.357176+00:00
vaynhanhhoangphuc.com,AVAILABILITY,origin.list,2026-10-05 02:56:37.724996+00:00
vaynhanh-techcombank.com,AVAILABILITY,origin.list,2026-10-05 02:56:43.205788+00:00
uudaikhachhang-tructuyen.com.vn,AVAILABILITY,origin.list,2026-10-05 02:56:43.689202+00:00
vaygap365.online,AVAILABILITY,origin.list,2026-10-05 02:56:49.747354+00:00
sieukhuyenmaii2023.shop,AVAILABILITY,origin.list,2026-10-05 02:57:00.931364+00:00
starbucksthai.shop,AVAILABILITY,origin.list,2026-10-05 02:57:02.295305+00:00
vay24h.click,AVAILABILITY,origin.list,2026-10-05 02:57:06.973951+00:00
vaynewtech.online,AVAILABILITY,origin.list,2026-10-05 02:57:08.200243+00:00
vaynhanh-doctordong.com,AVAILABILITY,origin.list,2026-10-05 02:57:13.046619+00:00
vaynhanh247-doctordong.com,AVAILABILITY,origin.list,2026-10-05 02:57:14.095147+00:00
vaygap.store,AVAILABILITY,origin.list,2026-10-05 02:57:19.565705+00:00
vayagribank.online,AVAILABILITY,origin.list,2026-10-05 02:57:20.007146+00:00
vaynganhangagribank.xyz,AVAILABILITY,origin.list,2026-10-05 02:57:25.681190+00:00
vaynganhangshinhan.online,AVAILABILITY,origin.list,2026-10-05 02:57:25.959730+00:00
vaynhanhtienmat.com,AVAILABILITY,origin.list,2026-10-05 02:57:31.577947+00:00
vaynhanh5p.click,AVAILABILITY,origin.list,2026-10-05 02:57:31.872280+00:00
vaynhanhmb.com,AVAILABILITY,origin.list,2026-10-05 02:57:37.474870+00:00
vayshinhanbanks.com,AVAILABILITY,origin.list,2026-10-05 02:57:37.724758+00:00
vayonlinesacombank.com,AVAILABILITY,origin.list,2026-10-05 02:57:43.334627+00:00
vaynganhangvcb.online,AVAILABILITY,origin.list,2026-10-05 02:57:43.652688+00:00
vayqualuong.com,AVAILABILITY,origin.list,2026-10-05 02:57:49.589971+00:00
vay-vietcombank.com.vn,AVAILABILITY,origin.list,2026-10-05 02:57:49.668680+00:00
vaynhanh3t.online,AVAILABILITY,origin.list,2026-10-05 02:57:55.592433+00:00
vaysieuttoc.com,AVAILABILITY,origin.list,2026-10-05 02:57:55.654676+00:00
vaycucde.vn,AVAILABILITY,origin.list,2026-10-05 02:58:01.633287+00:00
uudauthekhachhanh-tructuyen-thang10.com.vn,AVAILABILITY,origin.list,2026-10-05 02:58:01.784128+00:00
vayssieutoc.com,AVAILABILITY,origin.list,2026-10-05 02:58:07.448441+00:00
vaynganhang.world,AVAILABILITY,origin.list,2026-10-05 02:58:07.553611+00:00
vayqualuongshinhan.com,AVAILABILITY,origin.list,2026-10-05 02:58:13.340813+00:00
vaysieuutoc.com,AVAILABILITY,origin.list,2026-10-05 02:58:13.481380+00:00
vaythechapsodo-vcb.com,AVAILABILITY,origin.list,2026-10-05 02:58:19.237527+00:00
vaynong123.online,AVAILABILITY,origin.list,2026-10-05 02:58:19.398103+00:00
vaythechap-bidv.com,AVAILABILITY,origin.list,2026-10-05 02:58:25.116665+00:00
vaytien24gio.com,AVAILABILITY,origin.list,2026-10-05 02:58:25.277179+00:00
vaytiendailoan.com,AVAILABILITY,origin.list,2026-10-05 02:58:30.999207+00:00
txclmomo.club,AVAILABILITY,origin.list,2026-10-05 02:58:33.243097+00:00
vaynhanhmsb.site,AVAILABILITY,origin.list,2026-10-05 02:58:36.962824+00:00
vaytien3.com,AVAILABILITY,origin.list,2026-10-05 02:58:39.069171+00:00
vaytheoluong-techcombank360.online,AVAILABILITY,origin.list,2026-10-05 02:58:42.972598+00:00
twshopeee.top,AVAILABILITY,origin.list,2026-10-05 02:58:45.589226+00:00
vaythinhvuong.net,AVAILABILITY,origin.list,2026-10-05 02:58:48.829279+00:00
vaytheoluongtechcombank.online,AVAILABILITY,origin.list,2026-10-05 02:58:54.784430+00:00
shoppe51.vip,AVAILABILITY,origin.list,2026-10-05 02:59:23.774067+00:00
vaytien1click.online,AVAILABILITY,origin.list,2026-10-05 02:59:30.153705+00:00
vaynhanhh.xyz,AVAILABILITY,origin.list,2026-10-05 02:59:36.474425+00:00
vaytien-techcombank.online,AVAILABILITY,origin.list,2026-10-05 02:59:42.661967+00:00
hotrovaynganhang.com,AVAILABILITY,origin.list,2026-10-05 02:59:52.608866+00:00
vaytiennhanh-shinhan.com,AVAILABILITY,origin.list,2026-10-05 02:59:58.778580+00:00
sindtex.shop,AVAILABILITY,origin.list,2026-10-05 03:00:00.915953+00:00
vaytien-sacombank.xyz,AVAILABILITY,origin.list,2026-10-05 03:00:05.130482+00:00
vaytien7s.site,AVAILABILITY,origin.list,2026-10-05 03:00:07.064811+00:00
vaytienmsb.net,AVAILABILITY,origin.list,2026-10-05 03:00:11.235879+00:00
vaynhanhpro.vn,AVAILABILITY,origin.list,2026-10-05 03:00:13.270577+00:00
vaytien9s.online,AVAILABILITY,origin.list,2026-10-05 03:00:19.188663+00:00
vaytiendoctordong.com,AVAILABILITY,origin.list,2026-10-05 03:00:25.149593+00:00
vaytienlaisuatthap.space,AVAILABILITY,origin.list,2026-10-05 03:00:31.146157+00:00
uyban.club,AVAILABILITY,origin.list,2026-10-05 03:00:42.080941+00:00
shoppe78.vip,AVAILABILITY,origin.list,2026-10-05 03:00:50.455571+00:00
tranphongnam.tangtuongtac.work,AVAILABILITY,origin.list,2026-10-05 03:00:54.325396+00:00
vaytiennhanh1phut.space,AVAILABILITY,origin.list,2026-10-05 03:00:56.391363+00:00
vaytienduyetnhanh.space,AVAILABILITY,origin.list,2026-10-05 03:01:00.424381+00:00
vaytiennhanh247.space,AVAILABILITY,origin.list,2026-10-05 03:01:02.355852+00:00
vaynhanhshinhanbank.vn,AVAILABILITY,origin.list,2026-10-05 03:01:06.431241+00:00
vaytiennhanh24h.site,AVAILABILITY,origin.list,2026-10-05 03:01:12.476312+00:00
vaytienngay.site,AVAILABILITY,origin.list,2026-10-05 03:01:18.384473+00:00
vaytienonline30s.com,AVAILABILITY,origin.list,2026-10-05 03:01:24.280229+00:00
vaytienmttnhanh247.com,AVAILABILITY,origin.list,2026-10-05 03:01:30.321206+00:00
shoppe53.vip,AVAILABILITY,origin.list,2026-10-05 03:01:33.286582+00:00
vaytienvpbank.com,AVAILABILITY,origin.list,2026-10-05 03:01:36.205260+00:00
vaytiennhanh30.online,AVAILABILITY,origin.list,2026-10-05 03:01:39.230323+00:00
vaytiennhanh5phut.online,AVAILABILITY,origin.list,2026-10-05 03:01:42.175655+00:00
vaytienonlinetrongngay.com,AVAILABILITY,origin.list,2026-10-05 03:01:45.443712+00:00
vaytieudung-shinhan.com,AVAILABILITY,origin.list,2026-10-05 03:01:48.174756+00:00
vaytien365.online,AVAILABILITY,origin.list,2026-10-05 03:01:51.387667+00:00
vaytienonline247.online,AVAILABILITY,origin.list,2026-10-05 03:01:54.065252+00:00
vaytieudungvpcredit.com,AVAILABILITY,origin.list,2026-10-05 03:01:57.299235+00:00
vaytiennhanh1phut.site,AVAILABILITY,origin.list,2026-10-05 03:01:59.990732+00:00
vaytieudungtinchaptpbank.com,AVAILABILITY,origin.list,2026-10-05 03:02:05.913214+00:00
spark123.shop,AVAILABILITY,origin.list,2026-10-05 03:02:27.047267+00:00
vaytieudung-vietinbank.com,AVAILABILITY,origin.list,2026-10-05 03:02:32.978130+00:00
shoppe79.vip,AVAILABILITY,origin.list,2026-10-05 03:02:33.433682+00:00
vaytiennhanh5p.online,AVAILABILITY,origin.list,2026-10-05 03:02:38.890938+00:00
